--
-- PostgreSQL database dump
--

\restrict YNRAFZdPhXqtLHVjdE0k9XqJs2jn83G3EpRZdrfSyhDepjffVjzSxBdb24Q4nVW

-- Dumped from database version 18.1
-- Dumped by pg_dump version 18.1

SET statement_timeout = 0;
SET lock_timeout = 0;
SET idle_in_transaction_session_timeout = 0;
SET transaction_timeout = 0;
SET client_encoding = 'UTF8';
SET standard_conforming_strings = on;
SELECT pg_catalog.set_config('search_path', '', false);
SET check_function_bodies = false;
SET xmloption = content;
SET client_min_messages = warning;
SET row_security = off;

--
-- Name: public; Type: SCHEMA; Schema: -; Owner: postgres
--

-- *not* creating schema, since initdb creates it


ALTER SCHEMA public OWNER TO postgres;

--
-- Name: SCHEMA public; Type: COMMENT; Schema: -; Owner: postgres
--

COMMENT ON SCHEMA public IS '';


SET default_tablespace = '';

SET default_table_access_method = heap;

--
-- Name: AI_Agent; Type: TABLE; Schema: public; Owner: postgres
--

CREATE TABLE public."AI_Agent" (
    "AgentID" integer NOT NULL,
    "AgentName" character varying(50) NOT NULL,
    "AgentType" character varying(50) NOT NULL,
    "API_Key" text,
    "Version" character varying(50) NOT NULL,
    "SystemInstruction" text NOT NULL,
    "IsActive" boolean NOT NULL,
    "TeacherID" integer
);


ALTER TABLE public."AI_Agent" OWNER TO postgres;

--
-- Name: AI_Agent_AgentID_seq; Type: SEQUENCE; Schema: public; Owner: postgres
--

ALTER TABLE public."AI_Agent" ALTER COLUMN "AgentID" ADD GENERATED BY DEFAULT AS IDENTITY (
    SEQUENCE NAME public."AI_Agent_AgentID_seq"
    START WITH 1
    INCREMENT BY 1
    NO MINVALUE
    NO MAXVALUE
    CACHE 1
);


--
-- Name: AI_Interaction; Type: TABLE; Schema: public; Owner: postgres
--

CREATE TABLE public."AI_Interaction" (
    "InteractionID" integer NOT NULL,
    "ChildQuery" text NOT NULL,
    "AI_Response" text NOT NULL,
    "InteractionTime" timestamp with time zone NOT NULL,
    "SessionID" integer NOT NULL
);


ALTER TABLE public."AI_Interaction" OWNER TO postgres;

--
-- Name: AI_Interaction_InteractionID_seq; Type: SEQUENCE; Schema: public; Owner: postgres
--

ALTER TABLE public."AI_Interaction" ALTER COLUMN "InteractionID" ADD GENERATED BY DEFAULT AS IDENTITY (
    SEQUENCE NAME public."AI_Interaction_InteractionID_seq"
    START WITH 1
    INCREMENT BY 1
    NO MINVALUE
    NO MAXVALUE
    CACHE 1
);


--
-- Name: ActivityGrade; Type: TABLE; Schema: public; Owner: postgres
--

CREATE TABLE public."ActivityGrade" (
    activity_id integer NOT NULL,
    "ActivityName" character varying(200) NOT NULL,
    "MaxScore" numeric(6,2) NOT NULL,
    "StudentScore" numeric(6,2) NOT NULL,
    "TeacherNote" text NOT NULL,
    "VisibleTo" character varying(20) NOT NULL,
    "CreatedAt" timestamp with time zone NOT NULL,
    "UpdatedAt" timestamp with time zone NOT NULL,
    "StudentID" integer NOT NULL,
    "SubjectID" integer NOT NULL,
    "TeacherID" integer NOT NULL
);


ALTER TABLE public."ActivityGrade" OWNER TO postgres;

--
-- Name: ActivityGrade_activity_id_seq; Type: SEQUENCE; Schema: public; Owner: postgres
--

ALTER TABLE public."ActivityGrade" ALTER COLUMN activity_id ADD GENERATED BY DEFAULT AS IDENTITY (
    SEQUENCE NAME public."ActivityGrade_activity_id_seq"
    START WITH 1
    INCREMENT BY 1
    NO MINVALUE
    NO MAXVALUE
    CACHE 1
);


--
-- Name: AttentionLog; Type: TABLE; Schema: public; Owner: postgres
--

CREATE TABLE public."AttentionLog" (
    "LogID" integer NOT NULL,
    "LogTime" timestamp with time zone NOT NULL,
    "FocusPercentage" numeric(5,2) NOT NULL,
    "IsDistracted" boolean NOT NULL,
    "ActionTaken" character varying(100),
    "SessionID" integer NOT NULL
);


ALTER TABLE public."AttentionLog" OWNER TO postgres;

--
-- Name: AttentionLog_LogID_seq; Type: SEQUENCE; Schema: public; Owner: postgres
--

ALTER TABLE public."AttentionLog" ALTER COLUMN "LogID" ADD GENERATED BY DEFAULT AS IDENTITY (
    SEQUENCE NAME public."AttentionLog_LogID_seq"
    START WITH 1
    INCREMENT BY 1
    NO MINVALUE
    NO MAXVALUE
    CACHE 1
);


--
-- Name: Checkpoint; Type: TABLE; Schema: public; Owner: postgres
--

CREATE TABLE public."Checkpoint" (
    "CheckpointID" integer NOT NULL,
    "ParagraphIndex" integer,
    "Question" character varying(500) NOT NULL,
    "OptionA" character varying(300) NOT NULL,
    "OptionB" character varying(300) NOT NULL,
    "CorrectAnswer" character varying(10) NOT NULL,
    "CreatedAt" timestamp with time zone NOT NULL,
    "UpdatedAt" timestamp with time zone NOT NULL,
    "LessonID" integer NOT NULL,
    "CheckpointType" character varying(20) NOT NULL,
    "ContentType" character varying(10) NOT NULL,
    "EngagementThreshold" double precision NOT NULL,
    "MandatoryFrequency" integer NOT NULL,
    "OptionC" character varying(300),
    "OptionD" character varying(300),
    "VideoTimestamp" double precision,
    "DisplayType" character varying(20) NOT NULL,
    "VideoTimestampPercentage" double precision
);


ALTER TABLE public."Checkpoint" OWNER TO postgres;

--
-- Name: Checkpoint_CheckpointID_seq; Type: SEQUENCE; Schema: public; Owner: postgres
--

ALTER TABLE public."Checkpoint" ALTER COLUMN "CheckpointID" ADD GENERATED BY DEFAULT AS IDENTITY (
    SEQUENCE NAME public."Checkpoint_CheckpointID_seq"
    START WITH 1
    INCREMENT BY 1
    NO MINVALUE
    NO MAXVALUE
    CACHE 1
);


--
-- Name: Class; Type: TABLE; Schema: public; Owner: postgres
--

CREATE TABLE public."Class" (
    "ClassID" integer NOT NULL,
    "ClassName" character varying(50) NOT NULL,
    "TeacherID" integer
);


ALTER TABLE public."Class" OWNER TO postgres;

--
-- Name: Class_ClassID_seq; Type: SEQUENCE; Schema: public; Owner: postgres
--

ALTER TABLE public."Class" ALTER COLUMN "ClassID" ADD GENERATED BY DEFAULT AS IDENTITY (
    SEQUENCE NAME public."Class_ClassID_seq"
    START WITH 1
    INCREMENT BY 1
    NO MINVALUE
    NO MAXVALUE
    CACHE 1
);


--
-- Name: Conversation; Type: TABLE; Schema: public; Owner: postgres
--

CREATE TABLE public."Conversation" (
    id bigint NOT NULL,
    created_at timestamp with time zone NOT NULL,
    updated_at timestamp with time zone NOT NULL,
    participant_1_id integer NOT NULL,
    participant_2_id integer NOT NULL
);


ALTER TABLE public."Conversation" OWNER TO postgres;

--
-- Name: Conversation_id_seq; Type: SEQUENCE; Schema: public; Owner: postgres
--

ALTER TABLE public."Conversation" ALTER COLUMN id ADD GENERATED BY DEFAULT AS IDENTITY (
    SEQUENCE NAME public."Conversation_id_seq"
    START WITH 1
    INCREMENT BY 1
    NO MINVALUE
    NO MAXVALUE
    CACHE 1
);


--
-- Name: GradeOverride; Type: TABLE; Schema: public; Owner: postgres
--

CREATE TABLE public."GradeOverride" (
    override_id integer NOT NULL,
    "AdjustedScore" numeric(6,2) NOT NULL,
    "Reason" text NOT NULL,
    "TeacherNote" text NOT NULL,
    "VisibleTo" character varying(20) NOT NULL,
    "CreatedAt" timestamp with time zone NOT NULL,
    "UpdatedAt" timestamp with time zone NOT NULL,
    "AttemptID" integer NOT NULL,
    "TeacherID" integer NOT NULL
);


ALTER TABLE public."GradeOverride" OWNER TO postgres;

--
-- Name: GradeOverride_override_id_seq; Type: SEQUENCE; Schema: public; Owner: postgres
--

ALTER TABLE public."GradeOverride" ALTER COLUMN override_id ADD GENERATED BY DEFAULT AS IDENTITY (
    SEQUENCE NAME public."GradeOverride_override_id_seq"
    START WITH 1
    INCREMENT BY 1
    NO MINVALUE
    NO MAXVALUE
    CACHE 1
);


--
-- Name: LearningSession; Type: TABLE; Schema: public; Owner: postgres
--

CREATE TABLE public."LearningSession" (
    "SessionID" integer NOT NULL,
    "StartTime" timestamp with time zone NOT NULL,
    "EndTime" timestamp with time zone,
    "SessionStatus" character varying(20) NOT NULL,
    "Duration" interval,
    "AvgFocusScore" numeric(5,2),
    "LessonID" integer NOT NULL,
    "StudentID" integer NOT NULL,
    is_watched boolean NOT NULL
);


ALTER TABLE public."LearningSession" OWNER TO postgres;

--
-- Name: LearningSession_SessionID_seq; Type: SEQUENCE; Schema: public; Owner: postgres
--

ALTER TABLE public."LearningSession" ALTER COLUMN "SessionID" ADD GENERATED BY DEFAULT AS IDENTITY (
    SEQUENCE NAME public."LearningSession_SessionID_seq"
    START WITH 1
    INCREMENT BY 1
    NO MINVALUE
    NO MAXVALUE
    CACHE 1
);


--
-- Name: LearningState; Type: TABLE; Schema: public; Owner: postgres
--

CREATE TABLE public."LearningState" (
    "StateID" integer NOT NULL,
    "BehavioralEngagementScore" double precision NOT NULL,
    "LearningStateProbability" double precision NOT NULL,
    "CognitiveConnectionScore" double precision NOT NULL,
    "CognitiveLoad" character varying(20) NOT NULL,
    "TemporalTrend" character varying(20) NOT NULL,
    "TimeWindowStart" timestamp with time zone NOT NULL,
    "TimeWindowEnd" timestamp with time zone NOT NULL,
    "AttentionSamplesCount" integer NOT NULL,
    "CheckpointAnswersCount" integer NOT NULL,
    "CreatedAt" timestamp with time zone NOT NULL,
    "SessionID" integer NOT NULL,
    "StudentID" integer NOT NULL
);


ALTER TABLE public."LearningState" OWNER TO postgres;

--
-- Name: LearningStateSnapshot; Type: TABLE; Schema: public; Owner: postgres
--

CREATE TABLE public."LearningStateSnapshot" (
    "SnapshotID" integer NOT NULL,
    "CurrentAttentionScore" double precision NOT NULL,
    "CurrentLearningState" double precision NOT NULL,
    "HeadYaw" double precision,
    "HeadPitch" double precision,
    "HeadRoll" double precision,
    "GazeHorizontal" double precision,
    "GazeVertical" double precision,
    "IsLookingAway" boolean NOT NULL,
    "EARValue" double precision,
    "IsDrowsy" boolean NOT NULL,
    "SnapshotTime" timestamp with time zone NOT NULL,
    "SessionID" integer NOT NULL,
    "StudentID" integer NOT NULL
);


ALTER TABLE public."LearningStateSnapshot" OWNER TO postgres;

--
-- Name: LearningStateSnapshot_SnapshotID_seq; Type: SEQUENCE; Schema: public; Owner: postgres
--

ALTER TABLE public."LearningStateSnapshot" ALTER COLUMN "SnapshotID" ADD GENERATED BY DEFAULT AS IDENTITY (
    SEQUENCE NAME public."LearningStateSnapshot_SnapshotID_seq"
    START WITH 1
    INCREMENT BY 1
    NO MINVALUE
    NO MAXVALUE
    CACHE 1
);


--
-- Name: LearningState_StateID_seq; Type: SEQUENCE; Schema: public; Owner: postgres
--

ALTER TABLE public."LearningState" ALTER COLUMN "StateID" ADD GENERATED BY DEFAULT AS IDENTITY (
    SEQUENCE NAME public."LearningState_StateID_seq"
    START WITH 1
    INCREMENT BY 1
    NO MINVALUE
    NO MAXVALUE
    CACHE 1
);


--
-- Name: LessonCheckpoint; Type: TABLE; Schema: public; Owner: postgres
--

CREATE TABLE public."LessonCheckpoint" (
    "CheckpointID" integer NOT NULL,
    "ParagraphIndex" integer NOT NULL,
    "QuestionText" character varying(400) NOT NULL,
    "OptionA" character varying(200) NOT NULL,
    "OptionB" character varying(200) NOT NULL,
    "CorrectOption" character varying(1) NOT NULL,
    "IsActive" boolean NOT NULL,
    "CreatedAt" timestamp with time zone NOT NULL,
    "UpdatedAt" timestamp with time zone NOT NULL,
    "LessonID" integer NOT NULL,
    CONSTRAINT "LessonCheckpoint_ParagraphIndex_check" CHECK (("ParagraphIndex" >= 0))
);


ALTER TABLE public."LessonCheckpoint" OWNER TO postgres;

--
-- Name: LessonCheckpoint_CheckpointID_seq; Type: SEQUENCE; Schema: public; Owner: postgres
--

ALTER TABLE public."LessonCheckpoint" ALTER COLUMN "CheckpointID" ADD GENERATED BY DEFAULT AS IDENTITY (
    SEQUENCE NAME public."LessonCheckpoint_CheckpointID_seq"
    START WITH 1
    INCREMENT BY 1
    NO MINVALUE
    NO MAXVALUE
    CACHE 1
);


--
-- Name: LessonContent; Type: TABLE; Schema: public; Owner: postgres
--

CREATE TABLE public."LessonContent" (
    "LessonID" integer NOT NULL,
    "OriginalText" text NOT NULL,
    "AI_VisualPath" text,
    "AI_AudioPath" text,
    "AI_GeneratedText" text,
    "ComplexityLevel" character varying(10) NOT NULL,
    "CreatedAt" timestamp with time zone NOT NULL,
    "Status" character varying(10) NOT NULL,
    "AgentID" integer,
    "SubjectID" integer NOT NULL,
    "TeacherID" integer NOT NULL,
    "LessonTitle" character varying(200) NOT NULL,
    "AI_VideoPath" text,
    "DifficultyLevel" character varying(20) NOT NULL,
    "LearningStyle" character varying(30) NOT NULL,
    "ParaImgMapping" jsonb NOT NULL,
    "TargetAgeGroup" integer,
    simplified_content text,
    "ContentUpdatedAt" timestamp with time zone,
    video_file character varying(100),
    video_title character varying(200),
    video_published boolean DEFAULT false NOT NULL
);


ALTER TABLE public."LessonContent" OWNER TO postgres;

--
-- Name: LessonContent_LessonID_seq; Type: SEQUENCE; Schema: public; Owner: postgres
--

ALTER TABLE public."LessonContent" ALTER COLUMN "LessonID" ADD GENERATED BY DEFAULT AS IDENTITY (
    SEQUENCE NAME public."LessonContent_LessonID_seq"
    START WITH 1
    INCREMENT BY 1
    NO MINVALUE
    NO MAXVALUE
    CACHE 1
);


--
-- Name: Message; Type: TABLE; Schema: public; Owner: postgres
--

CREATE TABLE public."Message" (
    id bigint NOT NULL,
    body text NOT NULL,
    is_read boolean NOT NULL,
    sent_at timestamp with time zone NOT NULL,
    conversation_id bigint NOT NULL,
    sender_id integer NOT NULL
);


ALTER TABLE public."Message" OWNER TO postgres;

--
-- Name: Message_id_seq; Type: SEQUENCE; Schema: public; Owner: postgres
--

ALTER TABLE public."Message" ALTER COLUMN id ADD GENERATED BY DEFAULT AS IDENTITY (
    SEQUENCE NAME public."Message_id_seq"
    START WITH 1
    INCREMENT BY 1
    NO MINVALUE
    NO MAXVALUE
    CACHE 1
);


--
-- Name: Notification; Type: TABLE; Schema: public; Owner: postgres
--

CREATE TABLE public."Notification" (
    notif_id integer NOT NULL,
    "NotifType" character varying(20) NOT NULL,
    "Title" character varying(200) NOT NULL,
    "Body" text NOT NULL,
    "IsRead" boolean NOT NULL,
    "CreatedAt" timestamp with time zone NOT NULL,
    "LessonID" integer,
    "RecipientID" integer NOT NULL,
    "TestID" integer
);


ALTER TABLE public."Notification" OWNER TO postgres;

--
-- Name: Notification_notif_id_seq; Type: SEQUENCE; Schema: public; Owner: postgres
--

ALTER TABLE public."Notification" ALTER COLUMN notif_id ADD GENERATED BY DEFAULT AS IDENTITY (
    SEQUENCE NAME public."Notification_notif_id_seq"
    START WITH 1
    INCREMENT BY 1
    NO MINVALUE
    NO MAXVALUE
    CACHE 1
);


--
-- Name: Parent; Type: TABLE; Schema: public; Owner: postgres
--

CREATE TABLE public."Parent" (
    "ParentID" integer NOT NULL,
    "UserID" integer NOT NULL,
    "ChildID" integer,
    "Gender" character varying(1) NOT NULL
);


ALTER TABLE public."Parent" OWNER TO postgres;

--
-- Name: Parent_ParentID_seq; Type: SEQUENCE; Schema: public; Owner: postgres
--

ALTER TABLE public."Parent" ALTER COLUMN "ParentID" ADD GENERATED BY DEFAULT AS IDENTITY (
    SEQUENCE NAME public."Parent_ParentID_seq"
    START WITH 1
    INCREMENT BY 1
    NO MINVALUE
    NO MAXVALUE
    CACHE 1
);


--
-- Name: PerformanceReport; Type: TABLE; Schema: public; Owner: postgres
--

CREATE TABLE public."PerformanceReport" (
    "ReportID" integer NOT NULL,
    "AvgAttentionScore" double precision NOT NULL,
    "TestScore" integer NOT NULL,
    "TotalTimeSpent" integer NOT NULL,
    "TeacherComments" text,
    "ReportDate" timestamp with time zone NOT NULL,
    "LessonID" integer NOT NULL,
    "StudentID" integer NOT NULL
);


ALTER TABLE public."PerformanceReport" OWNER TO postgres;

--
-- Name: PerformanceReport_ReportID_seq; Type: SEQUENCE; Schema: public; Owner: postgres
--

ALTER TABLE public."PerformanceReport" ALTER COLUMN "ReportID" ADD GENERATED BY DEFAULT AS IDENTITY (
    SEQUENCE NAME public."PerformanceReport_ReportID_seq"
    START WITH 1
    INCREMENT BY 1
    NO MINVALUE
    NO MAXVALUE
    CACHE 1
);


--
-- Name: Question; Type: TABLE; Schema: public; Owner: postgres
--

CREATE TABLE public."Question" (
    "QuestionID" integer NOT NULL,
    "QuestionText" character varying(400) NOT NULL,
    "OptionA" character varying(300) NOT NULL,
    "OptionB" character varying(300) NOT NULL,
    "OptionC" character varying(300),
    "OptionD" character varying(300),
    "CorrectAnswer" character varying(300) NOT NULL,
    "Points" integer NOT NULL,
    "TestID" integer NOT NULL
);


ALTER TABLE public."Question" OWNER TO postgres;

--
-- Name: Question_QuestionID_seq; Type: SEQUENCE; Schema: public; Owner: postgres
--

ALTER TABLE public."Question" ALTER COLUMN "QuestionID" ADD GENERATED BY DEFAULT AS IDENTITY (
    SEQUENCE NAME public."Question_QuestionID_seq"
    START WITH 1
    INCREMENT BY 1
    NO MINVALUE
    NO MAXVALUE
    CACHE 1
);


--
-- Name: ScheduleEntry; Type: TABLE; Schema: public; Owner: postgres
--

CREATE TABLE public."ScheduleEntry" (
    entry_id integer NOT NULL,
    "EntryType" character varying(10) NOT NULL,
    "EntryDate" date NOT NULL,
    "StartTime" time without time zone NOT NULL,
    "EndTime" time without time zone NOT NULL,
    "Notes" character varying(300) NOT NULL,
    "CreatedAt" timestamp with time zone NOT NULL,
    "UpdatedAt" timestamp with time zone NOT NULL,
    "ClassID" integer NOT NULL,
    "SubjectID" integer NOT NULL,
    "TeacherID" integer NOT NULL,
    "OnlineLink" character varying(500)
);


ALTER TABLE public."ScheduleEntry" OWNER TO postgres;

--
-- Name: ScheduleEntry_entry_id_seq; Type: SEQUENCE; Schema: public; Owner: postgres
--

ALTER TABLE public."ScheduleEntry" ALTER COLUMN entry_id ADD GENERATED BY DEFAULT AS IDENTITY (
    SEQUENCE NAME public."ScheduleEntry_entry_id_seq"
    START WITH 1
    INCREMENT BY 1
    NO MINVALUE
    NO MAXVALUE
    CACHE 1
);


--
-- Name: Student; Type: TABLE; Schema: public; Owner: postgres
--

CREATE TABLE public."Student" (
    "StudentID" integer NOT NULL,
    "Age" integer NOT NULL,
    "CurrentFocusLevel" double precision,
    "ClassID" integer,
    "UserID" integer NOT NULL,
    "Chat_API_Key" character varying(500),
    "ChatsToday" integer NOT NULL,
    "DailyChatLimit" integer NOT NULL,
    "LastChatReset" date NOT NULL,
    directorate character varying(150) NOT NULL,
    address character varying(255),
    school_name character varying(255),
    "Student_Gemini_API_Key" character varying(500)
);


ALTER TABLE public."Student" OWNER TO postgres;

--
-- Name: StudentAnswer; Type: TABLE; Schema: public; Owner: postgres
--

CREATE TABLE public."StudentAnswer" (
    "AnswerID" integer NOT NULL,
    "SelectedOption" character varying(50) NOT NULL,
    "IsCorrect" boolean NOT NULL,
    "ResponseTimeSeconds" integer,
    "QuestionID" integer NOT NULL,
    "AttemptID" integer NOT NULL
);


ALTER TABLE public."StudentAnswer" OWNER TO postgres;

--
-- Name: StudentAnswer_AnswerID_seq; Type: SEQUENCE; Schema: public; Owner: postgres
--

ALTER TABLE public."StudentAnswer" ALTER COLUMN "AnswerID" ADD GENERATED BY DEFAULT AS IDENTITY (
    SEQUENCE NAME public."StudentAnswer_AnswerID_seq"
    START WITH 1
    INCREMENT BY 1
    NO MINVALUE
    NO MAXVALUE
    CACHE 1
);


--
-- Name: StudentCheckpointAnswer; Type: TABLE; Schema: public; Owner: postgres
--

CREATE TABLE public."StudentCheckpointAnswer" (
    "AnswerID" integer NOT NULL,
    "SelectedAnswer" character varying(10) NOT NULL,
    "AnsweredAt" timestamp with time zone NOT NULL,
    "CheckpointID" integer NOT NULL,
    "SessionID" integer,
    "StudentID" integer NOT NULL,
    "ResponseTime" double precision,
    "CognitiveConnectionState" character varying(20) NOT NULL,
    "CurrentParagraphIndex" integer,
    "CurrentVideoPosition" double precision,
    "IsCorrect" boolean NOT NULL,
    "SupportInterventionTriggered" boolean NOT NULL
);


ALTER TABLE public."StudentCheckpointAnswer" OWNER TO postgres;

--
-- Name: StudentCheckpointAnswer_AnswerID_seq; Type: SEQUENCE; Schema: public; Owner: postgres
--

ALTER TABLE public."StudentCheckpointAnswer" ALTER COLUMN "AnswerID" ADD GENERATED BY DEFAULT AS IDENTITY (
    SEQUENCE NAME public."StudentCheckpointAnswer_AnswerID_seq"
    START WITH 1
    INCREMENT BY 1
    NO MINVALUE
    NO MAXVALUE
    CACHE 1
);


--
-- Name: StudentCheckpointResponse; Type: TABLE; Schema: public; Owner: postgres
--

CREATE TABLE public."StudentCheckpointResponse" (
    "ResponseID" integer NOT NULL,
    "ParagraphIndex" integer NOT NULL,
    "SelectedOption" character varying(1) NOT NULL,
    "IsCorrect" boolean,
    "ResponseTimeSeconds" double precision,
    "AnsweredAt" timestamp with time zone NOT NULL,
    "CheckpointID" integer NOT NULL,
    "LessonID" integer NOT NULL,
    "SessionID" integer,
    "StudentID" integer NOT NULL,
    CONSTRAINT "StudentCheckpointResponse_ParagraphIndex_check" CHECK (("ParagraphIndex" >= 0))
);


ALTER TABLE public."StudentCheckpointResponse" OWNER TO postgres;

--
-- Name: StudentCheckpointResponse_ResponseID_seq; Type: SEQUENCE; Schema: public; Owner: postgres
--

ALTER TABLE public."StudentCheckpointResponse" ALTER COLUMN "ResponseID" ADD GENERATED BY DEFAULT AS IDENTITY (
    SEQUENCE NAME public."StudentCheckpointResponse_ResponseID_seq"
    START WITH 1
    INCREMENT BY 1
    NO MINVALUE
    NO MAXVALUE
    CACHE 1
);


--
-- Name: StudentTeacherAssignment; Type: TABLE; Schema: public; Owner: postgres
--

CREATE TABLE public."StudentTeacherAssignment" (
    "AssignmentID" integer NOT NULL,
    assigned_at timestamp with time zone NOT NULL,
    is_active boolean NOT NULL,
    "StudentID" integer NOT NULL,
    "TeacherID" integer NOT NULL,
    "ClassID" integer,
    "SubjectID" integer
);


ALTER TABLE public."StudentTeacherAssignment" OWNER TO postgres;

--
-- Name: StudentTeacherAssignment_AssignmentID_seq; Type: SEQUENCE; Schema: public; Owner: postgres
--

ALTER TABLE public."StudentTeacherAssignment" ALTER COLUMN "AssignmentID" ADD GENERATED BY DEFAULT AS IDENTITY (
    SEQUENCE NAME public."StudentTeacherAssignment_AssignmentID_seq"
    START WITH 1
    INCREMENT BY 1
    NO MINVALUE
    NO MAXVALUE
    CACHE 1
);


--
-- Name: StudentVRInteraction; Type: TABLE; Schema: public; Owner: postgres
--

CREATE TABLE public."StudentVRInteraction" (
    id bigint NOT NULL,
    "HasDownloadedAttachment" boolean NOT NULL,
    "HasExploredVR" boolean NOT NULL,
    "DownloadTimestamp" timestamp with time zone,
    "ExploreTimestamp" timestamp with time zone,
    "CreatedAt" timestamp with time zone NOT NULL,
    "UpdatedAt" timestamp with time zone NOT NULL,
    "StudentID" integer NOT NULL,
    "VRLessonID" integer NOT NULL
);


ALTER TABLE public."StudentVRInteraction" OWNER TO postgres;

--
-- Name: StudentVRInteraction_id_seq; Type: SEQUENCE; Schema: public; Owner: postgres
--

ALTER TABLE public."StudentVRInteraction" ALTER COLUMN id ADD GENERATED BY DEFAULT AS IDENTITY (
    SEQUENCE NAME public."StudentVRInteraction_id_seq"
    START WITH 1
    INCREMENT BY 1
    NO MINVALUE
    NO MAXVALUE
    CACHE 1
);


--
-- Name: Student_StudentID_seq; Type: SEQUENCE; Schema: public; Owner: postgres
--

ALTER TABLE public."Student" ALTER COLUMN "StudentID" ADD GENERATED BY DEFAULT AS IDENTITY (
    SEQUENCE NAME public."Student_StudentID_seq"
    START WITH 1
    INCREMENT BY 1
    NO MINVALUE
    NO MAXVALUE
    CACHE 1
);


--
-- Name: Subject; Type: TABLE; Schema: public; Owner: postgres
--

CREATE TABLE public."Subject" (
    "SubjectID" integer NOT NULL,
    "SubjectName" character varying(50) NOT NULL,
    "ClassID" integer,
    "TeacherID" integer NOT NULL
);


ALTER TABLE public."Subject" OWNER TO postgres;

--
-- Name: Subject_SubjectID_seq; Type: SEQUENCE; Schema: public; Owner: postgres
--

ALTER TABLE public."Subject" ALTER COLUMN "SubjectID" ADD GENERATED BY DEFAULT AS IDENTITY (
    SEQUENCE NAME public."Subject_SubjectID_seq"
    START WITH 1
    INCREMENT BY 1
    NO MINVALUE
    NO MAXVALUE
    CACHE 1
);


--
-- Name: Teacher; Type: TABLE; Schema: public; Owner: postgres
--

CREATE TABLE public."Teacher" (
    "TeacherID" integer NOT NULL,
    "Specialization" character varying(100) NOT NULL,
    "UserID" integer NOT NULL,
    "DailyLessonLimit" integer NOT NULL,
    "DailyVideoLimit" integer NOT NULL,
    "Gemini_API_Key" character varying(500),
    "LastResetDate" date NOT NULL,
    "LessonsToday" integer NOT NULL,
    "VideosToday" integer NOT NULL,
    "Directorate" character varying(100) NOT NULL,
    "DailyGeminiLimit" integer NOT NULL,
    "GeminiAttemptsToday" integer NOT NULL,
    "GeminiLastResetDate" date NOT NULL
);


ALTER TABLE public."Teacher" OWNER TO postgres;

--
-- Name: Teacher_TeacherID_seq; Type: SEQUENCE; Schema: public; Owner: postgres
--

ALTER TABLE public."Teacher" ALTER COLUMN "TeacherID" ADD GENERATED BY DEFAULT AS IDENTITY (
    SEQUENCE NAME public."Teacher_TeacherID_seq"
    START WITH 1
    INCREMENT BY 1
    NO MINVALUE
    NO MAXVALUE
    CACHE 1
);


--
-- Name: Teacher_assigned_classes; Type: TABLE; Schema: public; Owner: postgres
--

CREATE TABLE public."Teacher_assigned_classes" (
    id bigint NOT NULL,
    teacher_id integer NOT NULL,
    class_id integer NOT NULL
);


ALTER TABLE public."Teacher_assigned_classes" OWNER TO postgres;

--
-- Name: Teacher_assigned_classes_id_seq; Type: SEQUENCE; Schema: public; Owner: postgres
--

ALTER TABLE public."Teacher_assigned_classes" ALTER COLUMN id ADD GENERATED BY DEFAULT AS IDENTITY (
    SEQUENCE NAME public."Teacher_assigned_classes_id_seq"
    START WITH 1
    INCREMENT BY 1
    NO MINVALUE
    NO MAXVALUE
    CACHE 1
);


--
-- Name: Test; Type: TABLE; Schema: public; Owner: postgres
--

CREATE TABLE public."Test" (
    "TestID" integer NOT NULL,
    "TestTitle" character varying(100) NOT NULL,
    "TotalQuestions" integer NOT NULL,
    "DurationTaken" integer,
    "LessonID" integer,
    "TeacherID" integer NOT NULL,
    "SubjectID" integer
);


ALTER TABLE public."Test" OWNER TO postgres;

--
-- Name: TestAttempt; Type: TABLE; Schema: public; Owner: postgres
--

CREATE TABLE public."TestAttempt" (
    "AttemptID" integer NOT NULL,
    "Score" integer NOT NULL,
    "TeacherFeedback" text,
    "AttemptDate" timestamp with time zone NOT NULL,
    "DurationTaken" integer,
    "StudentID" integer NOT NULL,
    "TestID" integer NOT NULL
);


ALTER TABLE public."TestAttempt" OWNER TO postgres;

--
-- Name: TestAttempt_AttemptID_seq; Type: SEQUENCE; Schema: public; Owner: postgres
--

ALTER TABLE public."TestAttempt" ALTER COLUMN "AttemptID" ADD GENERATED BY DEFAULT AS IDENTITY (
    SEQUENCE NAME public."TestAttempt_AttemptID_seq"
    START WITH 1
    INCREMENT BY 1
    NO MINVALUE
    NO MAXVALUE
    CACHE 1
);


--
-- Name: Test_TestID_seq; Type: SEQUENCE; Schema: public; Owner: postgres
--

ALTER TABLE public."Test" ALTER COLUMN "TestID" ADD GENERATED BY DEFAULT AS IDENTITY (
    SEQUENCE NAME public."Test_TestID_seq"
    START WITH 1
    INCREMENT BY 1
    NO MINVALUE
    NO MAXVALUE
    CACHE 1
);


--
-- Name: User; Type: TABLE; Schema: public; Owner: postgres
--

CREATE TABLE public."User" (
    password character varying(128) NOT NULL,
    last_login timestamp with time zone,
    is_superuser boolean NOT NULL,
    "UserID" integer NOT NULL,
    "Username" character varying(50) NOT NULL,
    "FullName" character varying(100) NOT NULL,
    "Email" character varying(100) NOT NULL,
    "UserRole" character varying(50),
    "IdentityNumber" bigint,
    is_active boolean NOT NULL,
    is_staff boolean NOT NULL,
    avatar character varying(100),
    bio character varying(300) NOT NULL,
    "EmailVerificationCode" character varying(8),
    "EmailVerificationSentAt" timestamp with time zone,
    "IsEmailVerified" boolean NOT NULL
);


ALTER TABLE public."User" OWNER TO postgres;

--
-- Name: User_UserID_seq; Type: SEQUENCE; Schema: public; Owner: postgres
--

ALTER TABLE public."User" ALTER COLUMN "UserID" ADD GENERATED BY DEFAULT AS IDENTITY (
    SEQUENCE NAME public."User_UserID_seq"
    START WITH 1
    INCREMENT BY 1
    NO MINVALUE
    NO MAXVALUE
    CACHE 1
);


--
-- Name: User_groups; Type: TABLE; Schema: public; Owner: postgres
--

CREATE TABLE public."User_groups" (
    id bigint NOT NULL,
    user_id integer NOT NULL,
    group_id integer NOT NULL
);


ALTER TABLE public."User_groups" OWNER TO postgres;

--
-- Name: User_groups_id_seq; Type: SEQUENCE; Schema: public; Owner: postgres
--

ALTER TABLE public."User_groups" ALTER COLUMN id ADD GENERATED BY DEFAULT AS IDENTITY (
    SEQUENCE NAME public."User_groups_id_seq"
    START WITH 1
    INCREMENT BY 1
    NO MINVALUE
    NO MAXVALUE
    CACHE 1
);


--
-- Name: User_user_permissions; Type: TABLE; Schema: public; Owner: postgres
--

CREATE TABLE public."User_user_permissions" (
    id bigint NOT NULL,
    user_id integer NOT NULL,
    permission_id integer NOT NULL
);


ALTER TABLE public."User_user_permissions" OWNER TO postgres;

--
-- Name: User_user_permissions_id_seq; Type: SEQUENCE; Schema: public; Owner: postgres
--

ALTER TABLE public."User_user_permissions" ALTER COLUMN id ADD GENERATED BY DEFAULT AS IDENTITY (
    SEQUENCE NAME public."User_user_permissions_id_seq"
    START WITH 1
    INCREMENT BY 1
    NO MINVALUE
    NO MAXVALUE
    CACHE 1
);


--
-- Name: VRLesson; Type: TABLE; Schema: public; Owner: postgres
--

CREATE TABLE public."VRLesson" (
    "VR_ID" integer NOT NULL,
    "VR_URL" character varying(1000),
    "DesignPlatformURL" character varying(1000) NOT NULL,
    "IsPublished" boolean NOT NULL,
    "CreatedAt" timestamp with time zone NOT NULL,
    "UpdatedAt" timestamp with time zone NOT NULL,
    "ClassID" integer,
    "LessonID" integer NOT NULL,
    "SubjectID" integer,
    "TeacherID" integer NOT NULL,
    "VR_Attachment" character varying(100)
);


ALTER TABLE public."VRLesson" OWNER TO postgres;

--
-- Name: VRLesson_VR_ID_seq; Type: SEQUENCE; Schema: public; Owner: postgres
--

ALTER TABLE public."VRLesson" ALTER COLUMN "VR_ID" ADD GENERATED BY DEFAULT AS IDENTITY (
    SEQUENCE NAME public."VRLesson_VR_ID_seq"
    START WITH 1
    INCREMENT BY 1
    NO MINVALUE
    NO MAXVALUE
    CACHE 1
);


--
-- Name: auth_group; Type: TABLE; Schema: public; Owner: postgres
--

CREATE TABLE public.auth_group (
    id integer NOT NULL,
    name character varying(150) NOT NULL
);


ALTER TABLE public.auth_group OWNER TO postgres;

--
-- Name: auth_group_id_seq; Type: SEQUENCE; Schema: public; Owner: postgres
--

ALTER TABLE public.auth_group ALTER COLUMN id ADD GENERATED BY DEFAULT AS IDENTITY (
    SEQUENCE NAME public.auth_group_id_seq
    START WITH 1
    INCREMENT BY 1
    NO MINVALUE
    NO MAXVALUE
    CACHE 1
);


--
-- Name: auth_group_permissions; Type: TABLE; Schema: public; Owner: postgres
--

CREATE TABLE public.auth_group_permissions (
    id bigint NOT NULL,
    group_id integer NOT NULL,
    permission_id integer NOT NULL
);


ALTER TABLE public.auth_group_permissions OWNER TO postgres;

--
-- Name: auth_group_permissions_id_seq; Type: SEQUENCE; Schema: public; Owner: postgres
--

ALTER TABLE public.auth_group_permissions ALTER COLUMN id ADD GENERATED BY DEFAULT AS IDENTITY (
    SEQUENCE NAME public.auth_group_permissions_id_seq
    START WITH 1
    INCREMENT BY 1
    NO MINVALUE
    NO MAXVALUE
    CACHE 1
);


--
-- Name: auth_permission; Type: TABLE; Schema: public; Owner: postgres
--

CREATE TABLE public.auth_permission (
    id integer NOT NULL,
    name character varying(255) NOT NULL,
    content_type_id integer NOT NULL,
    codename character varying(100) NOT NULL
);


ALTER TABLE public.auth_permission OWNER TO postgres;

--
-- Name: auth_permission_id_seq; Type: SEQUENCE; Schema: public; Owner: postgres
--

ALTER TABLE public.auth_permission ALTER COLUMN id ADD GENERATED BY DEFAULT AS IDENTITY (
    SEQUENCE NAME public.auth_permission_id_seq
    START WITH 1
    INCREMENT BY 1
    NO MINVALUE
    NO MAXVALUE
    CACHE 1
);


--
-- Name: django_admin_log; Type: TABLE; Schema: public; Owner: postgres
--

CREATE TABLE public.django_admin_log (
    id integer NOT NULL,
    action_time timestamp with time zone NOT NULL,
    object_id text,
    object_repr character varying(200) NOT NULL,
    action_flag smallint NOT NULL,
    change_message text NOT NULL,
    content_type_id integer,
    user_id integer NOT NULL,
    CONSTRAINT django_admin_log_action_flag_check CHECK ((action_flag >= 0))
);


ALTER TABLE public.django_admin_log OWNER TO postgres;

--
-- Name: django_admin_log_id_seq; Type: SEQUENCE; Schema: public; Owner: postgres
--

ALTER TABLE public.django_admin_log ALTER COLUMN id ADD GENERATED BY DEFAULT AS IDENTITY (
    SEQUENCE NAME public.django_admin_log_id_seq
    START WITH 1
    INCREMENT BY 1
    NO MINVALUE
    NO MAXVALUE
    CACHE 1
);


--
-- Name: django_cache_table; Type: TABLE; Schema: public; Owner: postgres
--

CREATE TABLE public.django_cache_table (
    cache_key character varying(255) NOT NULL,
    value text NOT NULL,
    expires timestamp with time zone NOT NULL
);


ALTER TABLE public.django_cache_table OWNER TO postgres;

--
-- Name: django_content_type; Type: TABLE; Schema: public; Owner: postgres
--

CREATE TABLE public.django_content_type (
    id integer NOT NULL,
    app_label character varying(100) NOT NULL,
    model character varying(100) NOT NULL
);


ALTER TABLE public.django_content_type OWNER TO postgres;

--
-- Name: django_content_type_id_seq; Type: SEQUENCE; Schema: public; Owner: postgres
--

ALTER TABLE public.django_content_type ALTER COLUMN id ADD GENERATED BY DEFAULT AS IDENTITY (
    SEQUENCE NAME public.django_content_type_id_seq
    START WITH 1
    INCREMENT BY 1
    NO MINVALUE
    NO MAXVALUE
    CACHE 1
);


--
-- Name: django_migrations; Type: TABLE; Schema: public; Owner: postgres
--

CREATE TABLE public.django_migrations (
    id bigint NOT NULL,
    app character varying(255) NOT NULL,
    name character varying(255) NOT NULL,
    applied timestamp with time zone NOT NULL
);


ALTER TABLE public.django_migrations OWNER TO postgres;

--
-- Name: django_migrations_id_seq; Type: SEQUENCE; Schema: public; Owner: postgres
--

ALTER TABLE public.django_migrations ALTER COLUMN id ADD GENERATED BY DEFAULT AS IDENTITY (
    SEQUENCE NAME public.django_migrations_id_seq
    START WITH 1
    INCREMENT BY 1
    NO MINVALUE
    NO MAXVALUE
    CACHE 1
);


--
-- Name: django_session; Type: TABLE; Schema: public; Owner: postgres
--

CREATE TABLE public.django_session (
    session_key character varying(40) NOT NULL,
    session_data text NOT NULL,
    expire_date timestamp with time zone NOT NULL
);


ALTER TABLE public.django_session OWNER TO postgres;

--
-- Name: learning_lessonwatchrecord; Type: TABLE; Schema: public; Owner: postgres
--

CREATE TABLE public.learning_lessonwatchrecord (
    id bigint NOT NULL,
    watched_at timestamp with time zone NOT NULL,
    lesson_id integer NOT NULL,
    student_id integer NOT NULL
);


ALTER TABLE public.learning_lessonwatchrecord OWNER TO postgres;

--
-- Name: learning_lessonwatchrecord_id_seq; Type: SEQUENCE; Schema: public; Owner: postgres
--

ALTER TABLE public.learning_lessonwatchrecord ALTER COLUMN id ADD GENERATED BY DEFAULT AS IDENTITY (
    SEQUENCE NAME public.learning_lessonwatchrecord_id_seq
    START WITH 1
    INCREMENT BY 1
    NO MINVALUE
    NO MAXVALUE
    CACHE 1
);


--
-- Name: parent_app_baselinesessiondata; Type: TABLE; Schema: public; Owner: postgres
--

CREATE TABLE public.parent_app_baselinesessiondata (
    id bigint NOT NULL,
    "timestamp" timestamp with time zone NOT NULL,
    is_attentive boolean NOT NULL,
    attention_score double precision NOT NULL,
    gaze_score double precision,
    head_pose_score double precision,
    blink_rate double precision,
    baseline_id bigint NOT NULL
);


ALTER TABLE public.parent_app_baselinesessiondata OWNER TO postgres;

--
-- Name: parent_app_baselinesessiondata_id_seq; Type: SEQUENCE; Schema: public; Owner: postgres
--

ALTER TABLE public.parent_app_baselinesessiondata ALTER COLUMN id ADD GENERATED BY DEFAULT AS IDENTITY (
    SEQUENCE NAME public.parent_app_baselinesessiondata_id_seq
    START WITH 1
    INCREMENT BY 1
    NO MINVALUE
    NO MAXVALUE
    CACHE 1
);


--
-- Name: parent_app_behavioralbaseline; Type: TABLE; Schema: public; Owner: postgres
--

CREATE TABLE public.parent_app_behavioralbaseline (
    id bigint NOT NULL,
    session_date timestamp with time zone NOT NULL,
    session_duration double precision NOT NULL,
    avg_attention_score double precision NOT NULL,
    avg_gaze_score double precision,
    avg_head_pose_score double precision,
    avg_blink_rate double precision,
    is_completed boolean NOT NULL,
    notes text NOT NULL,
    student_id integer NOT NULL
);


ALTER TABLE public.parent_app_behavioralbaseline OWNER TO postgres;

--
-- Name: parent_app_behavioralbaseline_id_seq; Type: SEQUENCE; Schema: public; Owner: postgres
--

ALTER TABLE public.parent_app_behavioralbaseline ALTER COLUMN id ADD GENERATED BY DEFAULT AS IDENTITY (
    SEQUENCE NAME public.parent_app_behavioralbaseline_id_seq
    START WITH 1
    INCREMENT BY 1
    NO MINVALUE
    NO MAXVALUE
    CACHE 1
);


--
-- Name: student_app_adaptivedisengagementscore; Type: TABLE; Schema: public; Owner: postgres
--

CREATE TABLE public.student_app_adaptivedisengagementscore (
    id bigint NOT NULL,
    eye_gaze_deviation double precision,
    head_pose_deviation double precision,
    blink_rate_deviation double precision,
    checkpoint_fail_rate double precision CONSTRAINT student_app_adaptivedisengagement_checkpoint_fail_rate_not_null NOT NULL,
    interaction_score double precision CONSTRAINT student_app_adaptivedisengagementsco_interaction_score_not_null NOT NULL,
    behavior_probability double precision CONSTRAINT student_app_adaptivedisengagement_behavior_probability_not_null NOT NULL,
    cognitive_probability double precision CONSTRAINT student_app_adaptivedisengagemen_cognitive_probability_not_null NOT NULL,
    composite_probability double precision CONSTRAINT student_app_adaptivedisengagemen_composite_probability_not_null NOT NULL,
    behavior_weight double precision NOT NULL,
    cognitive_weight double precision CONSTRAINT student_app_adaptivedisengagementscor_cognitive_weight_not_null NOT NULL,
    temporal_window character varying(20) NOT NULL,
    adaptive_level integer NOT NULL,
    cumulative_disengagement double precision CONSTRAINT student_app_adaptivedisengage_cumulative_disengagement_not_null NOT NULL,
    time_in_window double precision NOT NULL,
    session_progress double precision CONSTRAINT student_app_adaptivedisengagementscor_session_progress_not_null NOT NULL,
    "timestamp" timestamp with time zone NOT NULL,
    session_id bigint NOT NULL
);


ALTER TABLE public.student_app_adaptivedisengagementscore OWNER TO postgres;

--
-- Name: student_app_adaptivedisengagementscore_id_seq; Type: SEQUENCE; Schema: public; Owner: postgres
--

ALTER TABLE public.student_app_adaptivedisengagementscore ALTER COLUMN id ADD GENERATED BY DEFAULT AS IDENTITY (
    SEQUENCE NAME public.student_app_adaptivedisengagementscore_id_seq
    START WITH 1
    INCREMENT BY 1
    NO MINVALUE
    NO MAXVALUE
    CACHE 1
);


--
-- Name: student_app_behavioralbaseline; Type: TABLE; Schema: public; Owner: postgres
--

CREATE TABLE public.student_app_behavioralbaseline (
    id bigint NOT NULL,
    calibration_sessions_count integer CONSTRAINT student_app_behavioralbasel_calibration_sessions_count_not_null NOT NULL,
    is_active boolean NOT NULL,
    is_locked boolean NOT NULL,
    ear_mean double precision,
    ear_std double precision,
    ear_min double precision,
    ear_max double precision,
    head_yaw_mean double precision,
    head_yaw_std double precision,
    head_pitch_mean double precision,
    head_pitch_std double precision,
    head_roll_mean double precision,
    head_roll_std double precision,
    gaze_horizontal_mean double precision,
    gaze_horizontal_std double precision,
    gaze_vertical_mean double precision,
    gaze_vertical_std double precision,
    nose_ear_ratio_mean double precision,
    nose_ear_ratio_std double precision,
    head_turn_frequency double precision,
    gaze_away_frequency double precision,
    drowsy_frequency double precision,
    ear_threshold_personal double precision,
    yaw_threshold_personal double precision,
    pitch_threshold_personal double precision,
    roll_threshold_personal double precision,
    gaze_horizontal_threshold_personal double precision,
    gaze_vertical_threshold_personal double precision,
    last_updated timestamp with time zone NOT NULL,
    calibration_completed_at timestamp with time zone,
    student_id integer NOT NULL,
    ear_mad double precision,
    ear_median double precision,
    gaze_horizontal_mad double precision,
    gaze_horizontal_median double precision,
    gaze_vertical_mad double precision,
    gaze_vertical_median double precision,
    head_pitch_mad double precision,
    head_pitch_median double precision,
    head_roll_mad double precision,
    head_roll_median double precision,
    head_yaw_mad double precision,
    head_yaw_median double precision,
    blink_rate_mean double precision,
    blink_rate_std double precision,
    blink_rate_median double precision,
    blink_rate_mad double precision,
    level1_probability_threshold double precision CONSTRAINT student_app_behavioralbasel_level1_probability_thresho_not_null NOT NULL,
    level2_probability_threshold double precision CONSTRAINT student_app_behavioralbasel_level2_probability_thresho_not_null NOT NULL,
    level3_probability_threshold double precision CONSTRAINT student_app_behavioralbasel_level3_probability_thresho_not_null NOT NULL,
    eye_gaze_weight double precision NOT NULL,
    head_pose_weight double precision NOT NULL,
    blink_rate_weight double precision NOT NULL,
    checkpoint_fail_weight double precision NOT NULL,
    interaction_weight double precision NOT NULL,
    temporal_smoothing_alpha double precision CONSTRAINT student_app_behavioralbaselin_temporal_smoothing_alpha_not_null NOT NULL,
    ear_threshold_k double precision NOT NULL
);


ALTER TABLE public.student_app_behavioralbaseline OWNER TO postgres;

--
-- Name: student_app_behavioralbaseline_id_seq; Type: SEQUENCE; Schema: public; Owner: postgres
--

ALTER TABLE public.student_app_behavioralbaseline ALTER COLUMN id ADD GENERATED BY DEFAULT AS IDENTITY (
    SEQUENCE NAME public.student_app_behavioralbaseline_id_seq
    START WITH 1
    INCREMENT BY 1
    NO MINVALUE
    NO MAXVALUE
    CACHE 1
);


--
-- Name: student_app_calibrationsession; Type: TABLE; Schema: public; Owner: postgres
--

CREATE TABLE public.student_app_calibrationsession (
    id bigint NOT NULL,
    session_number integer NOT NULL,
    duration_minutes integer NOT NULL,
    start_time timestamp with time zone NOT NULL,
    end_time timestamp with time zone,
    is_completed boolean NOT NULL,
    time_of_day character varying(20) NOT NULL,
    environment_notes text NOT NULL,
    behavioral_data jsonb NOT NULL,
    created_at timestamp with time zone NOT NULL,
    updated_at timestamp with time zone NOT NULL,
    student_id integer NOT NULL,
    calibration_video character varying(100)
);


ALTER TABLE public.student_app_calibrationsession OWNER TO postgres;

--
-- Name: student_app_calibrationsession_id_seq; Type: SEQUENCE; Schema: public; Owner: postgres
--

ALTER TABLE public.student_app_calibrationsession ALTER COLUMN id ADD GENERATED BY DEFAULT AS IDENTITY (
    SEQUENCE NAME public.student_app_calibrationsession_id_seq
    START WITH 1
    INCREMENT BY 1
    NO MINVALUE
    NO MAXVALUE
    CACHE 1
);


--
-- Name: student_app_cptlsbaseline; Type: TABLE; Schema: public; Owner: postgres
--

CREATE TABLE public.student_app_cptlsbaseline (
    id bigint NOT NULL,
    gaze_mean double precision NOT NULL,
    head_mean double precision NOT NULL,
    ear_mean double precision NOT NULL,
    gaze_std double precision NOT NULL,
    head_std double precision NOT NULL,
    ear_std double precision NOT NULL,
    calibration_samples integer NOT NULL,
    calibration_sessions_count integer NOT NULL,
    gaze_weight double precision NOT NULL,
    head_weight double precision NOT NULL,
    ear_weight double precision NOT NULL,
    alpha double precision NOT NULL,
    is_active boolean NOT NULL,
    is_locked boolean NOT NULL,
    created_at timestamp with time zone NOT NULL,
    last_updated timestamp with time zone NOT NULL,
    calibration_completed_at timestamp with time zone,
    student_id integer NOT NULL,
    response_std double precision DEFAULT 1.0 NOT NULL,
    response_weight double precision DEFAULT 0.20 NOT NULL
);


ALTER TABLE public.student_app_cptlsbaseline OWNER TO postgres;

--
-- Name: student_app_cptlsbaseline_id_seq; Type: SEQUENCE; Schema: public; Owner: postgres
--

ALTER TABLE public.student_app_cptlsbaseline ALTER COLUMN id ADD GENERATED BY DEFAULT AS IDENTITY (
    SEQUENCE NAME public.student_app_cptlsbaseline_id_seq
    START WITH 1
    INCREMENT BY 1
    NO MINVALUE
    NO MAXVALUE
    CACHE 1
);


--
-- Name: student_app_cptlscalibrationsample; Type: TABLE; Schema: public; Owner: postgres
--

CREATE TABLE public.student_app_cptlscalibrationsample (
    id bigint NOT NULL,
    gaze double precision NOT NULL,
    head double precision NOT NULL,
    ear double precision NOT NULL,
    "timestamp" timestamp with time zone NOT NULL,
    calibration_session_id bigint CONSTRAINT student_app_cptlscalibrationsam_calibration_session_id_not_null NOT NULL
);


ALTER TABLE public.student_app_cptlscalibrationsample OWNER TO postgres;

--
-- Name: student_app_cptlscalibrationsample_id_seq; Type: SEQUENCE; Schema: public; Owner: postgres
--

ALTER TABLE public.student_app_cptlscalibrationsample ALTER COLUMN id ADD GENERATED BY DEFAULT AS IDENTITY (
    SEQUENCE NAME public.student_app_cptlscalibrationsample_id_seq
    START WITH 1
    INCREMENT BY 1
    NO MINVALUE
    NO MAXVALUE
    CACHE 1
);


--
-- Name: student_app_cptlssession; Type: TABLE; Schema: public; Owner: postgres
--

CREATE TABLE public.student_app_cptlssession (
    id bigint NOT NULL,
    lesson_id integer,
    session_type character varying(20) NOT NULL,
    content_mode character varying(20) NOT NULL,
    start_time timestamp with time zone NOT NULL,
    end_time timestamp with time zone,
    duration_seconds double precision,
    total_samples integer NOT NULL,
    average_engagement double precision,
    final_temporal_state double precision,
    sustained_distraction_detected boolean CONSTRAINT student_app_cptlssession_sustained_distraction_detecte_not_null NOT NULL,
    distraction_episodes_count integer NOT NULL,
    risk_level integer NOT NULL,
    total_questions_asked integer NOT NULL,
    correct_answers integer NOT NULL,
    incorrect_answers integer NOT NULL,
    adaptive_suggestion_made boolean NOT NULL,
    adaptive_suggestion_type character varying(50) NOT NULL,
    consecutive_video_failures integer NOT NULL,
    is_active boolean NOT NULL,
    is_completed boolean NOT NULL,
    created_at timestamp with time zone NOT NULL,
    updated_at timestamp with time zone NOT NULL,
    student_id integer NOT NULL
);


ALTER TABLE public.student_app_cptlssession OWNER TO postgres;

--
-- Name: student_app_cptlssession_id_seq; Type: SEQUENCE; Schema: public; Owner: postgres
--

ALTER TABLE public.student_app_cptlssession ALTER COLUMN id ADD GENERATED BY DEFAULT AS IDENTITY (
    SEQUENCE NAME public.student_app_cptlssession_id_seq
    START WITH 1
    INCREMENT BY 1
    NO MINVALUE
    NO MAXVALUE
    CACHE 1
);


--
-- Name: student_app_cptlsstatesnapshot; Type: TABLE; Schema: public; Owner: postgres
--

CREATE TABLE public.student_app_cptlsstatesnapshot (
    id bigint NOT NULL,
    "timestamp" timestamp with time zone NOT NULL,
    gaze_raw double precision NOT NULL,
    head_raw double precision NOT NULL,
    ear_raw double precision NOT NULL,
    gaze_normalized double precision NOT NULL,
    head_normalized double precision NOT NULL,
    ear_normalized double precision NOT NULL,
    gaze_probability double precision NOT NULL,
    head_probability double precision NOT NULL,
    ear_probability double precision NOT NULL,
    fused_probability double precision NOT NULL,
    temporal_state double precision NOT NULL,
    engagement_percentage double precision NOT NULL,
    session_id bigint NOT NULL,
    behavior_probability double precision DEFAULT 0.0,
    cognitive_probability double precision DEFAULT 0.0,
    composite_probability double precision DEFAULT 0.0,
    behavior_weight double precision DEFAULT 1.0,
    cognitive_weight double precision DEFAULT 0.0,
    temporal_window character varying(20) DEFAULT 'initial'::character varying,
    adaptive_level integer DEFAULT 0,
    cumulative_disengagement double precision DEFAULT 0.0,
    time_in_window double precision DEFAULT 0.0,
    session_progress double precision DEFAULT 0.0
);


ALTER TABLE public.student_app_cptlsstatesnapshot OWNER TO postgres;

--
-- Name: student_app_cptlsstatesnapshot_id_seq; Type: SEQUENCE; Schema: public; Owner: postgres
--

ALTER TABLE public.student_app_cptlsstatesnapshot ALTER COLUMN id ADD GENERATED BY DEFAULT AS IDENTITY (
    SEQUENCE NAME public.student_app_cptlsstatesnapshot_id_seq
    START WITH 1
    INCREMENT BY 1
    NO MINVALUE
    NO MAXVALUE
    CACHE 1
);


--
-- Name: student_app_learningsession; Type: TABLE; Schema: public; Owner: postgres
--

CREATE TABLE public.student_app_learningsession (
    id bigint NOT NULL,
    lesson_id integer,
    session_type character varying(20) NOT NULL,
    content_mode character varying(20) NOT NULL,
    start_time timestamp with time zone NOT NULL,
    end_time timestamp with time zone,
    duration_seconds double precision,
    total_samples integer NOT NULL,
    average_engagement double precision,
    sustained_distraction_detected boolean CONSTRAINT student_app_learningsession_sustained_distraction_dete_not_null NOT NULL,
    distraction_episodes_count integer NOT NULL,
    risk_level integer NOT NULL,
    total_questions_asked integer NOT NULL,
    correct_answers integer NOT NULL,
    incorrect_answers integer NOT NULL,
    adaptive_suggestion_made boolean NOT NULL,
    adaptive_suggestion_type character varying(50) NOT NULL,
    consecutive_video_failures integer NOT NULL,
    is_active boolean NOT NULL,
    is_completed boolean NOT NULL,
    created_at timestamp with time zone NOT NULL,
    updated_at timestamp with time zone NOT NULL,
    student_id integer NOT NULL
);


ALTER TABLE public.student_app_learningsession OWNER TO postgres;

--
-- Name: student_app_learningsession_id_seq; Type: SEQUENCE; Schema: public; Owner: postgres
--

ALTER TABLE public.student_app_learningsession ALTER COLUMN id ADD GENERATED BY DEFAULT AS IDENTITY (
    SEQUENCE NAME public.student_app_learningsession_id_seq
    START WITH 1
    INCREMENT BY 1
    NO MINVALUE
    NO MAXVALUE
    CACHE 1
);


--
-- Data for Name: AI_Agent; Type: TABLE DATA; Schema: public; Owner: postgres
--

COPY public."AI_Agent" ("AgentID", "AgentName", "AgentType", "API_Key", "Version", "SystemInstruction", "IsActive", "TeacherID") FROM stdin;
1	Gemini-Pro	Text Generator	gAAAAABp4k8mOZ_vemZ9j39OCQnCq5spre0UW4BPS11ovdSI50x8dIYN3RZ2qjskGnphusYi2dUtwepaZRk7oSCMs94Q0SSvoA==	gemini-2.5-flash	أنت مساعد تعليمي متخصص لأطفال تشتت الانتباه	t	1
\.


--
-- Data for Name: AI_Interaction; Type: TABLE DATA; Schema: public; Owner: postgres
--

COPY public."AI_Interaction" ("InteractionID", "ChildQuery", "AI_Response", "InteractionTime", "SessionID") FROM stdin;
21	2+2كم؟	أهلاً بك 😊 سؤالك جميل! لكنه خارج موضوع درس **الجهاز الهضمي**. تفضّل اسألني أي شيء يخص محتوى الدرس وسأكون سعيداً بمساعدتك 🎯	2026-04-19 20:59:21.37895+03	8
22	ما اعضاء الجهاز	يا له من سؤال رائع! 🌟 الجهاز الهضمي هو طريق طويل ومدهش داخل جسمك، وأعضاؤه تعمل معًا كفريق بطل!\n\nتبدأ رحلة الطعام في **فمك**، حيث تساعد **أسنانك** في تقطيع الطعام. ثم يندفع الطعام عبر **المريء**، وهو مثل نفق سري. بعد ذلك، يصل إلى **المعدة**	2026-04-19 20:59:44.652115+03	8
33	شو عنوان الدرس	عنوان الدرس هو "الجهاز الهضمي". 🌟	2026-05-19 23:58:10.23791+03	8
34	٢+2	أنا هنا لمساعدتك في **الجهاز الهضمي** 💡 سؤالك خارج نطاق الدرس — جرّب أن تسألني عن محتوى الدرس مباشرةً!	2026-05-19 23:58:24.317535+03	8
35	ماهيالمعدة	المعدة هي عضو مهم في جسمك، تعمل كخلاط قوي جداً! 🌟 وظيفتها أن تخلط الطعام الذي يصل إليها مع عصارات هاضمة خاصة. هذه العصارات تساعد على تكسير الطعام أكثر وأكثر. كما أن المعدة تقوم بحركة عضلية مدهشة تسمى "التمعج"، وهي مثل أمواج البحر التي تدفع الطعام للأمام، من المعدة إلى الأمعاء الدقيقة. إنها محطة أساسية في رحلة طعامك! 👍	2026-05-22 16:33:18.21933+03	8
36	ما هي المعدة؟	معدتك يا بطل تعمل كخلاط قوي جداً! 🌟 وظيفتها أن تخلط الطعام مع عصارات هاضمة خاصة. هذه العصارات تكسر الطعام أكثر وأكثر. ثم تبدأ حركة التمعج المدهشة، مثل أمواج البحر، تدفع الطعام من المعدة إلى الأمعاء الدقيقة. 👍	2026-05-22 16:37:00.190633+03	8
37	ما عنوان الدرس؟	عنوان الدرس هو "الجهاز الهضمي" 🌟. إنه درس رائع يكشف لك أسرار رحلة طعامك داخل جسمك البطل! 👍	2026-05-22 16:40:18.237178+03	8
38	لقد بدأت التشتت عند الفقرة رقم 3. هل يمكنك شرح هذه الفقرة لي؟	بالتأكيد! 🌟 عندما يصل الطعام إلى معدتك، تبدأ مرحلة جديدة ومهمة. معدتك تعمل كخلاط قوي جداً، تخلط الطعام مع عصارات هاضمة خاصة. هذه العصارات تساعد في تكسير الطعام أكثر وأكثر.\n\nبعد ذلك، تبدأ حركة عضلية رائعة اسمها "التمعج". تخيلها كأمواج البحر التي تدفع الطعام بلطف وقوة إلى الأمام. هذه الأمواج تستمر في دفع الطعام من المعدة إلى الأمعاء الدقيقة.	2026-05-27 23:28:05.569668+03	8
39	لقد بدأت التشتت عند الفقرة رقم 2. هل يمكنك شرح هذه الفقرة لي؟	بالتأكيد! 🌟 الفقرة الثانية تشرح لك بداية رحلة الطعام المدهشة في جسمك.\n\nتبدأ المغامرة في **فمك** مباشرة. هنا، تقوم **أسنانك** القوية بتقطيع الطعام إلى قطع أصغر. بعدها، يأتي دور **اللعاب**، وهو مساعد سري! اللعاب يحتوي على **إنزيمات**، وهي مواد	2026-05-28 14:28:42.788484+03	8
40	لقد بدأت التشتت عند الفقرة رقم 3. هل يمكنك شرح هذه الفقرة لي؟	بالتأكيد! لا تقلق أبداً، سأشرح لك الفقرة الثالثة ببساطة. 🌟\n\nعندما يصل الطعام إلى معدتك، تبدأ المعدة بالعمل كخلاط قوي جداً. 💡 تخلط الطعام مع عصارات خاصة تساعد على هضمه وتكسيره أكثر. ثم تبدأ حركة عضلية رائعة تسمى "التمعج". تخيلها كأمواج البحر التي تدفع الطعام بلطف وقوة. هذه الأمواج تدفع الطعام من المعدة إلى الأمعاء الدقيقة. الأمعاء الدقيقة هي المكان الذي يحدث فيه الجزء الأكبر والأهم من عملية الهضم. جسمك ذكي جداً في كل خطوة! ✅	2026-05-28 15:22:18.244717+03	8
41	لقد بدأت التشتت عند الفقرة رقم 3. هل يمكنك شرح هذه الفقرة لي؟	بالتأكيد! 🌟 الفقرة الثالثة تتحدث عن مغامرة الطعام داخل المعدة وما بعدها.\n\nعندما يصل الطعام إلى معدتك، تعمل المعدة كخلاط قوي جداً! 🌀 تخلط الطعام مع عصارات هاضمة خاصة تساعد على تكسيره أكثر وأكثر.\n\nثم تبدأ حركة رائعة تسمى "التمعج". تخيلها كأمواج البحر التي تدفع الطعام بلطف وقوة إلى الأمام. هذه الأمواج العضلية المدهشة تدفع الطعام من المعدة إلى الأمع	2026-05-28 15:55:30.3885+03	8
42	لقد بدأت التشتت عند الفقرة رقم 3. هل يمكنك شرح هذه الفقرة لي؟	بالتأكيد! 🌟 الفقرة الثالثة تشرح لك ما يحدث للطعام عندما يصل إلى المعدة.\n\nتخيل معدتك كخلاط قوي جداً، يخلط الطعام جيداً مع "عصارات هاضمة" خاصة. هذه العصارات تساعد على تكسير الطعام أكثر وأكثر.\n\nثم تبدأ حركة رائعة اسمها "التمعج". هذه الحركة مثل أمواج البحر، تدفع الطعام بلطف من المعدة إلى الأمعاء الدقيقة. الأمعاء الدقيقة هي المكان الذي يحدث فيه معظم الهضم. جسمك ذكي جداً في تحويل الطعام لطاقة! 🎯	2026-05-28 16:43:33.952399+03	8
43	لقد بدأت التشتت عند الفقرة رقم 2. هل يمكنك شرح هذه الفقرة لي؟	أهلاً بك يا بطل! 🌟 الفقرة الثانية تشرح	2026-05-30 16:45:42.868687+03	8
44	لقد بدأت التشتت عند الفقرة رقم 2. هل يمكنك شرح هذه الفقرة لي؟	أهلاً بك يا بطل! 🌟 الفقرة الثانية تشرح بداية رحلة	2026-05-30 16:46:19.433897+03	8
45	لقد بدأت التشتت عند الفقرة رقم 2. هل يمكنك شرح هذه الفقرة لي؟	أهلاً بك يا بطل! 🌟 الفقرة الثانية تشرح	2026-05-30 16:46:35.371304+03	8
46	لقد بدأت التشتت عند الفقرة رقم 3. هل يمكنك شرح هذه الفقرة لي؟	أهلاً بك يا بطل! 🌟 الفقرة الثالثة تش	2026-05-30 17:45:20.488754+03	8
47	لقد بدأت التشتت عند الفقرة رقم 3. هل يمكنك شرح هذه الفقرة لي؟	بالتأكيد! 🌟 الفقرة الثالثة تشرح لك ما يحدث للطعام عندما يصل إلى معدتك.\n\nتخيل معدتك كخلاط قوي جداً! 💡 عندما يصل الطعام إليها، تبدأ المعدة بخلطه مع "عصارات هاضمة" خاصة. هذه العصارات تساعد في تكسير الطعام أكثر وأكثر.\n\nثم تبدأ حركة رائعة اسمها "التمعج" ✅. هذه الحركة مثل أمواج البحر، تدفع الطعام بلطف من المعدة إلى الأمعاء الدقيقة. الأمعاء الدقيقة هي المكان الذي يتم فيه الهضم الأكبر للطعام. جسمك يعمل بذكاء مدهش! 👍	2026-05-30 18:02:43.19421+03	8
48	لقد بدأت التشتت عند الفقرة رقم 3. هل يمكنك شرح هذه الفقرة لي؟	بالتأكيد! 🌟 عندما يصل الطعام إلى معدتك، تبدأ مغامرة جديدة!\n\nتخيل معدتك كخلاط قوي جداً 💡. وظيفتها أن تخلط الطعام جيداً مع سوائل خاصة تسمى "عصارات هاضمة". هذه العصارات تساعد على تكسير الطعام أكثر وأكثر.\n\nثم تبدأ حركة رائعة اسمها "التمعج" ✅. هذه الحركة مثل أمواج البحر، تدفع الطعام بلطف من المعدة إلى الأمعاء الدقيقة. الأمعاء الدقيقة هي المحطة الرئيسية للهضم، حيث يتم تكسير الطعام لأصغر الجزيئات. جسمك يقوم بعمل مذهل حقاً! 👍	2026-05-30 21:53:24.09973+03	8
49	لقد بدأت التشتت عند الفقرة رقم 2. هل يمكنك شرح هذه الفقرة لي؟	بالتأكيد! 🌟 الفقرة الثانية تشرح بداية رحلة طعامك المدهشة. كل شيء يبدأ في فمك! 🎯\n\nأولاً، أسنانك القوية تعمل كأبطال حقيقيين، تقطع الطعام إلى قطع أصغر ليسهل التعامل معها.\nبعد ذلك، يظهر مساعد سري ومهم جداً: اللعاب. اللعاب ليس مجرد ماء، بل يحتوي على "إنزيمات". تخيل الإنزيمات كجنود صغار جداً يبدأون في تكسير الطعام أكثر وأكثر، وهذا أيضاً يجعل بلع الطعام أسهل بكثير.\nوأخيراً، بعد أن يصبح الطعام جاهزاً، يندفع عبر أنبوب طويل يشبه النفق السري، وهو المريء، ليصل إلى المحطة التالية. إنه عمل جماعي رائع حقاً! 👍	2026-06-01 13:27:31.016311+03	8
50	عن ماذا الدرس؟	الدرس يتحدث عن "الجهاز الهضمي" في جسم الإنسان. 🌟 يشرح كيف يتحول الطعام الذي نأكله إلى طاقة تساعدنا على اللعب والنمو. يبدأ من الفم مروراً بالمريء والمعدة والأمعاء الدقيقة والغليظة، وكيف يعمل كل جزء بذكاء! 💡	2026-06-05 01:34:09.23735+03	8
51	عن ماذا يتحدث الدرس	الدرس يتحدث عن "الجهاز الهضمي" في جسم الإنسان. 🌟 يشرح كيف يتحول الطعام الذي نأكله إلى طاقة تساعدنا على اللعب والنمو. يبدأ من الفم مروراً بالمريء والمعدة والأمعاء الدقيقة والغليظة، وكيف يعمل كل جزء بذكاء! 💡	2026-06-05 01:34:36.197978+03	8
52	لقد بدأت التشتت عند الفقرة رقم 2. هل يمكنك شرح هذه الفقرة لي؟	بالتأكيد! 🌟 الفقرة الثانية تشرح لك بداية رحلة الطعام المدهشة في جسمك.\n\nتبدأ المغامرة في **فمك** مباشرة. هنا، أسنانك هي الأبطال الحقيقيون! 🦷 وظيفتها تقطيع الطعام الكبير إلى قطع أصغر ليسهل التعامل معها.\n\nثم يأتي مساعد سري آخر، وهو **اللعاب**. اللعاب ليس مجرد ماء، بل يحتوي على "إنزيمات". 💡 هذه الإنزيمات هي مواد كيميائية صغيرة جداً تبدأ بتكسير الطعام أكثر. كما أن اللعاب يجعل الطعام رطباً وناعماً، وهذا يسهل عليك بلعه.\n\nبعد ذلك، يندفع الطعام عبر أنبوب يشبه النفق السري، وهو **المريء**. 🎯 هذا النفق يوصل الطعام من فمك إلى معدتك. إنه عمل جماعي رائع يبدأ في فمك!	2026-06-21 16:59:38.259285+03	8
53	لقد بدأت التشتت عند الفقرة رقم 2. هل يمكنك شرح هذه الفقرة لي؟	بالتأكيد! 🌟 الفقرة الثانية تشرح لك كيف تبدأ رحلة الهواء داخل جسمك.\n\nتخيل نفسك بطلاً يقود الهواء! 🌬️ أولاً، يدخل الهواء النقي إلى جسمك إما من أنفك أو فمك. بعد ذلك، يمر هذا الهواء عبر أنبوب كبير ومهم جداً اسمه **القصبة الهوائية**.\n\nفكر في القصبة الهوائية كنفق سري وواسع داخل جسمك، مهمته الأساسية هي نقل الهواء بسرعة وأمان إلى الداخل. إنه الطريق السريع الذي تسلكه جزيئات الأكسجين لتصل إلى مغامرتها الكبيرة. هذه هي الخطوة الأولى والمدهشة في عملية التنفس! 👍	2026-06-21 17:57:10.94325+03	12
54	لقد بدأت التشتت عند الفقرة رقم 1. هل يمكنك شرح هذه الفقرة لي؟	بالتأكيد! 🌟 الفقرة الأولى تخبرنا أن جسمك لديه مصنع سري مدهش يعمل بلا توقف! هذا المصنع هو جهازك الهضمي. وظيفته الرئيسية هي تحويل الطعام الكبير الذي تأكله إلى جزيئات صغيرة جداً. 🎯 هذه الجزيئات الصغيرة هي وقود جسمك، وتمنحك الطاقة للعب والتعلم والنمو. تخيل الأمر مثل تحويل مكعبات ليغو كبيرة إلى قطع صغيرة جداً لتستخدمها في بناء شيء جديد تماماً. إنه طريق طويل ومتعرج يبدأ من فمك وينتهي بمخرج خاص. جسمك بطل حقيقي! 👍	2026-06-29 16:42:32.959934+03	8
55	لقد بدأت التشتت عند الفقرة رقم 3. هل يمكنك شرح هذه الفقرة لي؟	بالتأكيد! 🌟 عندما يصل الطعام إلى معدتك، تبدأ مرحلة جديدة ومهمة. تخيل معدتك كخلاط قوي جداً، يخلط الطعام مع سوائل خاصة تسمى "عصارات هاضمة". هذه العصارات تساعد على تكسير الطعام أكثر وأكثر.\n\nبعد ذلك، تبدأ حركة عضلية رائعة تسمى "التمعج". فكر فيها كأمواج البحر التي تدفع الطعام بلطف وقوة. هذه الأمواج تستمر في دفع الطعام من المعدة إلى الأمعاء الدقيقة. الأمعاء الدقيقة هي المكان الذي يحدث فيه الجزء الأكبر من عملية الهضم. جسمك ذكي جداً في تنظيم كل هذا! 👍	2026-07-08 19:23:52.258273+03	8
56	لقد بدأت التشتت عند الفقرة رقم 3. هل يمكنك شرح هذه الفقرة لي؟	بالتأكيد، سأشرح لك الفقرة الثالثة مرة أخرى بطريقة مبسطة! 💡\n\nعندما يغادر الطعام المريء، يصل إلى المعدة. تخيل أن معدتك مثل خلاط قوي جداً، وظيفتها خلط الطعام. تخلط المعدة الطعام مع "عصارات هاضمة" خاصة، وهذه العصارات تساعد على تكسير الطعام إلى أجزاء أصغر.\n\nبعد ذلك، تبدأ حركة عضلية مدهشة تسمى "التمعج". هذه الحركة مثل أمواج البحر التي تدفع الطعام بلطف وقوة. تستمر هذه الأمواج في دفع الطعام من المعدة إلى الأمعاء الدقيقة. الأمعاء الدقيقة هي المكان الرئيسي الذي يتم فيه هضم الطعام بشكل كبير. جسمك يقوم بعمل رائع! 🎯	2026-07-08 19:24:26.626064+03	8
57	ما المريء؟	المريء هو مثل نفق سري للطعام!  tunnel 🌟 يندفع الطعام عبره بعد بلعه من الفم، ويوصله إلى المعدة. إنه جزء من العمل الجماعي المذهل لجهازك الهضمي. 👍	2026-07-17 16:20:23.895597+03	8
58	ما المريء؟	المريء هو أنبوب أو نفق سري للطعام.  tunnel 🚇 بعد أن تمضغ طعامك في فمك وتبلعه، يندفع الطعام عبر هذا الأنبوب لينتقل من فمك إلى معدتك. إنه جزء مهم من رحلة الطعام المدهشة داخل جسمك! 🌟	2026-07-17 16:34:24.525383+03	8
59	ما الجهاز الهضمي	الجهاز الهضمي هو مصنع جسمك السري! 🌟 إنه طريق طويل ومتعرج يبدأ بفمك وينتهي بمخرج خاص. وظيفته الأساسية هي تحويل قطع الطعام الكبيرة التي تأكلها إلى جزيئات صغيرة جداً. هذه الجزيئات الصغيرة يمكن لجسمك استخدامها بسهولة للحصول على الطاقة التي تحتاجها للعب والتعلم والنمو. إنه يعمل بلا توقف ليمنحك القوة! 👍	2026-07-17 16:45:50.864413+03	8
60	ما المريء؟	المريء هو أنبوب سري للطعام!  tunnel 🌟 بعد أن تمضغ طعامك في فمك ويختلط باللعاب، يندفع عبر هذا الأنبوب لينتقل من فمك إلى معدتك. إنه يعمل كطريق يوصل الطعام إلى محطته التالية في رحلة الهضم المدهشة. 👍	2026-07-17 19:13:49.141217+03	8
61	ما هو المريء؟	المريء هو أنبوب سري للطعام! ✅ إنه مثل نفق يندفع الطعام عبره بعد أن تبلعه من الفم. إنه جزء مهم من رحلة الطعام المدهشة داخل جسمك. 🌟	2026-07-17 19:27:14.706904+03	8
62	ما المريء؟	المريء هو أنبوب سري للطعام! 💡 بعد أن تبلع الطعام من فمك، يندفع عبر هذا الأنبوب لينتقل إلى معدتك. إنه يعمل كطريق سريع يوصل الطعام لوجهته التالية. 🌟	2026-07-17 21:06:41.510825+03	8
63	ما المريء؟	المريء هو أنبوب يندفع الطعام عبره بعد بلعه من الفم. 💡 إنه مثل نفق سري للطعام، يوصل الطعام من فمك إلى معدتك. يا له من عمل جماعي مذهل في جسمك! 🌟	2026-07-17 22:50:41.085154+03	8
64	ما المريء؟	المريء هو أنبوب يندفع الطعام عبره بعد الفم والبلع. إنه مثل نفق سري للطعام يوصله إلى المعدة. 🎯	2026-07-17 23:02:52.216389+03	8
65	2+2؟	أنا هنا لمساعدتك في **الجهاز الهضمي** 💡 سؤالك خارج نطاق الدرس — جرّب أن تسألني عن محتوى الدرس مباشرةً!	2026-07-18 14:36:44.526324+03	8
66	2+2؟	يبدو أن سؤالك لا يتعلق بدرس **الجهاز الهضمي** مباشرةً 🙈 لا بأس! هل هناك شيء في محتوى الدرس تريد أن أشرحه لك؟	2026-07-18 14:46:06.088191+03	8
67	ما هو المريء؟	المريء هو أنبوب سري للطعام! 💡 بعد أن تمضغ الطعام وتبلعه، يندفع عبر هذا الأنبوب لينتقل من فمك إلى معدتك. إنه يعمل كطريق سريع يوصل الطعام إلى وجهته التالية في رحلة الهضم المدهشة. ✅	2026-07-19 10:08:48.406925+03	8
68	لقد بدأت التشتت عند الفقرة رقم 2. هل يمكنك شرح هذه الفقرة لي؟	بالتأكيد! 🌟 الفقرة الثانية تشرح لك بداية رحلتك كبطل في عملية الهضم.\n\nتبدأ المغامرة في **فمك**! 🎯\n1.  **أسنانك** هي الأبطال الأوائل، تقطع الطعام الكبير إلى قطع أصغر ليسهل التعامل معها.\n2.  ثم يأتي **اللعاب**، وهو مساعد سري يحتوي على "إنزيمات". هذه الإنزيمات مواد كيميائية صغيرة تبدأ في تكسير الطعام أكثر، وتجعله رطباً ليسهل بلعه.\n3.  بعد ذلك، يندفع الطعام عبر **المريء**، وهو مثل نفق سري يوصل الطعام من فمك إلى المعدة.\n\nإنه عمل جماعي مدهش يبدأ في فمك! 👍	2026-07-19 10:55:41.773528+03	8
69	لقد بدأت التشتت عند الفقرة رقم 2. هل يمكنك شرح هذه الفقرة لي؟	بالتأكيد! 🌟 الفقرة الثانية تشرح بداية رحلتك كبطل في الجهاز الهضمي. تبدأ المغامرة في فمك! 🎯\n\nأسنانك هي الأبطال الأولى، تقطع الطعام إلى أجزاء أصغر. ثم يأتي اللعاب، وهو مساعد سري يحتوي على "إنزيمات". هذه الإنزيمات هي مواد كيميائية صغيرة تساعد في تكسير الطعام وتسهل بلعه. بعد ذلك، يندفع الطعام عبر أنبوب المريء، مثل نفق سري يوصله إلى وجهته التالية. إنه عمل جماعي رائع حقًا! 👍	2026-07-19 10:59:33.676893+03	8
70	ما هو المريء؟	المريءُ هو:\n\n*   مثل **نفقٍ سريٍّ** للطعامِ داخلَ جسمِك! 🌟\n*   هو **أنبوبٌ** يندفعُ الطعامُ عبره بعدَ أن تبلعهُ من فمِك.\n*   وظيفتهُ أن يوصلَ الطعامَ من فمِك إلى معدتِك، في رحلةٍ مدهشةٍ!	2026-07-23 12:09:08.226525+03	8
71	ما المريء؟	• بعد أن تقطع أسنانك الطعام ويساعده اللعاب، يندفع الطعام في رحلة مدهشة!\n• يمر الطعام عبر أنبوب خاص، هذا الأنبوب هو <strong>المريءُ</strong>.\n• تخيل <strong>المريءَ</strong> وكأنه <strong>نفقٌ سريٌّ</strong> للطعام، يوصله من فمك إلى محطته التالية وهي المعدة.\n• إنه جزء مهم من العمل الجماعي لجهازك الهضمي الذي يعمل بجد لأجلك! 🌟	2026-07-23 12:34:11.748573+03	8
72	ما المريء؟	أهلاً بك يا بطل! 🌟 المريءُ هو جزءٌ مهمٌ في رحلة طعامك المدهشة.\n\n• تخيل أن طعامك بعد أن تبلعه، يحتاج إلى طريق خاص ليصل إلى المعدة.\n• هذا الطريق هو <strong>المريءُ</strong>! إنه مثل <strong>أنبوبٍ</strong> سريٍّ أو <strong>نفقٍ سريٍّ</strong> للطعام.\n• وظيفته الرائعة هي دفع الطعام بلطف من فمك إلى معدتك، ليواصل رحلته هناك.\n• إنه عمل جماعي مذهل في جسمك البطل! 👍	2026-07-23 12:42:48.741898+03	8
73	ما هو المريء؟	• تخيّل أن <strong>المريءَ</strong> هو مثل نفقٍ سريٍّ ومدهشٍ داخل جسمك! 🌟\n• بعد أن تقطع أسنانك الطعام ويساعده اللعاب، يندفع الطعام عبر هذا <strong>الأنبوبِ</strong> السحريّ.\n• إنه مثل طريقٍ سريعٍ يوصل الطعام من فمك مباشرةً إلى معدتك القوية.\n• يا له من عمل جماعيٍّ مذهلٍ في رحلة طعامك! 👍	2026-07-23 14:40:09.652317+03	8
74	ما هو المريء؟	المريءُ هو جزء مهم جداً في رحلة طعامك! تخيل أنك في مغامرة، وطعامك يحتاج أن ينتقل من مكان لآخر.\n\n• بعد أن تمضغ طعامك في فمك ويساعده <strong>اللعابُ</strong>، يحتاج الطعام أن يذهب إلى معدتك.\n• هنا يأتي دور <strong>المريءِ</strong>! إنه مثل نفق سري أو أنبوب خاص.\n• هذا الأنبوب يدفع الطعام بلطف من فمك إلى معدتك مباشرة.\n• إنه طريق سريع ومباشر للطعام، ليضمن وصوله بأمان إلى المحطة التالية وهي المعدة. 👍	2026-07-23 14:53:04.83289+03	8
75	ماهو المريء؟	*   <strong>المريءُ</strong> هو مثل نفق سريٍّ داخل جسمك، يا بطل!\n*   بعد أن تبلع الطعام، يندفعُ عبر هذا النفق ليصل إلى معدتك القوية.\n*   إنه طريقٌ سريعٌ ومهمٌ جداً للطعام في رحلته المدهشة! 👍	2026-07-23 15:02:06.535448+03	8
76	ما هو المريء؟	• <strong>المريءُ</strong> هو مثل نفق سري داخل جسمك يا بطل.\n• الطعامُ يندفعُ فيه بعد أن تبلعه من فمك.\n• إنه يوصلُ الطعامَ إلى معدتك، مثل طريق سريع للطعام! 👍	2026-07-23 15:21:13.599639+03	8
77	ما هو المريء؟	المريءُ هو جزء مهم جداً في رحلة طعامك المدهشة! 🌟\n• هو <strong>أنبوب</strong> يشبه النفق السري، يوصل الطعام من فمك بعد أن تبلعه.\n• بعد أن تقطع أسنانك الطعام ويساعده اللعاب، يمر الطعام عبر هذا <strong>النفق السري</strong>.\n• وظيفته أن يوصل الطعام بأمان وسرعة إلى معدتك القوية. 👍	2026-07-23 15:23:28.877421+03	8
78	ما هو المريء؟	المريء هو أنبوب يندفع الطعام عبره بعد بلعه من الفم. إنه مثل نفق سري للطعام يوصله إلى المعدة. يا له من عمل جماعي مذهل! 🌟	2026-07-23 15:25:18.602863+03	8
79	ما هو المريء؟	المريء هو أنبوب يندفع الطعام عبره بعد بلعه من الفم. إنه مثل نفق سري للطعام، يوصل الطعام من الفم إلى المعدة. يا له من عمل جماعي مذهل! 🌟	2026-07-23 15:26:13.327551+03	8
80	ما هو المريء؟	المريء هو **أنبوب** سري للطعام! 💡 إنه مثل نفق يندفع الطعام عبره بعد أن تبلعه من فمك. وظيفته هي توصيل الطعام من الفم إلى المعدة. يا له من عمل جماعي مذهل في جسمك! 🌟	2026-07-23 15:41:27.440274+03	8
81	ما هو المريء؟	المريء هو **أنبوب** يدفع الطعام عبره بعد بلعه من الفم. إنه مثل **نفق سري** للطعام يوصله إلى المعدة. يا له من عمل جماعي مذهل في جسمك! 🌟	2026-07-23 15:42:15.108477+03	8
82	ما هو المريء؟	المريء هو **أنبوب** يندفع الطعام عبره بعد بلعه. 🌟 إنه مثل **نفق سري** للطعام، يوصله من فمك إلى معدتك. إنه جزء من العمل الجماعي المدهش لجهازك الهضمي! 👍	2026-07-23 15:47:44.317492+03	8
83	ماهو المريء؟	المريء هو **أنبوب** يندفع الطعام عبره بعد بلعه من الفم. إنه مثل **نفق سري** للطعام، يوصله من الفم إلى المعدة. إنه جزء مهم من رحلة الطعام المدهشة في جسمك! 🌟	2026-07-23 15:49:57.671967+03	8
84	ما هو المري؟	المريء هو أنبوب سري للطعام! 💡 إنه مثل نفق يندفع الطعام عبره بعد أن تبلعه من فمك، وقبل أن يصل إلى معدتك. ✅ إنه جزء مهم من رحلة طعامك المدهشة. 👍	2026-07-23 15:50:31.746448+03	8
85	ما هو المريء؟	المريء هو أنبوب سري للطعام! 💡 بعد أن تقطع أسنانك الطعام ويساعد اللعاب في تليينه، يندفع الطعام عبر هذا الأنبوب. إنه مثل نفق يوصل الطعام من فمك إلى معدتك. يا له من عمل جماعي مذهل في جسمك! 👍	2026-07-23 15:54:57.252944+03	8
86	ما هو المريء؟	المريء هو أنبوب يندفع الطعام عبره بعد الفم. إنه مثل نفق سري للطعام، يدفع الطعام من الفم إلى المعدة. يا له من عمل جماعي مذهل! 👍	2026-07-23 16:01:41.367498+03	8
87	ما هو المريء	المريء هو أنبوب سري للطعام! 💡 إنه مثل نفق يندفع الطعام عبره بعد أن تبلعه من فمك، ويوصله إلى المعدة. يا له من طريق مدهش! ✅	2026-07-23 19:27:55.86226+03	8
88	لقد بدأت التشتت عند الفقرة رقم 2. هل يمكنك شرح هذه الفقرة لي؟	أنت رائع! 🌟 الفقرة الثانية تشرح بداية رحلة الهواء البطل داخل جسمك.\n\nعندما تتنفس، الهواء يدخل أولاً من أنفك أو فمك. تخيل أن هذا الهواء يبدأ مغامرة شيقة! 🌬️\nبعدها، يمر هذا الهواء عبر أنبوب كبير ومهم جداً داخل جسمك، اسمه "القصبة الهوائية". يمكنك أن تتخيلها كنفق سري وواسع، أو طريق سريع، يأخذ جزيئات الأكسجين المهمة إلى عمق جسمك. هذه هي الخطوة الأولى والمدهشة في رحلة الأكسجين ليمنحك القوة! 👍	2026-07-23 19:35:15.162162+03	12
89	2+2 كم	يبدو أن سؤالك لا يتعلق بدرس **الجهاز الهضمي** مباشرةً 🙈 لا بأس! هل هناك شيء في محتوى الدرس تريد أن أشرحه لك؟	2026-07-24 13:27:30.75665+03	8
90	ما هو المريء	المريء هو مثل نفق سري للطعام! 🚇 إنه الأنبوب الذي يندفع الطعام عبره بعد أن تبلعه من فمك، وقبل أن يصل إلى معدتك. إنه جزء مهم من رحلة الطعام المدهشة داخل جسمك! 👍	2026-07-24 13:28:05.408569+03	8
91	ما المري؟	المريء هو أنبوب سري للطعام!  tunnel 💡 يندفع الطعام من فمك عبر هذا الأنبوب ليصل إلى المعدة. إنه جزء مهم من رحلة طعامك المدهشة داخل جسمك. ✅	2026-07-24 20:45:21.927242+03	8
\.


--
-- Data for Name: ActivityGrade; Type: TABLE DATA; Schema: public; Owner: postgres
--

COPY public."ActivityGrade" (activity_id, "ActivityName", "MaxScore", "StudentScore", "TeacherNote", "VisibleTo", "CreatedAt", "UpdatedAt", "StudentID", "SubjectID", "TeacherID") FROM stdin;
\.


--
-- Data for Name: AttentionLog; Type: TABLE DATA; Schema: public; Owner: postgres
--

COPY public."AttentionLog" ("LogID", "LogTime", "FocusPercentage", "IsDistracted", "ActionTaken", "SessionID") FROM stdin;
\.


--
-- Data for Name: Checkpoint; Type: TABLE DATA; Schema: public; Owner: postgres
--

COPY public."Checkpoint" ("CheckpointID", "ParagraphIndex", "Question", "OptionA", "OptionB", "CorrectAnswer", "CreatedAt", "UpdatedAt", "LessonID", "CheckpointType", "ContentType", "EngagementThreshold", "MandatoryFrequency", "OptionC", "OptionD", "VideoTimestamp", "DisplayType", "VideoTimestampPercentage") FROM stdin;
7	1	ماهو الجهاز؟	هضمي	تنفسي	A	2026-05-24 00:14:02.747796+03	2026-05-24 00:14:02.747796+03	167	adaptive	text	0.5	20	\N	\N	\N	distraction	\N
10	2	ماهو الجهاز؟	هضمي	تنفسي	A	2026-05-25 18:30:38.184746+03	2026-05-25 18:30:38.184746+03	167	adaptive	text	0.5	20	\N	\N	\N	distraction	\N
15	1	ماهي الاعداد الصحيحة؟	أرقام بفواصل وأعشار	ارقام بدون فواصل وأعشار	B	2026-06-05 02:20:18.691753+03	2026-06-05 02:20:18.691753+03	186	mandatory	text	0.5	20	\N	\N	\N	scheduled	\N
16	0	أين خرج التلاميذ ليستمتعوا بالهواء النقي ويلعبوا قبل بداية الحصص؟	إلى ساحة المدرسة.	إلى الفصول الدراسية.	A	2026-06-09 22:01:00.256563+03	2026-06-09 22:01:00.256563+03	187	mandatory	text	0.5	20	\N	\N	\N	scheduled	\N
17	1	ما الذي لاحظه أحمد أثناء تجوله في ساحة المدرسة؟	زهور ملونة وأشجار جديدة تم غرسها.	أوراق متناثرة وأكياس فارغة على الأرض.	B	2026-06-09 22:04:34.364141+03	2026-06-09 22:04:34.364141+03	187	mandatory	text	0.5	20	\N	\N	\N	scheduled	\N
18	2	بمَ وصف أحمد المدرسة عندما شجّع أصدقاءه على تنظيفها؟	وصفها بأنها بيتنا الثاني.	وصفها بأنها مكان للعب فقط.	A	2026-06-09 22:08:13.189229+03	2026-06-09 22:08:13.189229+03	187	mandatory	text	0.5	20	\N	\N	\N	scheduled	\N
19	3	كيف كان الأطفال يعملون معاً لتنظيف الساحة؟	بشكل منفرد ودون التحدث مع بعضهم البعض.	بروح الفريق الواحد وتبادل التشجيع والكلمات الطيبة.	B	2026-06-09 22:11:18.729009+03	2026-06-09 22:11:18.729009+03	187	mandatory	text	0.5	20	\N	\N	\N	scheduled	\N
20	4	بماذا شعر التلاميذ بعد أن انتهوا من تنظيف الساحة ورأوها نظيفة؟	بالفخر والسعادة لأنهم أنجزوا عملاً نافعاً بجهودهم المشتركة.	بالتعب والندم لأنهم أضاعوا وقت الفسحة في التنظيف.	A	2026-06-09 22:12:26.418146+03	2026-06-09 22:12:26.418146+03	187	mandatory	text	0.5	20	\N	\N	\N	scheduled	\N
21	5	ماذا قال مدير المدرسة للتلاميذ عندما رأى التغيير الكبير في الساحة؟	لماذا تأخرتم عن دخول الفصول الدراسية؟	أحسنتم يا أبنائي، لقد قدمتم مثالاً رائعاً في التعاون والمحافظة على النظافة.	B	2026-06-09 22:14:02.264619+03	2026-06-09 22:14:02.264619+03	187	mandatory	text	0.5	20	\N	\N	\N	scheduled	\N
22	6	ما هي القيمة الجميلة التي تعلّمها الأطفال من هذه التجربة وفقاً للفقرة؟	التعاون، لأنه يقوي الصداقة ويجعل إنجاز الأعمال أسهل وأفضل.	المنافسة الفردية، لأنها تجعل كل طالب يعمل بمفرده.	A	2026-06-09 22:15:08.293667+03	2026-06-09 22:15:08.293667+03	187	mandatory	text	0.5	20	\N	\N	\N	scheduled	\N
23	0	عن ماذا هاذا الدرس؟	الأعداد العشرية	الأعداد الصحيحة	B	2026-06-10 00:01:43.28042+03	2026-06-10 00:01:43.28042+03	188	mandatory	text	0.5	20	\N	\N	\N	scheduled	\N
24	1	عند الخسارة وما هي الإشارة؟	تزداد النقاط (+)	تقل النقاط (-)	B	2026-06-10 00:04:18.067647+03	2026-06-10 00:04:18.067647+03	188	adaptive	text	0.5	20	\N	\N	\N	scheduled	\N
25	1	ماهو الجهاز؟	هضمي	تنفسي	B	2026-06-21 17:55:19.696575+03	2026-06-21 17:55:19.696575+03	191	mandatory	text	0.5	20	\N	\N	\N	scheduled	\N
6	0	ماهو الجهاز؟	هضمي	تنفسي	A	2026-05-24 00:13:43.178337+03	2026-07-24 11:47:05.264752+03	167	adaptive	text	0.5	20	\N	\N	\N	scheduled	\N
\.


--
-- Data for Name: Class; Type: TABLE DATA; Schema: public; Owner: postgres
--

COPY public."Class" ("ClassID", "ClassName", "TeacherID") FROM stdin;
3	الثاني	\N
4	الثالث	\N
5	الرابع	\N
6	الخامس	\N
7	السادس	\N
8	السابع	\N
9	الثامن	\N
10	التاسع	\N
11	العاشر	\N
12	الحادي عشر العلمي	\N
13	الحادي عشر الأدبي	\N
14	الحادي عشر الصناعي	\N
15	الحادي عشر التجاري	\N
18	الصف الخامس	1
21	الصف السادس	1
22	الحادي عشر الزراعي	\N
26	السابع	1
27	الخامس	7
28	السابع	7
\.


--
-- Data for Name: Conversation; Type: TABLE DATA; Schema: public; Owner: postgres
--

COPY public."Conversation" (id, created_at, updated_at, participant_1_id, participant_2_id) FROM stdin;
2	2026-03-28 21:09:31.993625+03	2026-03-28 21:09:46.17818+03	4	5
3	2026-06-01 21:10:59.043817+03	2026-07-20 23:33:00.705702+03	20	22
4	2026-06-03 01:57:18.933388+03	2026-07-23 18:31:50.232315+03	4	22
1	2026-03-08 23:05:54.918464+03	2026-07-23 18:36:05.458557+03	4	6
\.


--
-- Data for Name: GradeOverride; Type: TABLE DATA; Schema: public; Owner: postgres
--

COPY public."GradeOverride" (override_id, "AdjustedScore", "Reason", "TeacherNote", "VisibleTo", "CreatedAt", "UpdatedAt", "AttemptID", "TeacherID") FROM stdin;
\.


--
-- Data for Name: LearningSession; Type: TABLE DATA; Schema: public; Owner: postgres
--

COPY public."LearningSession" ("SessionID", "StartTime", "EndTime", "SessionStatus", "Duration", "AvgFocusScore", "LessonID", "StudentID", is_watched) FROM stdin;
9	2026-06-09 23:54:36.625278+03	\N	Active	\N	\N	186	9	f
15	2026-07-23 15:25:04.660064+03	\N	Video	\N	\N	167	2	t
16	2026-07-23 15:26:00.585849+03	\N	Video	\N	\N	167	2	t
17	2026-07-23 15:41:15.214323+03	\N	Video	\N	\N	167	2	t
18	2026-07-23 15:42:03.48403+03	\N	Video	\N	\N	167	2	t
19	2026-07-23 15:47:27.782271+03	\N	Video	\N	\N	167	2	t
20	2026-07-23 15:47:30.867363+03	\N	Video	\N	\N	167	2	t
21	2026-07-23 15:47:33.973248+03	\N	Video	\N	\N	167	2	t
22	2026-07-23 15:49:42.953685+03	\N	Video	\N	\N	167	2	t
23	2026-07-23 15:49:44.506123+03	\N	Video	\N	\N	167	2	t
24	2026-07-23 15:49:46.37301+03	\N	Video	\N	\N	167	2	t
25	2026-07-23 15:50:06.477202+03	\N	Video	\N	\N	167	2	t
26	2026-07-23 15:50:21.36783+03	\N	Video	\N	\N	167	2	t
27	2026-07-23 15:54:44.050795+03	\N	Video	\N	\N	167	2	t
28	2026-07-23 16:01:27.548867+03	\N	Video	\N	\N	167	2	t
12	2026-07-24 13:41:18.000108+03	\N	Active	\N	\N	191	2	f
8	2026-07-24 20:43:41.725734+03	\N	Active	\N	\N	167	2	f
11	2026-07-20 23:27:20.550305+03	\N	Watched	\N	\N	188	9	f
13	2026-07-23 14:26:55.643542+03	\N	Video	\N	\N	167	2	t
14	2026-07-23 14:28:29.500301+03	\N	Video	\N	\N	167	2	t
10	2026-06-09 22:38:07.818311+03	\N	Active	\N	\N	187	6	f
\.


--
-- Data for Name: LearningState; Type: TABLE DATA; Schema: public; Owner: postgres
--

COPY public."LearningState" ("StateID", "BehavioralEngagementScore", "LearningStateProbability", "CognitiveConnectionScore", "CognitiveLoad", "TemporalTrend", "TimeWindowStart", "TimeWindowEnd", "AttentionSamplesCount", "CheckpointAnswersCount", "CreatedAt", "SessionID", "StudentID") FROM stdin;
1	0.5	0.5	0.5	optimal	stable	2026-05-22 20:14:24.265377+03	2026-05-22 20:19:24.265377+03	0	0	2026-05-22 20:19:24.299629+03	8	2
2	0.5	0.5	0.5	optimal	stable	2026-05-22 20:19:24.458033+03	2026-05-22 20:24:24.458033+03	0	0	2026-05-22 20:24:24.466814+03	8	2
3	0.5	0.5	0.5	optimal	stable	2026-05-22 20:24:24.631328+03	2026-05-22 20:29:24.631328+03	0	0	2026-05-22 20:29:24.642376+03	8	2
4	0.5	0.5	0.5	optimal	stable	2026-05-22 20:29:24.812301+03	2026-05-22 20:34:24.812301+03	0	0	2026-05-22 20:34:24.825226+03	8	2
5	0.5	0.5	0.5	optimal	stable	2026-05-22 20:34:24.983336+03	2026-05-22 20:39:24.983336+03	0	0	2026-05-22 20:39:24.998051+03	8	2
6	0.5	0.5	0.5	optimal	stable	2026-05-22 20:39:25.170528+03	2026-05-22 20:44:25.170528+03	0	0	2026-05-22 20:44:25.175249+03	8	2
7	0.5	0.5	0.5	optimal	stable	2026-05-22 20:44:25.319088+03	2026-05-22 20:49:25.319088+03	0	0	2026-05-22 20:49:25.328826+03	8	2
8	0.5	0.5	0.5	optimal	stable	2026-05-22 20:49:25.454483+03	2026-05-22 20:54:25.454483+03	0	0	2026-05-22 20:54:25.457549+03	8	2
9	0.5	0.5	0.5	optimal	stable	2026-05-22 20:54:25.586915+03	2026-05-22 20:59:25.586915+03	0	0	2026-05-22 20:59:25.590738+03	8	2
10	0.5	0.5	0.5	optimal	stable	2026-05-22 20:59:25.723183+03	2026-05-22 21:04:25.723183+03	0	0	2026-05-22 21:04:25.728917+03	8	2
11	0.5	0.5	0.5	optimal	stable	2026-05-22 21:04:25.85331+03	2026-05-22 21:09:25.85331+03	0	0	2026-05-22 21:09:25.8605+03	8	2
12	0.5	0.5	0.5	optimal	stable	2026-05-22 21:09:25.997792+03	2026-05-22 21:14:25.997792+03	0	0	2026-05-22 21:14:26.005246+03	8	2
13	0.5	0.5	0.5	optimal	stable	2026-05-22 21:14:26.154482+03	2026-05-22 21:19:26.154482+03	0	0	2026-05-22 21:19:26.165556+03	8	2
14	0.5	0.5	0.5	optimal	stable	2026-05-22 21:19:26.33575+03	2026-05-22 21:24:26.33575+03	0	0	2026-05-22 21:24:26.346968+03	8	2
15	0.5	0.5	0.5	optimal	stable	2026-05-22 21:24:26.469892+03	2026-05-22 21:29:26.469892+03	0	0	2026-05-22 21:29:26.48763+03	8	2
16	0.5	0.5	0.5	optimal	stable	2026-05-22 21:29:26.645316+03	2026-05-22 21:34:26.645316+03	0	0	2026-05-22 21:34:26.653303+03	8	2
17	0.5	0.5	0.5	optimal	stable	2026-05-22 21:34:26.815339+03	2026-05-22 21:39:26.815339+03	0	0	2026-05-22 21:39:26.822678+03	8	2
18	0.5	0.5	0.5	optimal	stable	2026-05-22 21:39:26.950509+03	2026-05-22 21:44:26.950509+03	0	0	2026-05-22 21:44:26.965216+03	8	2
19	0.5	0.5	0.5	optimal	stable	2026-05-22 21:44:27.108726+03	2026-05-22 21:49:27.108726+03	0	0	2026-05-22 21:49:27.118411+03	8	2
20	0.5	0.5	0.5	optimal	stable	2026-05-22 21:49:27.267594+03	2026-05-22 21:54:27.267594+03	0	0	2026-05-22 21:54:27.275004+03	8	2
21	0.5	0.5	0.5	optimal	stable	2026-05-22 21:54:27.437715+03	2026-05-22 21:59:27.437715+03	0	0	2026-05-22 21:59:27.450176+03	8	2
22	0.5	0.5	0.5	optimal	stable	2026-05-22 21:59:27.554656+03	2026-05-22 22:04:27.554656+03	0	0	2026-05-22 22:04:27.562823+03	8	2
23	0.5	0.5	0.5	optimal	stable	2026-05-22 22:04:27.718179+03	2026-05-22 22:09:27.718179+03	0	0	2026-05-22 22:09:27.724508+03	8	2
24	0.5	0.5	0.5	optimal	stable	2026-05-22 22:09:27.934625+03	2026-05-22 22:14:27.934625+03	0	0	2026-05-22 22:14:27.942226+03	8	2
25	0.5	0.5	0.5	optimal	stable	2026-05-22 22:14:28.201494+03	2026-05-22 22:19:28.201494+03	0	0	2026-05-22 22:19:28.231624+03	8	2
26	0.5	0.5	0.5	optimal	stable	2026-05-22 22:19:55.384549+03	2026-05-22 22:24:55.384549+03	0	0	2026-05-22 22:24:55.395132+03	8	2
27	0.5	0.5	0.5	optimal	stable	2026-05-22 22:24:55.598265+03	2026-05-22 22:29:55.598265+03	0	0	2026-05-22 22:29:55.600404+03	8	2
28	0.5	0.5	0.5	optimal	stable	2026-05-22 22:51:23.633472+03	2026-05-22 22:56:23.633472+03	0	0	2026-05-22 22:56:23.645795+03	8	2
29	0.5	0.5	0.5	optimal	stable	2026-05-22 22:56:23.806802+03	2026-05-22 23:01:23.806802+03	0	0	2026-05-22 23:01:23.86112+03	8	2
30	0.5	0.5	0.5	optimal	stable	2026-05-22 23:01:24.138801+03	2026-05-22 23:06:24.138801+03	0	0	2026-05-22 23:06:24.15205+03	8	2
31	0.5	0.5	0.5	optimal	stable	2026-05-22 23:06:24.289778+03	2026-05-22 23:11:24.289778+03	0	0	2026-05-22 23:11:24.295669+03	8	2
32	0.5	0.5	0.5	optimal	stable	2026-05-22 23:11:24.485187+03	2026-05-22 23:16:24.485187+03	0	0	2026-05-22 23:16:24.49784+03	8	2
33	0.5	0.5	0.5	optimal	stable	2026-05-22 23:16:24.642003+03	2026-05-22 23:21:24.642003+03	0	0	2026-05-22 23:21:24.650354+03	8	2
34	0.5	0.5	0.5	optimal	stable	2026-05-22 23:21:24.862553+03	2026-05-22 23:26:24.862553+03	0	0	2026-05-22 23:26:24.872577+03	8	2
35	0.5	0.5	0.5	optimal	stable	2026-05-22 23:26:25.042554+03	2026-05-22 23:31:25.042554+03	0	0	2026-05-22 23:31:25.055619+03	8	2
36	0.5	0.5	0.5	optimal	stable	2026-05-22 23:31:25.269563+03	2026-05-22 23:36:25.269563+03	0	0	2026-05-22 23:36:25.275168+03	8	2
37	0.5	0.5	0.5	optimal	stable	2026-05-22 23:36:25.411035+03	2026-05-22 23:41:25.411035+03	0	0	2026-05-22 23:41:25.416167+03	8	2
38	0.5	0.5	0.5	optimal	stable	2026-05-22 23:44:44.541828+03	2026-05-22 23:49:44.541828+03	0	0	2026-05-22 23:49:44.558766+03	8	2
39	0.5	0.5	0.5	optimal	stable	2026-05-24 19:39:33.190461+03	2026-05-24 19:44:33.190461+03	0	0	2026-05-24 19:44:33.20404+03	8	2
40	0.5	0.5	0.5	optimal	stable	2026-05-24 19:44:33.352455+03	2026-05-24 19:49:33.352455+03	0	0	2026-05-24 19:49:33.35962+03	8	2
41	0.5	0.5	0.5	optimal	stable	2026-05-24 19:49:33.519577+03	2026-05-24 19:54:33.519577+03	0	0	2026-05-24 19:54:33.526696+03	8	2
42	0.5	0.5	0.5	optimal	stable	2026-05-24 19:54:33.665261+03	2026-05-24 19:59:33.665261+03	0	0	2026-05-24 19:59:33.671834+03	8	2
43	0.5	0.5	0.5	optimal	stable	2026-05-24 19:59:33.837975+03	2026-05-24 20:04:33.837975+03	0	0	2026-05-24 20:04:33.848839+03	8	2
44	0.5	0.5	0.5	optimal	stable	2026-05-24 20:04:33.990637+03	2026-05-24 20:09:33.990637+03	0	0	2026-05-24 20:09:34.00123+03	8	2
45	0.5	0.5	0.5	optimal	stable	2026-05-24 20:09:34.167917+03	2026-05-24 20:14:34.167917+03	0	0	2026-05-24 20:14:34.176996+03	8	2
46	0.5	0.5	0.5	optimal	stable	2026-05-24 20:14:34.309414+03	2026-05-24 20:19:34.309414+03	0	0	2026-05-24 20:19:34.324064+03	8	2
47	0.5	0.5	0.5	optimal	stable	2026-05-24 20:19:34.470111+03	2026-05-24 20:24:34.470111+03	0	0	2026-05-24 20:24:34.477079+03	8	2
48	0.5	0.5	0.5	optimal	stable	2026-05-24 20:24:34.645159+03	2026-05-24 20:29:34.645159+03	0	0	2026-05-24 20:29:34.654555+03	8	2
49	0.5	0.5	0.5	optimal	stable	2026-05-24 20:29:34.829614+03	2026-05-24 20:34:34.829614+03	0	0	2026-05-24 20:34:34.836503+03	8	2
50	0.5	0.5	0.5	optimal	stable	2026-05-24 20:34:34.970838+03	2026-05-24 20:39:34.970838+03	0	0	2026-05-24 20:39:34.977395+03	8	2
51	0.5	0.5	0.5	optimal	stable	2026-05-24 20:39:35.147699+03	2026-05-24 20:44:35.147699+03	0	0	2026-05-24 20:44:35.151914+03	8	2
52	0.5	0.5	0.5	optimal	stable	2026-05-24 20:44:35.291377+03	2026-05-24 20:49:35.291377+03	0	0	2026-05-24 20:49:35.31476+03	8	2
53	0.5	0.5	0.5	optimal	stable	2026-05-24 20:49:35.473619+03	2026-05-24 20:54:35.473619+03	0	0	2026-05-24 20:54:35.480791+03	8	2
54	0.5	0.5	0.5	optimal	stable	2026-05-24 20:54:35.681418+03	2026-05-24 20:59:35.681418+03	0	0	2026-05-24 20:59:35.688569+03	8	2
55	0.5	0.5	0.5	optimal	stable	2026-05-24 20:59:35.861435+03	2026-05-24 21:04:35.861435+03	0	0	2026-05-24 21:04:35.864947+03	8	2
56	0.5	0.5	0.5	optimal	stable	2026-05-24 21:04:36.025914+03	2026-05-24 21:09:36.025914+03	0	0	2026-05-24 21:09:36.031317+03	8	2
57	0.5	0.5	0.5	optimal	stable	2026-05-24 21:09:36.196327+03	2026-05-24 21:14:36.196327+03	0	0	2026-05-24 21:14:36.209083+03	8	2
58	0.5	0.5	0.5	optimal	stable	2026-05-24 21:14:36.363176+03	2026-05-24 21:19:36.363176+03	0	0	2026-05-24 21:19:36.381245+03	8	2
59	0.5	0.5	0.5	optimal	stable	2026-05-25 18:00:02.48429+03	2026-05-25 18:05:02.48429+03	0	0	2026-05-25 18:05:02.505526+03	8	2
60	0.5	0.5	0.5	optimal	stable	2026-05-25 18:05:02.668542+03	2026-05-25 18:10:02.668542+03	0	0	2026-05-25 18:10:02.681617+03	8	2
61	0.5	0.5	0.5	optimal	stable	2026-05-25 18:10:02.773649+03	2026-05-25 18:15:02.773649+03	0	0	2026-05-25 18:15:02.778169+03	8	2
62	0.5	0.5	0.5	optimal	stable	2026-05-25 18:15:02.918523+03	2026-05-25 18:20:02.918523+03	0	0	2026-05-25 18:20:02.927045+03	8	2
63	0.5	0.5	0.5	optimal	stable	2026-05-25 18:20:03.082939+03	2026-05-25 18:25:03.082939+03	0	0	2026-05-25 18:25:03.089025+03	8	2
64	0.5	0.5	0.5	optimal	stable	2026-05-25 18:25:03.239695+03	2026-05-25 18:30:03.239695+03	0	0	2026-05-25 18:30:03.245584+03	8	2
65	0.5	0.5	0.5	optimal	stable	2026-05-25 18:30:03.414989+03	2026-05-25 18:35:03.414989+03	0	0	2026-05-25 18:35:03.430954+03	8	2
66	0.5	0.5	0.5	optimal	stable	2026-05-25 18:35:03.707003+03	2026-05-25 18:40:03.707003+03	0	0	2026-05-25 18:40:03.71605+03	8	2
67	0.5	0.5	0.5	optimal	stable	2026-05-25 18:52:34.217924+03	2026-05-25 18:57:34.217924+03	0	0	2026-05-25 18:57:34.234505+03	8	2
68	0.5	0.5	0.5	optimal	stable	2026-05-25 18:57:34.361411+03	2026-05-25 19:02:34.361411+03	0	0	2026-05-25 19:02:34.364808+03	8	2
69	0.5	0.5	0.5	optimal	stable	2026-05-25 19:02:34.492267+03	2026-05-25 19:07:34.492267+03	0	0	2026-05-25 19:07:34.497026+03	8	2
70	0.5	0.5	0.5	optimal	stable	2026-05-25 19:07:34.651728+03	2026-05-25 19:12:34.651728+03	0	0	2026-05-25 19:12:34.654366+03	8	2
71	0.5	0.5	0.5	optimal	stable	2026-05-25 19:12:34.795057+03	2026-05-25 19:17:34.795057+03	0	0	2026-05-25 19:17:34.802133+03	8	2
72	0.5	0.5	0.5	optimal	stable	2026-05-25 19:17:34.954779+03	2026-05-25 19:22:34.954779+03	0	0	2026-05-25 19:22:34.963886+03	8	2
73	0.5	0.5	0.5	optimal	stable	2026-05-25 19:23:35.196804+03	2026-05-25 19:28:35.196804+03	0	0	2026-05-25 19:28:35.213961+03	8	2
74	0.5	0.5	0.5	optimal	stable	2026-05-25 19:28:35.435936+03	2026-05-25 19:33:35.435936+03	0	0	2026-05-25 19:33:35.449151+03	8	2
75	0.5	0.5	0.5	optimal	stable	2026-05-25 19:33:35.626309+03	2026-05-25 19:38:35.626309+03	0	0	2026-05-25 19:38:35.647149+03	8	2
76	0.5	0.5	0.5	optimal	stable	2026-05-25 19:38:35.837023+03	2026-05-25 19:43:35.837023+03	0	0	2026-05-25 19:43:35.84911+03	8	2
77	0.5	0.5	0.5	optimal	stable	2026-05-25 19:43:36.053562+03	2026-05-25 19:48:36.053562+03	0	0	2026-05-25 19:48:36.112404+03	8	2
78	0.5	0.5	0.5	optimal	stable	2026-05-25 19:48:36.303801+03	2026-05-25 19:53:36.303801+03	0	0	2026-05-25 19:53:36.322046+03	8	2
79	0.5	0.5	0.5	optimal	stable	2026-05-25 19:53:36.583629+03	2026-05-25 19:58:36.583629+03	0	0	2026-05-25 19:58:36.642471+03	8	2
80	0.5	0.5	0.5	optimal	stable	2026-05-25 19:58:36.887918+03	2026-05-25 20:03:36.887918+03	0	0	2026-05-25 20:03:36.950049+03	8	2
81	0.5	0.5	0.5	optimal	stable	2026-05-25 20:03:37.10681+03	2026-05-25 20:08:37.10681+03	0	0	2026-05-25 20:08:37.1233+03	8	2
82	0.5	0.5	0.5	optimal	stable	2026-05-27 16:14:51.607592+03	2026-05-27 16:19:51.607592+03	0	0	2026-05-27 16:19:51.62629+03	8	2
83	0.5	0.5	0.5	optimal	stable	2026-05-27 16:19:51.780758+03	2026-05-27 16:24:51.780758+03	0	0	2026-05-27 16:24:51.790825+03	8	2
84	0.5	0.5	0.5	optimal	stable	2026-05-27 16:24:51.937255+03	2026-05-27 16:29:51.937255+03	0	0	2026-05-27 16:29:51.947296+03	8	2
85	0.5	0.5	0.5	optimal	stable	2026-05-27 16:29:52.112722+03	2026-05-27 16:34:52.112722+03	0	0	2026-05-27 16:34:52.120767+03	8	2
86	0.5	0.5	0.5	optimal	stable	2026-05-27 16:34:52.296136+03	2026-05-27 16:39:52.296136+03	0	0	2026-05-27 16:39:52.299841+03	8	2
87	0.5	0.5	0.5	optimal	stable	2026-05-27 16:40:21.868227+03	2026-05-27 16:45:21.868227+03	0	0	2026-05-27 16:45:21.879823+03	8	2
88	0.5	0.5	0.5	optimal	stable	2026-05-27 16:45:31.080116+03	2026-05-27 16:50:31.080116+03	0	0	2026-05-27 16:50:31.086859+03	8	2
89	0.5	0.5	0.5	optimal	stable	2026-05-27 16:50:36.270779+03	2026-05-27 16:55:36.270779+03	0	0	2026-05-27 16:55:36.279562+03	8	2
90	0.5	0.5	0.5	optimal	stable	2026-05-27 18:28:48.188258+03	2026-05-27 18:33:48.188258+03	0	0	2026-05-27 18:33:48.20805+03	8	2
91	0.5	0.5	0.5	optimal	stable	2026-05-27 18:33:48.419227+03	2026-05-27 18:38:48.419227+03	0	0	2026-05-27 18:38:48.422939+03	8	2
92	0.5	0.5	0.5	optimal	stable	2026-05-27 18:38:48.67236+03	2026-05-27 18:43:48.67236+03	0	0	2026-05-27 18:43:48.6762+03	8	2
93	0.5	0.5	0.5	optimal	stable	2026-05-27 18:43:48.905476+03	2026-05-27 18:48:48.905476+03	0	0	2026-05-27 18:48:48.919889+03	8	2
94	0.5	0.5	0.5	optimal	stable	2026-05-27 18:48:49.158785+03	2026-05-27 18:53:49.158785+03	0	0	2026-05-27 18:53:49.180496+03	8	2
95	0.5	0.5	0.5	optimal	stable	2026-05-27 18:53:49.323181+03	2026-05-27 18:58:49.323181+03	0	0	2026-05-27 18:58:49.378167+03	8	2
96	0.5	0.59	0.6499999999999999	optimal	stable	2026-05-27 18:58:49.587002+03	2026-05-27 19:03:49.587002+03	0	2	2026-05-27 19:03:49.729479+03	8	2
97	0.5	0.5	0.5	optimal	stable	2026-05-27 19:03:49.966029+03	2026-05-27 19:08:49.966029+03	0	0	2026-05-27 19:08:50.017977+03	8	2
98	0.5	0.5	0.5	optimal	stable	2026-05-27 19:08:50.14118+03	2026-05-27 19:13:50.14118+03	0	0	2026-05-27 19:13:50.192649+03	8	2
99	0.5	0.59	0.6499999999999999	optimal	stable	2026-05-27 19:13:50.389562+03	2026-05-27 19:18:50.389562+03	0	2	2026-05-27 19:18:50.444863+03	8	2
100	0.5	0.5	0.5	optimal	stable	2026-05-27 19:18:50.736487+03	2026-05-27 19:23:50.736487+03	0	0	2026-05-27 19:23:50.798563+03	8	2
101	0.5	0.5	0.5	optimal	stable	2026-05-27 19:24:06.533803+03	2026-05-27 19:29:06.533803+03	0	0	2026-05-27 19:29:06.555666+03	8	2
102	0.5	0.5	0.5	optimal	stable	2026-05-27 19:35:36.95115+03	2026-05-27 19:40:36.95115+03	0	0	2026-05-27 19:40:36.960835+03	8	2
103	0.5	0.8	1	optimal	stable	2026-05-27 20:00:06.588911+03	2026-05-27 20:05:06.588911+03	0	1	2026-05-27 20:05:06.6627+03	8	2
104	0.5	0.38	0.3	optimal	stable	2026-05-27 20:05:06.848614+03	2026-05-27 20:10:06.848614+03	0	1	2026-05-27 20:10:06.896547+03	8	2
105	0.5	0.5	0.5	optimal	stable	2026-05-27 20:10:07.198454+03	2026-05-27 20:15:07.198454+03	0	0	2026-05-27 20:15:07.226459+03	8	2
106	0.5	0.5	0.5	optimal	stable	2026-05-27 20:15:07.523694+03	2026-05-27 20:20:07.523694+03	0	0	2026-05-27 20:20:07.546139+03	8	2
107	0.5	0.52	0.5333333333333333	optimal	stable	2026-05-27 20:20:07.730767+03	2026-05-27 20:25:07.730767+03	0	3	2026-05-27 20:25:07.810556+03	8	2
108	0.5	0.8	1	optimal	stable	2026-05-27 20:25:07.973247+03	2026-05-27 20:30:07.973247+03	0	1	2026-05-27 20:30:08.039224+03	8	2
109	0.5	0.485	0.475	optimal	stable	2026-05-27 20:30:08.306317+03	2026-05-27 20:35:08.306317+03	0	4	2026-05-27 20:35:08.317913+03	8	2
110	0.5	0.52	0.5333333333333333	optimal	stable	2026-05-27 20:35:08.473628+03	2026-05-27 20:40:08.473628+03	0	3	2026-05-27 20:40:08.49251+03	8	2
111	0.5	0.5	0.5	optimal	stable	2026-05-27 20:40:08.654252+03	2026-05-27 20:45:08.654252+03	0	0	2026-05-27 20:45:08.665779+03	8	2
112	0.5	0.5	0.5	optimal	stable	2026-05-27 20:45:08.815669+03	2026-05-27 20:50:08.815669+03	0	0	2026-05-27 20:50:08.826695+03	8	2
113	0.5	0.59	0.6499999999999999	optimal	stable	2026-05-27 20:50:08.977004+03	2026-05-27 20:55:08.977004+03	0	2	2026-05-27 20:55:08.990909+03	8	2
114	0.5	0.5	0.5	optimal	stable	2026-05-27 20:55:09.16564+03	2026-05-27 21:00:09.16564+03	0	0	2026-05-27 21:00:09.170073+03	8	2
115	0.5	0.5	0.5	optimal	stable	2026-05-27 21:00:09.308812+03	2026-05-27 21:05:09.308812+03	0	0	2026-05-27 21:05:09.319546+03	8	2
116	0.5	0.5	0.5	optimal	stable	2026-05-27 21:05:09.468114+03	2026-05-27 21:10:09.468114+03	0	0	2026-05-27 21:10:09.479692+03	8	2
117	0.5	0.5	0.5	optimal	stable	2026-05-27 21:10:09.630175+03	2026-05-27 21:15:09.630175+03	0	0	2026-05-27 21:15:09.636142+03	8	2
118	0.5	0.5	0.5	optimal	stable	2026-05-27 21:15:09.791978+03	2026-05-27 21:20:09.791978+03	0	0	2026-05-27 21:20:09.805001+03	8	2
119	0.5	0.59	0.6499999999999999	optimal	stable	2026-05-27 21:20:09.952545+03	2026-05-27 21:25:09.952545+03	0	2	2026-05-27 21:25:09.96016+03	8	2
120	0.5	0.5	0.5	optimal	stable	2026-05-27 21:25:10.109981+03	2026-05-27 21:30:10.109981+03	0	0	2026-05-27 21:30:10.125009+03	8	2
121	0.5	0.59	0.6499999999999999	optimal	stable	2026-05-27 21:30:10.269385+03	2026-05-27 21:35:10.269385+03	0	2	2026-05-27 21:35:10.281854+03	8	2
122	0.5	0.5	0.5	optimal	stable	2026-05-27 21:35:10.434291+03	2026-05-27 21:40:10.434291+03	0	0	2026-05-27 21:40:10.439467+03	8	2
123	0.5	0.59	0.6499999999999999	optimal	stable	2026-05-27 21:40:10.585524+03	2026-05-27 21:45:10.585524+03	0	2	2026-05-27 21:45:10.596343+03	8	2
124	0.5	0.59	0.6499999999999999	optimal	stable	2026-05-27 21:45:10.741519+03	2026-05-27 21:50:10.741519+03	0	2	2026-05-27 21:50:10.759261+03	8	2
125	0.5	0.5	0.5	optimal	stable	2026-05-27 21:50:10.918932+03	2026-05-27 21:55:10.918932+03	0	0	2026-05-27 21:55:10.924291+03	8	2
126	0.5	0.59	0.6499999999999999	optimal	stable	2026-05-27 21:55:11.051699+03	2026-05-27 22:00:11.051699+03	0	2	2026-05-27 22:00:11.059842+03	8	2
127	0.5	0.5	0.5	optimal	stable	2026-05-27 22:00:11.199508+03	2026-05-27 22:05:11.199508+03	0	0	2026-05-27 22:05:11.211267+03	8	2
128	0.5	0.5	0.5	optimal	stable	2026-05-27 22:05:11.369507+03	2026-05-27 22:10:11.369507+03	0	0	2026-05-27 22:10:11.385665+03	8	2
129	0.5	0.5	0.5	optimal	stable	2026-05-27 22:10:11.588339+03	2026-05-27 22:15:11.588339+03	0	0	2026-05-27 22:15:11.601071+03	8	2
130	0.5	0.5	0.5	optimal	stable	2026-05-27 22:15:11.723261+03	2026-05-27 22:20:11.723261+03	0	0	2026-05-27 22:20:11.726786+03	8	2
131	0.5	0.5	0.5	optimal	stable	2026-05-27 22:20:11.859278+03	2026-05-27 22:25:11.859278+03	0	0	2026-05-27 22:25:11.868097+03	8	2
132	0.5	0.8	1	optimal	stable	2026-05-27 22:36:31.920555+03	2026-05-27 22:41:31.920555+03	0	1	2026-05-27 22:41:31.94538+03	8	2
133	0.5	0.6599999999999999	0.7666666666666666	optimal	stable	2026-05-27 22:41:32.104242+03	2026-05-27 22:46:32.104242+03	0	3	2026-05-27 22:46:32.170078+03	8	2
134	0.5	0.5	0.5	optimal	stable	2026-05-27 22:46:32.372652+03	2026-05-27 22:51:32.372652+03	0	0	2026-05-27 22:51:32.381966+03	8	2
135	0.5	0.5	0.5	optimal	stable	2026-05-27 22:51:32.526496+03	2026-05-27 22:56:32.526496+03	0	0	2026-05-27 22:56:32.539819+03	8	2
136	0.5	0.5	0.5	optimal	stable	2026-05-27 22:56:32.711019+03	2026-05-27 23:01:32.711019+03	0	0	2026-05-27 23:01:32.715752+03	8	2
137	0.5	0.59	0.6499999999999999	optimal	stable	2026-05-27 23:01:32.860272+03	2026-05-27 23:06:32.860272+03	0	4	2026-05-27 23:06:32.879717+03	8	2
138	0.5	0.52	0.5333333333333333	optimal	stable	2026-05-27 23:06:33.053705+03	2026-05-27 23:11:33.053705+03	0	3	2026-05-27 23:11:33.059096+03	8	2
139	0.5	0.5	0.5	optimal	stable	2026-05-27 23:11:33.176792+03	2026-05-27 23:16:33.176792+03	0	0	2026-05-27 23:16:33.191093+03	8	2
140	0.5	0.6599999999999999	0.7666666666666666	optimal	stable	2026-05-27 23:16:33.332081+03	2026-05-27 23:21:33.332081+03	0	3	2026-05-27 23:21:33.342672+03	8	2
141	0.5	0.38	0.3	optimal	stable	2026-05-27 23:21:33.504238+03	2026-05-27 23:26:33.504238+03	0	1	2026-05-27 23:26:33.511461+03	8	2
142	0.5	0.52	0.5333333333333333	optimal	stable	2026-05-27 23:26:33.664678+03	2026-05-27 23:31:33.664678+03	0	3	2026-05-27 23:31:33.6804+03	8	2
143	0.5	0.38	0.3	optimal	stable	2026-05-27 23:31:33.834033+03	2026-05-27 23:36:33.834033+03	0	2	2026-05-27 23:36:33.848509+03	8	2
144	0.5	0.5	0.5	optimal	stable	2026-05-27 23:36:34.005134+03	2026-05-27 23:41:34.005134+03	0	0	2026-05-27 23:41:34.012135+03	8	2
145	0.5	0.52	0.5333333333333333	optimal	stable	2026-05-27 23:44:27.982043+03	2026-05-27 23:49:27.982043+03	0	3	2026-05-27 23:49:27.99326+03	8	2
146	0.5	0.5	0.5	optimal	stable	2026-05-27 23:49:28.208068+03	2026-05-27 23:54:28.208068+03	0	0	2026-05-27 23:54:28.223556+03	8	2
147	0.5	0.5	0.5	optimal	stable	2026-05-27 23:54:28.42746+03	2026-05-27 23:59:28.42746+03	0	0	2026-05-27 23:59:28.439746+03	8	2
148	0.5	0.5	0.5	optimal	stable	2026-05-28 11:49:51.137622+03	2026-05-28 11:54:51.137622+03	0	0	2026-05-28 11:54:51.149234+03	8	2
149	0.5	0.6599999999999999	0.7666666666666666	optimal	stable	2026-05-28 11:54:51.355358+03	2026-05-28 11:59:51.355358+03	0	3	2026-05-28 11:59:51.427623+03	8	2
150	0.5	0.59	0.6499999999999999	optimal	stable	2026-05-28 11:59:51.596462+03	2026-05-28 12:04:51.596462+03	0	2	2026-05-28 12:04:51.614202+03	8	2
151	0.5	0.5	0.5	optimal	stable	2026-05-28 12:04:51.805577+03	2026-05-28 12:09:51.805577+03	0	0	2026-05-28 12:09:51.815617+03	8	2
152	0.5	0.52	0.5333333333333333	optimal	stable	2026-05-28 12:09:51.955403+03	2026-05-28 12:14:51.955403+03	0	3	2026-05-28 12:14:51.974007+03	8	2
153	0.5	0.38	0.3	optimal	stable	2026-05-28 12:14:52.280559+03	2026-05-28 12:19:52.280559+03	0	2	2026-05-28 12:19:52.296453+03	8	2
154	0.5	0.5	0.5	optimal	stable	2026-05-28 12:19:52.501045+03	2026-05-28 12:24:52.501045+03	0	0	2026-05-28 12:24:52.507953+03	8	2
155	0.5	0.5	0.5	optimal	stable	2026-05-28 12:24:52.646778+03	2026-05-28 12:29:52.646778+03	0	0	2026-05-28 12:29:52.657781+03	8	2
156	0.5	0.5	0.5	optimal	stable	2026-05-28 12:29:52.837711+03	2026-05-28 12:34:52.837711+03	0	0	2026-05-28 12:34:52.84811+03	8	2
157	0.5	0.5	0.5	optimal	stable	2026-05-28 12:34:53.03989+03	2026-05-28 12:39:53.03989+03	0	0	2026-05-28 12:39:53.045162+03	8	2
158	0.5	0.5	0.5	optimal	stable	2026-05-28 12:39:53.251014+03	2026-05-28 12:44:53.251014+03	0	0	2026-05-28 12:44:53.259762+03	8	2
159	0.5	0.5	0.5	optimal	stable	2026-05-28 12:52:02.886073+03	2026-05-28 12:57:02.886073+03	0	0	2026-05-28 12:57:02.910886+03	8	2
160	0.5	0.5	0.5	optimal	stable	2026-05-28 12:57:15.844898+03	2026-05-28 13:02:15.844898+03	0	0	2026-05-28 13:02:15.866344+03	8	2
161	0.5	0.8	1	optimal	stable	2026-05-28 13:02:16.03173+03	2026-05-28 13:07:16.03173+03	0	3	2026-05-28 13:07:16.051367+03	8	2
162	0.5	0.5	0.5	optimal	stable	2026-05-28 13:07:16.228174+03	2026-05-28 13:12:16.228174+03	0	0	2026-05-28 13:12:16.233123+03	8	2
163	0.5	0.5	0.5	optimal	stable	2026-05-28 13:12:16.439387+03	2026-05-28 13:17:16.439387+03	0	0	2026-05-28 13:17:16.44507+03	8	2
164	0.5	0.59	0.6499999999999999	optimal	stable	2026-05-28 13:17:16.624699+03	2026-05-28 13:22:16.624699+03	0	2	2026-05-28 13:22:16.635171+03	8	2
165	0.5	0.5	0.5	optimal	stable	2026-05-28 13:22:17.274068+03	2026-05-28 13:27:17.274068+03	0	0	2026-05-28 13:27:17.290574+03	8	2
166	0.5	0.59	0.6499999999999999	optimal	stable	2026-05-28 13:27:19.253431+03	2026-05-28 13:32:19.253431+03	0	2	2026-05-28 13:32:19.269252+03	8	2
167	0.5	0.5	0.5	optimal	stable	2026-05-28 13:32:28.900039+03	2026-05-28 13:37:28.900039+03	0	0	2026-05-28 13:37:28.925478+03	8	2
168	0.5	0.5	0.5	optimal	stable	2026-05-28 13:42:14.773927+03	2026-05-28 13:47:14.773927+03	0	0	2026-05-28 13:47:14.787241+03	8	2
169	0.5	0.5	0.5	optimal	stable	2026-05-28 13:47:15.000264+03	2026-05-28 13:52:15.000264+03	0	0	2026-05-28 13:52:15.009066+03	8	2
170	0.5	0.5	0.5	optimal	stable	2026-05-28 13:52:15.165247+03	2026-05-28 13:57:15.165247+03	0	0	2026-05-28 13:57:15.174363+03	8	2
171	0.5	0.5	0.5	optimal	stable	2026-05-28 14:21:45.896567+03	2026-05-28 14:26:45.896567+03	0	0	2026-05-28 14:26:45.906391+03	8	2
172	0.5	0.52	0.5333333333333333	optimal	stable	2026-05-28 14:26:46.040472+03	2026-05-28 14:31:46.040472+03	0	3	2026-05-28 14:31:46.069431+03	8	2
173	0.5	0.59	0.6499999999999999	optimal	stable	2026-05-28 14:31:46.243718+03	2026-05-28 14:36:46.243718+03	0	2	2026-05-28 14:36:46.264684+03	8	2
174	0.5	0.5	0.5	optimal	stable	2026-05-28 14:36:46.450047+03	2026-05-28 14:41:46.450047+03	0	0	2026-05-28 14:41:46.460352+03	8	2
175	0.5	0.5	0.5	optimal	stable	2026-05-28 14:41:46.619217+03	2026-05-28 14:46:46.619217+03	0	0	2026-05-28 14:46:46.630221+03	8	2
176	0.5	0.52	0.5333333333333333	optimal	stable	2026-05-28 14:46:46.800746+03	2026-05-28 14:51:46.800746+03	0	3	2026-05-28 14:51:46.813683+03	8	2
177	0.5	0.5	0.5	optimal	stable	2026-05-28 14:51:46.950637+03	2026-05-28 14:56:46.950637+03	0	0	2026-05-28 14:56:46.961824+03	8	2
178	0.5	0.59	0.6499999999999999	optimal	stable	2026-05-28 14:56:47.112932+03	2026-05-28 15:01:47.112932+03	0	2	2026-05-28 15:01:47.125308+03	8	2
179	0.5	0.5	0.5	optimal	stable	2026-05-28 15:01:47.278222+03	2026-05-28 15:06:47.278222+03	0	0	2026-05-28 15:06:47.284239+03	8	2
180	0.5	0.5	0.5	optimal	stable	2026-05-28 15:06:47.416609+03	2026-05-28 15:11:47.416609+03	0	0	2026-05-28 15:11:47.423386+03	8	2
181	0.5	0.5	0.5	optimal	stable	2026-05-28 15:11:47.605851+03	2026-05-28 15:16:47.605851+03	0	0	2026-05-28 15:16:47.617191+03	8	2
182	0.5	0.52	0.5333333333333333	optimal	stable	2026-05-28 15:16:47.762525+03	2026-05-28 15:21:47.762525+03	0	3	2026-05-28 15:21:47.782438+03	8	2
183	0.5	0.5	0.5	optimal	stable	2026-05-28 15:21:47.948793+03	2026-05-28 15:26:47.948793+03	0	0	2026-05-28 15:26:47.953052+03	8	2
184	0.5	0.5	0.5	optimal	stable	2026-05-28 15:26:48.039165+03	2026-05-28 15:31:48.039165+03	0	0	2026-05-28 15:31:48.059108+03	8	2
185	0.5	0.59	0.6499999999999999	optimal	stable	2026-05-28 15:31:48.208759+03	2026-05-28 15:36:48.208759+03	0	2	2026-05-28 15:36:48.227698+03	8	2
186	0.5	0.59	0.6499999999999999	optimal	stable	2026-05-28 15:36:48.393486+03	2026-05-28 15:41:48.393486+03	0	2	2026-05-28 15:41:48.406368+03	8	2
187	0.5	0.5	0.5	optimal	stable	2026-05-28 15:41:48.553256+03	2026-05-28 15:46:48.553256+03	0	0	2026-05-28 15:46:48.564461+03	8	2
188	0.5	0.8	1	optimal	stable	2026-05-28 15:46:48.71309+03	2026-05-28 15:51:48.71309+03	0	1	2026-05-28 15:51:48.730023+03	8	2
189	0.5	0.548	0.5800000000000001	optimal	stable	2026-05-28 15:51:48.881278+03	2026-05-28 15:56:48.881278+03	0	5	2026-05-28 15:56:48.897425+03	8	2
190	0.5	0.5	0.5	optimal	stable	2026-05-28 15:56:49.047194+03	2026-05-28 16:01:49.047194+03	0	0	2026-05-28 16:01:49.054647+03	8	2
191	0.5	0.5	0.5	optimal	stable	2026-05-28 16:01:49.221475+03	2026-05-28 16:06:49.221475+03	0	0	2026-05-28 16:06:49.230079+03	8	2
192	0.5	0.52	0.5333333333333333	optimal	stable	2026-05-28 16:06:49.330128+03	2026-05-28 16:11:49.330128+03	0	3	2026-05-28 16:11:49.365957+03	8	2
193	0.5	0.5	0.5	optimal	stable	2026-05-28 16:11:49.515216+03	2026-05-28 16:16:49.515216+03	0	0	2026-05-28 16:16:49.523509+03	8	2
194	0.5	0.5	0.5	optimal	stable	2026-05-28 16:16:49.692459+03	2026-05-28 16:21:49.692459+03	0	0	2026-05-28 16:21:49.696781+03	8	2
195	0.5	0.5	0.5	optimal	stable	2026-05-28 16:21:49.849581+03	2026-05-28 16:26:49.849581+03	0	0	2026-05-28 16:26:49.855422+03	8	2
196	0.5	0.5	0.5	optimal	stable	2026-05-28 16:26:50.000315+03	2026-05-28 16:31:50.000315+03	0	0	2026-05-28 16:31:50.010431+03	8	2
197	0.5	0.5	0.5	optimal	stable	2026-05-28 16:31:50.168384+03	2026-05-28 16:36:50.168384+03	0	0	2026-05-28 16:36:50.175656+03	8	2
198	0.5	0.716	0.8600000000000001	optimal	stable	2026-05-28 16:36:50.375784+03	2026-05-28 16:41:50.375784+03	0	5	2026-05-28 16:41:50.388035+03	8	2
199	0.5	0.38	0.3	optimal	stable	2026-05-28 16:41:50.633813+03	2026-05-28 16:46:50.633813+03	0	2	2026-05-28 16:46:50.654839+03	8	2
200	0.5	0.5	0.5	optimal	stable	2026-05-28 16:46:50.869305+03	2026-05-28 16:51:50.869305+03	0	0	2026-05-28 16:51:50.884953+03	8	2
201	0.5	0.59	0.6499999999999999	optimal	stable	2026-05-28 16:51:51.107013+03	2026-05-28 16:56:51.107013+03	0	2	2026-05-28 16:56:51.126888+03	8	2
202	0.5	0.5	0.5	optimal	stable	2026-05-28 16:56:51.332899+03	2026-05-28 17:01:51.332899+03	0	0	2026-05-28 17:01:51.344241+03	8	2
203	0.5	0.5	0.5	optimal	stable	2026-05-28 17:01:51.518145+03	2026-05-28 17:06:51.518145+03	0	0	2026-05-28 17:06:51.525513+03	8	2
204	0.5	0.8	1	optimal	stable	2026-05-28 17:07:00.024591+03	2026-05-28 17:12:00.024591+03	0	1	2026-05-28 17:12:00.045583+03	8	2
205	0.5	0.38	0.3	optimal	stable	2026-05-28 17:12:00.21874+03	2026-05-28 17:17:00.21874+03	0	1	2026-05-28 17:17:00.237815+03	8	2
206	0.5	0.5	0.5	optimal	stable	2026-05-28 17:17:00.44658+03	2026-05-28 17:22:00.44658+03	0	0	2026-05-28 17:22:00.454764+03	8	2
207	0.5	0.5	0.5	optimal	stable	2026-05-28 17:22:00.627648+03	2026-05-28 17:27:00.627648+03	0	0	2026-05-28 17:27:00.634878+03	8	2
208	0.5	0.5	0.5	optimal	stable	2026-05-28 17:27:00.885892+03	2026-05-28 17:32:00.885892+03	0	0	2026-05-28 17:32:00.892466+03	8	2
210	0.5	0.59	0.6499999999999999	optimal	stable	2026-05-30 15:04:55.587482+03	2026-05-30 15:09:55.587482+03	0	4	2026-05-30 15:09:55.634105+03	8	2
209	0.5	0.59	0.6499999999999999	optimal	stable	2026-05-30 15:04:55.590049+03	2026-05-30 15:09:55.590049+03	0	4	2026-05-30 15:09:55.634105+03	8	2
211	0.5	0.59	0.6499999999999999	optimal	stable	2026-05-30 15:09:57.038093+03	2026-05-30 15:14:57.038093+03	0	8	2026-05-30 15:14:57.078677+03	8	2
212	0.5	0.5	0.5	optimal	stable	2026-05-30 15:14:57.158701+03	2026-05-30 15:19:57.158701+03	0	0	2026-05-30 15:19:57.186559+03	8	2
213	0.5	0.59	0.6499999999999999	optimal	stable	2026-05-30 15:19:57.755763+03	2026-05-30 15:24:57.755763+03	0	4	2026-05-30 15:24:57.797709+03	8	2
214	0.5	0.59	0.6499999999999999	optimal	stable	2026-05-30 15:24:58.341612+03	2026-05-30 15:29:58.341612+03	0	4	2026-05-30 15:29:58.384053+03	8	2
216	0.5	0.5	0.5	optimal	stable	2026-05-30 17:18:59.936288+03	2026-05-30 17:23:59.936288+03	0	0	2026-05-30 17:23:59.954287+03	8	2
215	0.5	0.5	0.5	optimal	stable	2026-05-30 17:18:59.93687+03	2026-05-30 17:23:59.93687+03	0	0	2026-05-30 17:23:59.953275+03	8	2
217	0.5	0.59	0.6499999999999999	optimal	stable	2026-05-30 17:23:59.972712+03	2026-05-30 17:28:59.972712+03	0	4	2026-05-30 17:29:00.002851+03	8	2
218	0.5	0.38	0.3	optimal	stable	2026-05-30 17:48:05.605342+03	2026-05-30 17:53:05.605342+03	0	2	2026-05-30 17:53:05.637707+03	8	2
219	0.5	0.38	0.3	optimal	stable	2026-05-30 17:48:05.641997+03	2026-05-30 17:53:05.641997+03	0	2	2026-05-30 17:53:05.669784+03	8	2
220	0.5	0.5	0.5	optimal	stable	2026-05-30 17:53:09.232883+03	2026-05-30 17:58:09.232883+03	0	0	2026-05-30 17:58:09.268167+03	8	2
221	0.5	0.59	0.6499999999999999	optimal	stable	2026-05-30 17:58:10.642478+03	2026-05-30 18:03:10.642478+03	0	4	2026-05-30 18:03:10.684937+03	8	2
222	0.5	0.59	0.6499999999999999	optimal	stable	2026-05-30 17:58:10.660878+03	2026-05-30 18:03:10.660878+03	0	4	2026-05-30 18:03:10.689565+03	8	2
223	0.5	0.38	0.3	optimal	stable	2026-05-30 18:03:11.34825+03	2026-05-30 18:08:11.34825+03	0	2	2026-05-30 18:08:11.38263+03	8	2
224	0.5	0.5	0.5	optimal	stable	2026-06-01 14:19:07.337299+03	2026-06-01 14:24:07.337299+03	0	0	2026-06-01 14:24:07.397992+03	8	2
225	0.5	0.5	0.5	optimal	stable	2026-06-01 14:19:07.415309+03	2026-06-01 14:24:07.415309+03	0	0	2026-06-01 14:24:07.447282+03	8	2
226	0.5	0.5	0.5	optimal	stable	2026-06-01 14:31:30.745153+03	2026-06-01 14:36:30.745153+03	0	0	2026-06-01 14:36:30.773541+03	8	2
227	0.5	0.5	0.5	optimal	stable	2026-06-01 14:31:30.759624+03	2026-06-01 14:36:30.759624+03	0	0	2026-06-01 14:36:30.787824+03	8	2
228	0.5	0.5	0.5	optimal	stable	2026-06-05 01:28:46.303349+03	2026-06-05 01:33:46.303349+03	0	0	2026-06-05 01:33:46.349134+03	8	2
229	0.5	0.5	0.5	optimal	stable	2026-06-05 01:28:46.292934+03	2026-06-05 01:33:46.292934+03	0	0	2026-06-05 01:33:46.350239+03	8	2
230	0.5	0.5	0.5	optimal	stable	2026-06-05 01:33:48.073772+03	2026-06-05 01:38:48.073772+03	0	0	2026-06-05 01:38:48.088317+03	8	2
231	0.5	0.5	0.5	optimal	stable	2026-06-05 01:38:48.827808+03	2026-06-05 01:43:48.827808+03	0	0	2026-06-05 01:43:48.84339+03	8	2
232	0.5	0.5	0.5	optimal	stable	2026-06-05 01:56:47.040526+03	2026-06-05 02:01:47.040526+03	0	0	2026-06-05 02:01:47.077137+03	8	2
233	0.5	0.5	0.5	optimal	stable	2026-06-05 02:18:29.801197+03	2026-06-05 02:23:29.801197+03	0	0	2026-06-05 02:23:29.821924+03	9	9
234	0.5	0.38	0.3	optimal	stable	2026-06-05 02:48:18.649909+03	2026-06-05 02:53:18.649909+03	0	2	2026-06-05 02:53:18.675152+03	9	9
235	0.5	0.38	0.3	optimal	stable	2026-06-05 02:48:18.690523+03	2026-06-05 02:53:18.690523+03	0	2	2026-06-05 02:53:18.703068+03	8	2
236	0.5	0.5	0.5	optimal	stable	2026-06-05 02:53:18.80566+03	2026-06-05 02:58:18.80566+03	0	0	2026-06-05 02:58:18.824635+03	9	9
237	0.5	0.5	0.5	optimal	stable	2026-06-05 02:53:18.837125+03	2026-06-05 02:58:18.837125+03	0	0	2026-06-05 02:58:18.842883+03	8	2
238	0.5	0.5	0.5	optimal	stable	2026-06-09 22:33:30.953737+03	2026-06-09 22:38:30.953737+03	0	0	2026-06-09 22:38:30.986656+03	10	6
239	0.5	0.5	0.5	optimal	stable	2026-06-09 22:38:31.133347+03	2026-06-09 22:43:31.133347+03	0	0	2026-06-09 22:43:31.14384+03	10	6
240	0.5	0.5	0.5	optimal	stable	2026-06-09 22:43:31.327086+03	2026-06-09 22:48:31.327086+03	0	0	2026-06-09 22:48:31.340121+03	10	6
241	0.5	0.5	0.5	optimal	stable	2026-06-09 22:44:01.371529+03	2026-06-09 22:49:01.371529+03	0	0	2026-06-09 22:49:01.383873+03	9	9
242	0.5	0.5	0.5	optimal	stable	2026-06-09 22:48:31.550187+03	2026-06-09 22:53:31.550187+03	0	0	2026-06-09 22:53:31.558585+03	10	6
243	0.5	0.5	0.5	optimal	stable	2026-06-09 22:49:01.579214+03	2026-06-09 22:54:01.579214+03	0	0	2026-06-09 22:54:01.586147+03	9	9
244	0.5	0.5	0.5	optimal	stable	2026-06-09 22:53:31.798868+03	2026-06-09 22:58:31.798868+03	0	0	2026-06-09 22:58:31.809215+03	10	6
245	0.5	0.5	0.5	optimal	stable	2026-06-09 22:54:01.837224+03	2026-06-09 22:59:01.837224+03	0	0	2026-06-09 22:59:01.850039+03	9	9
246	0.5	0.5	0.5	optimal	stable	2026-06-09 22:58:32.028698+03	2026-06-09 23:03:32.028698+03	0	0	2026-06-09 23:03:32.034598+03	10	6
247	0.5	0.5	0.5	optimal	stable	2026-06-09 22:59:02.062038+03	2026-06-09 23:04:02.062038+03	0	0	2026-06-09 23:04:02.072291+03	9	9
248	0.5	0.5	0.5	optimal	stable	2026-06-09 23:04:02.229236+03	2026-06-09 23:09:02.229236+03	0	0	2026-06-09 23:09:02.240254+03	9	9
249	0.5	0.5	0.5	optimal	stable	2026-06-09 23:09:02.397434+03	2026-06-09 23:14:02.397434+03	0	0	2026-06-09 23:14:02.405036+03	9	9
250	0.5	0.5	0.5	optimal	stable	2026-06-09 23:14:02.555596+03	2026-06-09 23:19:02.555596+03	0	0	2026-06-09 23:19:02.565411+03	9	9
251	0.5	0.5	0.5	optimal	stable	2026-06-09 23:50:03.342008+03	2026-06-09 23:55:03.342008+03	0	0	2026-06-09 23:55:03.349929+03	9	9
252	0.5	0.5	0.5	optimal	stable	2026-06-09 23:55:03.517351+03	2026-06-10 00:00:03.517351+03	0	0	2026-06-10 00:00:03.525576+03	9	9
253	0.5	0.5	0.5	optimal	stable	2026-06-10 00:00:03.699514+03	2026-06-10 00:05:03.699514+03	0	0	2026-06-10 00:05:03.709739+03	9	9
254	0.5	0.5	0.5	optimal	stable	2026-06-10 00:01:03.749886+03	2026-06-10 00:06:03.749886+03	0	0	2026-06-10 00:06:03.756139+03	11	9
255	0.5	0.5	0.5	optimal	stable	2026-06-10 00:05:03.897575+03	2026-06-10 00:10:03.897575+03	0	0	2026-06-10 00:10:03.908024+03	9	9
256	0.5	0.5	0.5	optimal	stable	2026-06-10 00:06:03.944239+03	2026-06-10 00:11:03.944239+03	0	0	2026-06-10 00:11:03.953987+03	11	9
257	0.5	0.5	0.5	optimal	stable	2026-06-10 00:10:04.128695+03	2026-06-10 00:15:04.128695+03	0	0	2026-06-10 00:15:04.137656+03	9	9
258	0.5	0.5	0.5	optimal	stable	2026-06-10 00:11:04.192037+03	2026-06-10 00:16:04.192037+03	0	0	2026-06-10 00:16:04.20122+03	11	9
259	0.5	0.5	0.5	optimal	stable	2026-06-10 00:15:04.336439+03	2026-06-10 00:20:04.336439+03	0	0	2026-06-10 00:20:04.348125+03	9	9
260	0.5	0.5	0.5	optimal	stable	2026-06-10 00:16:04.388816+03	2026-06-10 00:21:04.388816+03	0	0	2026-06-10 00:21:04.405502+03	11	9
261	0.5	0.5	0.5	optimal	stable	2026-06-10 00:21:04.63097+03	2026-06-10 00:26:04.63097+03	0	0	2026-06-10 00:26:04.644264+03	11	9
262	0.5	0.5	0.5	optimal	stable	2026-06-10 00:26:04.854917+03	2026-06-10 00:31:04.854917+03	0	0	2026-06-10 00:31:04.867858+03	11	9
263	0.5	0.5	0.5	optimal	stable	2026-06-10 00:31:05.058491+03	2026-06-10 00:36:05.058491+03	0	0	2026-06-10 00:36:05.070189+03	11	9
264	0.5	0.5	0.5	optimal	stable	2026-06-10 00:39:01.437284+03	2026-06-10 00:44:01.437284+03	0	0	2026-06-10 00:44:01.445116+03	11	9
265	0.5	0.5	0.5	optimal	stable	2026-06-10 00:44:01.600427+03	2026-06-10 00:49:01.600427+03	0	0	2026-06-10 00:49:01.615088+03	11	9
267	0.5	0.5	0.5	optimal	stable	2026-06-20 16:49:54.72134+03	2026-06-20 16:54:54.72134+03	0	0	2026-06-20 16:54:54.729933+03	8	2
268	0.5	0.5	0.5	optimal	stable	2026-06-20 16:54:24.908853+03	2026-06-20 16:59:24.908853+03	0	0	2026-06-20 16:59:24.91986+03	11	9
269	0.5	0.5	0.5	optimal	stable	2026-06-20 16:54:54.940362+03	2026-06-20 16:59:54.940362+03	0	0	2026-06-20 16:59:54.94678+03	8	2
270	0.5	0.5	0.5	optimal	stable	2026-06-20 16:59:25.103764+03	2026-06-20 17:04:25.103764+03	0	0	2026-06-20 17:04:25.107447+03	11	9
271	0.5	0.5	0.5	optimal	stable	2026-06-20 16:59:55.125976+03	2026-06-20 17:04:55.125976+03	0	0	2026-06-20 17:04:55.138545+03	8	2
272	0.5	0.5	0.5	optimal	stable	2026-06-20 17:04:25.275447+03	2026-06-20 17:09:25.275447+03	0	0	2026-06-20 17:09:25.283034+03	11	9
273	0.5	0.5	0.5	optimal	stable	2026-06-20 17:04:55.306284+03	2026-06-20 17:09:55.306284+03	0	0	2026-06-20 17:09:55.312618+03	8	2
274	0.5	0.5	0.5	optimal	stable	2026-06-20 17:09:25.443957+03	2026-06-20 17:14:25.443957+03	0	0	2026-06-20 17:14:25.450887+03	11	9
275	0.5	0.5	0.5	optimal	stable	2026-06-20 17:09:55.466302+03	2026-06-20 17:14:55.466302+03	0	0	2026-06-20 17:14:55.471425+03	8	2
276	0.5	0.5	0.5	optimal	stable	2026-06-20 17:15:39.739091+03	2026-06-20 17:20:39.739091+03	0	0	2026-06-20 17:20:39.750131+03	8	2
277	0.5	0.5	0.5	optimal	stable	2026-06-20 17:15:39.757849+03	2026-06-20 17:20:39.757849+03	0	0	2026-06-20 17:20:39.766369+03	11	9
278	0.5	0.5	0.5	optimal	stable	2026-06-20 17:20:39.935116+03	2026-06-20 17:25:39.935116+03	0	0	2026-06-20 17:25:39.941785+03	11	9
279	0.5	0.5	0.5	optimal	stable	2026-06-20 18:36:33.122769+03	2026-06-20 18:41:33.122769+03	0	0	2026-06-20 18:41:33.138516+03	11	9
280	0.5	0.5	0.5	optimal	stable	2026-06-20 18:41:33.318472+03	2026-06-20 18:46:33.318472+03	0	0	2026-06-20 18:46:33.378702+03	11	9
281	0.5	0.5	0.5	optimal	stable	2026-06-20 18:47:37.599679+03	2026-06-20 18:52:37.599679+03	0	0	2026-06-20 18:52:37.638842+03	8	2
283	0.5	0.8	1	optimal	stable	2026-06-20 18:52:39.952258+03	2026-06-20 18:57:39.952258+03	0	2	2026-06-20 18:57:40.023034+03	8	2
282	0.5	0.8	1	optimal	stable	2026-06-20 18:52:39.952258+03	2026-06-20 18:57:39.952258+03	0	2	2026-06-20 18:57:40.023034+03	8	2
284	0.5	0.5	0.5	optimal	stable	2026-06-20 18:57:40.221364+03	2026-06-20 19:02:40.221364+03	0	0	2026-06-20 19:02:40.247963+03	8	2
285	0.5	0.5	0.5	optimal	stable	2026-06-20 19:03:04.016514+03	2026-06-20 19:08:04.016514+03	0	0	2026-06-20 19:08:04.029411+03	8	2
286	0.5	0.5	0.5	optimal	stable	2026-06-20 19:08:04.255991+03	2026-06-20 19:13:04.255991+03	0	0	2026-06-20 19:13:04.266049+03	8	2
287	0.5	0.5	0.5	optimal	stable	2026-06-20 19:13:04.486263+03	2026-06-20 19:18:04.486263+03	0	0	2026-06-20 19:18:04.503671+03	8	2
288	0.5	0.5	0.5	optimal	stable	2026-06-20 19:30:10.662504+03	2026-06-20 19:35:10.662504+03	0	0	2026-06-20 19:35:10.721515+03	8	2
289	0.5	0.5	0.5	optimal	stable	2026-06-20 19:35:12.540141+03	2026-06-20 19:40:12.540141+03	0	0	2026-06-20 19:40:12.555395+03	8	2
290	0.5	0.5	0.5	optimal	stable	2026-06-20 19:40:12.762586+03	2026-06-20 19:45:12.762586+03	0	0	2026-06-20 19:45:12.777618+03	8	2
291	0.5	0.5	0.5	optimal	stable	2026-06-20 21:01:35.540286+03	2026-06-20 21:06:35.540286+03	0	0	2026-06-20 21:06:35.568226+03	8	2
292	0.5	0.5	0.5	optimal	stable	2026-06-20 21:06:35.719169+03	2026-06-20 21:11:35.719169+03	0	0	2026-06-20 21:11:35.733045+03	8	2
293	0.5	0.5	0.5	optimal	stable	2026-06-20 21:11:42.131127+03	2026-06-20 21:16:42.131127+03	0	0	2026-06-20 21:16:42.147284+03	8	2
294	0.5	0.5	0.5	optimal	stable	2026-06-20 21:16:42.354073+03	2026-06-20 21:21:42.354073+03	0	0	2026-06-20 21:21:42.364603+03	8	2
295	0.5	0.5	0.5	optimal	stable	2026-06-20 21:54:53.788621+03	2026-06-20 21:59:53.788621+03	0	0	2026-06-20 21:59:53.798524+03	8	2
296	0.5	0.5	0.5	optimal	stable	2026-06-20 21:59:53.929458+03	2026-06-20 22:04:53.929458+03	0	0	2026-06-20 22:04:53.934617+03	8	2
297	0.5	0.5	0.5	optimal	stable	2026-06-20 22:04:54.070703+03	2026-06-20 22:09:54.070703+03	0	0	2026-06-20 22:09:54.074503+03	8	2
298	0.5	0.5	0.5	optimal	stable	2026-06-20 22:09:54.252368+03	2026-06-20 22:14:54.252368+03	0	0	2026-06-20 22:14:54.255369+03	8	2
299	0.5	0.5	0.5	optimal	stable	2026-06-20 22:14:54.403368+03	2026-06-20 22:19:54.403368+03	0	0	2026-06-20 22:19:54.407203+03	8	2
300	0.5	0.5	0.5	optimal	stable	2026-06-20 22:19:54.538322+03	2026-06-20 22:24:54.538322+03	0	0	2026-06-20 22:24:54.543444+03	8	2
301	0.5	0.5	0.5	optimal	stable	2026-06-20 22:52:11.660458+03	2026-06-20 22:57:11.660458+03	0	0	2026-06-20 22:57:11.66939+03	8	2
302	0.5	0.5	0.5	optimal	stable	2026-06-20 22:57:11.727583+03	2026-06-20 23:02:11.727583+03	0	0	2026-06-20 23:02:11.736228+03	8	2
303	0.5	0.5	0.5	optimal	stable	2026-06-20 23:02:11.783283+03	2026-06-20 23:07:11.783283+03	0	0	2026-06-20 23:07:11.793649+03	8	2
304	0.5	0.5	0.5	optimal	stable	2026-06-20 23:07:16.616175+03	2026-06-20 23:12:16.616175+03	0	0	2026-06-20 23:12:16.624515+03	8	2
305	0.5	0.5	0.5	optimal	stable	2026-06-20 23:13:08.443376+03	2026-06-20 23:18:08.443376+03	0	0	2026-06-20 23:18:08.464506+03	8	2
306	0.5	0.5	0.5	optimal	stable	2026-06-20 23:20:26.591282+03	2026-06-20 23:25:26.591282+03	0	0	2026-06-20 23:25:26.619898+03	8	2
307	0.5	0.5	0.5	optimal	stable	2026-06-20 23:25:50.046828+03	2026-06-20 23:30:50.046828+03	0	0	2026-06-20 23:30:50.054883+03	8	2
308	0.5	0.5	0.5	optimal	stable	2026-06-20 23:30:50.198692+03	2026-06-20 23:35:50.198692+03	0	0	2026-06-20 23:35:50.202045+03	8	2
309	0.5	0.8	1	optimal	stable	2026-06-20 23:35:50.35158+03	2026-06-20 23:40:50.35158+03	0	2	2026-06-20 23:40:50.358762+03	8	2
310	0.5	0.5	0.5	optimal	stable	2026-06-20 23:40:50.485989+03	2026-06-20 23:45:50.485989+03	0	0	2026-06-20 23:45:50.490805+03	8	2
311	0.5	0.5	0.5	optimal	stable	2026-06-20 23:47:40.127084+03	2026-06-20 23:52:40.127084+03	0	0	2026-06-20 23:52:40.144451+03	8	2
312	0.5	0.8	1	optimal	stable	2026-06-20 23:52:40.293672+03	2026-06-20 23:57:40.293672+03	0	2	2026-06-20 23:57:40.310483+03	8	2
313	0.5	0.8	1	optimal	stable	2026-06-21 00:13:10.762281+03	2026-06-21 00:18:10.762281+03	0	2	2026-06-21 00:18:10.7812+03	8	2
314	0.5	0.5	0.5	optimal	stable	2026-06-21 00:18:10.981063+03	2026-06-21 00:23:10.981063+03	0	0	2026-06-21 00:23:10.996461+03	8	2
315	0.5	0.5	0.5	optimal	stable	2026-06-21 00:23:11.176819+03	2026-06-21 00:28:11.176819+03	0	0	2026-06-21 00:28:11.186144+03	8	2
316	0.5	0.5	0.5	optimal	stable	2026-06-21 00:28:11.402968+03	2026-06-21 00:33:11.402968+03	0	0	2026-06-21 00:33:11.414538+03	8	2
317	0.5	0.5	0.5	optimal	stable	2026-06-21 00:33:11.618484+03	2026-06-21 00:38:11.618484+03	0	0	2026-06-21 00:38:11.633038+03	8	2
318	0.5	0.5	0.5	optimal	stable	2026-06-21 00:38:11.841972+03	2026-06-21 00:43:11.841972+03	0	0	2026-06-21 00:43:11.851802+03	8	2
319	0.5	0.5	0.5	optimal	stable	2026-06-21 00:43:12.047082+03	2026-06-21 00:48:12.047082+03	0	0	2026-06-21 00:48:12.057055+03	8	2
320	0.5	0.5	0.5	optimal	stable	2026-06-21 00:48:42.260218+03	2026-06-21 00:53:42.260218+03	0	0	2026-06-21 00:53:42.274476+03	8	2
321	0.5	0.8	1	optimal	stable	2026-06-21 00:53:42.45895+03	2026-06-21 00:58:42.45895+03	0	2	2026-06-21 00:58:42.478037+03	8	2
322	0.5	0.5	0.5	optimal	stable	2026-06-21 00:58:42.654284+03	2026-06-21 01:03:42.654284+03	0	0	2026-06-21 01:03:42.659153+03	8	2
323	0.5	0.5	0.5	optimal	stable	2026-06-21 01:03:42.845146+03	2026-06-21 01:08:42.845146+03	0	0	2026-06-21 01:08:42.860162+03	8	2
324	0.5	0.5	0.5	optimal	stable	2026-06-21 01:08:43.020799+03	2026-06-21 01:13:43.020799+03	0	0	2026-06-21 01:13:43.024635+03	8	2
325	0.5	0.5	0.5	optimal	stable	2026-06-21 01:13:43.22105+03	2026-06-21 01:18:43.22105+03	0	0	2026-06-21 01:18:43.24378+03	8	2
326	0.5	0.5	0.5	optimal	stable	2026-06-21 01:46:44.099898+03	2026-06-21 01:51:44.099898+03	0	0	2026-06-21 01:51:44.109001+03	8	2
327	0.5	0.5	0.5	optimal	stable	2026-06-21 01:51:44.331581+03	2026-06-21 01:56:44.331581+03	0	0	2026-06-21 01:56:44.341814+03	8	2
328	0.5	0.5	0.5	optimal	stable	2026-06-21 01:56:44.47891+03	2026-06-21 02:01:44.47891+03	0	0	2026-06-21 02:01:44.486149+03	8	2
329	0.5	0.5	0.5	optimal	stable	2026-06-21 02:01:44.654839+03	2026-06-21 02:06:44.654839+03	0	0	2026-06-21 02:06:44.66625+03	8	2
330	0.5	0.5	0.5	optimal	stable	2026-06-21 02:06:44.82458+03	2026-06-21 02:11:44.82458+03	0	0	2026-06-21 02:11:44.83616+03	8	2
331	0.5	0.5	0.5	optimal	stable	2026-06-21 02:11:45.043472+03	2026-06-21 02:16:45.043472+03	0	0	2026-06-21 02:16:45.055732+03	8	2
332	0.5	0.8	1	optimal	stable	2026-06-21 02:16:45.312743+03	2026-06-21 02:21:45.312743+03	0	2	2026-06-21 02:21:45.336087+03	8	2
333	0.5	0.5	0.5	optimal	stable	2026-06-21 02:21:45.496399+03	2026-06-21 02:26:45.496399+03	0	0	2026-06-21 02:26:45.505104+03	8	2
334	0.5	0.5	0.5	optimal	stable	2026-06-21 02:26:45.631058+03	2026-06-21 02:31:45.631058+03	0	0	2026-06-21 02:31:45.634296+03	8	2
335	0.5	0.5	0.5	optimal	stable	2026-06-21 02:31:45.777763+03	2026-06-21 02:36:45.777763+03	0	0	2026-06-21 02:36:45.785125+03	8	2
336	0.5	0.5	0.5	optimal	stable	2026-06-21 02:36:45.931235+03	2026-06-21 02:41:45.931235+03	0	0	2026-06-21 02:41:45.938144+03	8	2
337	0.5	0.8	1	optimal	stable	2026-06-21 02:41:46.124279+03	2026-06-21 02:46:46.124279+03	0	2	2026-06-21 02:46:46.12991+03	8	2
338	0.5	0.5	0.5	optimal	stable	2026-06-21 02:46:46.285786+03	2026-06-21 02:51:46.285786+03	0	0	2026-06-21 02:51:46.288549+03	8	2
339	0.5	0.5	0.5	optimal	stable	2026-06-21 02:52:14.588521+03	2026-06-21 02:57:14.588521+03	0	0	2026-06-21 02:57:14.599445+03	8	2
340	0.5	0.5	0.5	optimal	stable	2026-06-21 02:57:14.774172+03	2026-06-21 03:02:14.774172+03	0	0	2026-06-21 03:02:14.791804+03	8	2
341	0.5	0.5	0.5	optimal	stable	2026-06-21 03:02:14.941791+03	2026-06-21 03:07:14.941791+03	0	0	2026-06-21 03:07:14.944409+03	8	2
342	0.5	0.5	0.5	optimal	stable	2026-06-21 03:07:15.09152+03	2026-06-21 03:12:15.09152+03	0	0	2026-06-21 03:12:15.099556+03	8	2
343	0.5	0.5	0.5	optimal	stable	2026-06-21 03:13:15.240368+03	2026-06-21 03:18:15.240368+03	0	0	2026-06-21 03:18:15.249918+03	8	2
344	0.5	0.38	0.3	optimal	stable	2026-06-21 03:18:15.383397+03	2026-06-21 03:23:15.383397+03	0	2	2026-06-21 03:23:15.396877+03	8	2
345	0.5	0.5	0.5	optimal	stable	2026-06-21 03:23:15.567405+03	2026-06-21 03:28:15.567405+03	0	0	2026-06-21 03:28:15.571006+03	8	2
346	0.5	0.5	0.5	optimal	stable	2026-06-21 03:28:37.189071+03	2026-06-21 03:33:37.189071+03	0	0	2026-06-21 03:33:37.226202+03	8	2
347	0.5	0.59	0.6499999999999999	optimal	stable	2026-06-21 03:33:37.444488+03	2026-06-21 03:38:37.444488+03	0	4	2026-06-21 03:38:37.456974+03	8	2
348	0.5	0.5	0.5	optimal	stable	2026-06-21 03:38:38.11815+03	2026-06-21 03:43:38.11815+03	0	0	2026-06-21 03:43:38.131511+03	8	2
349	0.5	0.5	0.5	optimal	stable	2026-06-21 03:43:54.853263+03	2026-06-21 03:48:54.853263+03	0	0	2026-06-21 03:48:54.866759+03	8	2
350	0.5	0.5	0.5	optimal	stable	2026-06-21 03:48:54.986339+03	2026-06-21 03:53:54.986339+03	0	0	2026-06-21 03:53:54.98836+03	8	2
351	0.5	0.8	1	optimal	stable	2026-06-21 03:53:55.515561+03	2026-06-21 03:58:55.515561+03	0	2	2026-06-21 03:58:55.527056+03	8	2
352	0.5	0.5	0.5	optimal	stable	2026-06-21 03:58:55.712557+03	2026-06-21 04:03:55.712557+03	0	0	2026-06-21 04:03:55.726234+03	8	2
353	0.5	0.5	0.5	optimal	stable	2026-06-21 04:04:23.723439+03	2026-06-21 04:09:23.723439+03	0	0	2026-06-21 04:09:23.732939+03	8	2
354	0.5	0.5	0.5	optimal	stable	2026-06-21 04:17:07.16892+03	2026-06-21 04:22:07.16892+03	0	0	2026-06-21 04:22:07.198343+03	8	2
355	0.5	0.5	0.5	optimal	stable	2026-06-21 04:22:07.556084+03	2026-06-21 04:27:07.556084+03	0	0	2026-06-21 04:27:07.583956+03	8	2
356	0.5	0.8	1	optimal	stable	2026-06-21 04:27:08.840237+03	2026-06-21 04:32:08.840237+03	0	2	2026-06-21 04:32:08.855354+03	8	2
357	0.5	0.5	0.5	optimal	stable	2026-06-21 04:32:08.923864+03	2026-06-21 04:37:08.923864+03	0	0	2026-06-21 04:37:08.938212+03	8	2
358	0.5	0.8	1	optimal	stable	2026-06-21 04:37:09.128945+03	2026-06-21 04:42:09.128945+03	0	2	2026-06-21 04:42:09.134001+03	8	2
359	0.5	0.5	0.5	optimal	stable	2026-06-21 04:42:09.246216+03	2026-06-21 04:47:09.246216+03	0	0	2026-06-21 04:47:09.249529+03	8	2
360	0.5	0.8	1	optimal	stable	2026-06-21 04:47:09.504467+03	2026-06-21 04:52:09.504467+03	0	2	2026-06-21 04:52:09.516413+03	8	2
361	0.5	0.8	1	optimal	stable	2026-06-21 04:52:09.660732+03	2026-06-21 04:57:09.660732+03	0	2	2026-06-21 04:57:09.673696+03	8	2
362	0.5	0.8	1	optimal	stable	2026-06-21 04:57:09.930617+03	2026-06-21 05:02:09.930617+03	0	2	2026-06-21 05:02:09.984117+03	8	2
363	0.5	0.5	0.5	optimal	stable	2026-06-21 05:02:10.128868+03	2026-06-21 05:07:10.128868+03	0	0	2026-06-21 05:07:10.133107+03	8	2
364	0.5	0.5	0.5	optimal	stable	2026-06-21 05:07:12.409143+03	2026-06-21 05:12:12.409143+03	0	0	2026-06-21 05:12:12.432811+03	8	2
365	0.5	0.8	1	optimal	stable	2026-06-21 05:12:12.585638+03	2026-06-21 05:17:12.585638+03	0	2	2026-06-21 05:17:12.604556+03	8	2
366	0.5	0.8	1	optimal	stable	2026-06-21 05:17:12.745519+03	2026-06-21 05:22:12.745519+03	0	2	2026-06-21 05:22:12.75765+03	8	2
367	0.5	0.38	0.3	optimal	stable	2026-06-21 05:22:12.937074+03	2026-06-21 05:27:12.937074+03	0	2	2026-06-21 05:27:12.94971+03	8	2
368	0.5	0.8	1	optimal	stable	2026-06-21 05:27:13.09277+03	2026-06-21 05:32:13.09277+03	0	4	2026-06-21 05:32:13.146072+03	8	2
369	0.5	0.8	1	optimal	stable	2026-06-21 05:32:13.386031+03	2026-06-21 05:37:13.386031+03	0	2	2026-06-21 05:37:13.414156+03	8	2
370	0.5	0.8	1	optimal	stable	2026-06-21 05:37:13.601792+03	2026-06-21 05:42:13.601792+03	0	2	2026-06-21 05:42:14.282741+03	8	2
371	0.5	0.5	0.5	optimal	stable	2026-06-21 05:42:14.47361+03	2026-06-21 05:47:14.47361+03	0	0	2026-06-21 05:47:14.486102+03	8	2
372	0.5	0.5	0.5	optimal	stable	2026-06-21 05:47:14.66029+03	2026-06-21 05:52:14.66029+03	0	0	2026-06-21 05:52:14.670814+03	8	2
373	0.5	0.8	1	optimal	stable	2026-06-21 05:52:14.871051+03	2026-06-21 05:57:14.871051+03	0	2	2026-06-21 05:57:14.888329+03	8	2
374	0.5	0.8	1	optimal	stable	2026-06-21 05:57:15.18509+03	2026-06-21 06:02:15.18509+03	0	2	2026-06-21 06:02:15.199899+03	8	2
375	0.5	0.8	1	optimal	stable	2026-06-21 06:02:15.343819+03	2026-06-21 06:07:15.343819+03	0	2	2026-06-21 06:07:15.357894+03	8	2
376	0.5	0.5	0.5	optimal	stable	2026-06-21 06:07:15.524722+03	2026-06-21 06:12:15.524722+03	0	0	2026-06-21 06:12:15.536812+03	8	2
377	0.5	0.8	1	optimal	stable	2026-06-21 06:12:15.772916+03	2026-06-21 06:17:15.772916+03	0	2	2026-06-21 06:17:15.793709+03	8	2
378	0.5	0.5	0.5	optimal	stable	2026-06-21 06:17:15.998884+03	2026-06-21 06:22:15.998884+03	0	0	2026-06-21 06:22:16.012502+03	8	2
379	0.5	0.5	0.5	optimal	stable	2026-06-21 06:22:16.160327+03	2026-06-21 06:27:16.160327+03	0	0	2026-06-21 06:27:16.168214+03	8	2
380	0.5	0.5	0.5	optimal	stable	2026-06-21 06:27:16.320822+03	2026-06-21 06:32:16.320822+03	0	0	2026-06-21 06:32:16.333457+03	8	2
381	0.5	0.5	0.5	optimal	stable	2026-06-21 06:32:16.516666+03	2026-06-21 06:37:16.516666+03	0	0	2026-06-21 06:37:16.531455+03	8	2
382	0.5	0.8	1	optimal	stable	2026-06-21 06:37:16.718539+03	2026-06-21 06:42:16.718539+03	0	2	2026-06-21 06:42:16.753362+03	8	2
383	0.5	0.8	1	optimal	stable	2026-06-21 06:42:16.891415+03	2026-06-21 06:47:16.891415+03	0	2	2026-06-21 06:47:16.902617+03	8	2
384	0.5	0.5	0.5	optimal	stable	2026-06-21 06:47:17.06148+03	2026-06-21 06:52:17.06148+03	0	0	2026-06-21 06:52:17.073873+03	8	2
385	0.5	0.8	1	optimal	stable	2026-06-21 06:52:17.241879+03	2026-06-21 06:57:17.241879+03	0	4	2026-06-21 06:57:17.261703+03	8	2
386	0.5	0.5	0.5	optimal	stable	2026-06-21 06:57:17.418386+03	2026-06-21 07:02:17.418386+03	0	0	2026-06-21 07:02:17.426047+03	8	2
388	0.5	0.5	0.5	optimal	stable	2026-06-21 14:01:50.570776+03	2026-06-21 14:06:50.570776+03	0	0	2026-06-21 14:06:50.608991+03	8	2
387	0.5	0.5	0.5	optimal	stable	2026-06-21 14:01:50.57179+03	2026-06-21 14:06:50.57179+03	0	0	2026-06-21 14:06:50.607394+03	8	2
389	0.5	0.59	0.6499999999999999	optimal	stable	2026-06-21 14:06:50.865939+03	2026-06-21 14:11:50.865939+03	0	4	2026-06-21 14:11:50.886033+03	8	2
390	0.5	0.5	0.5	optimal	stable	2026-06-21 14:25:41.204143+03	2026-06-21 14:30:41.204143+03	0	0	2026-06-21 14:30:41.214349+03	8	2
391	0.5	0.8	1	optimal	stable	2026-06-21 14:30:42.611984+03	2026-06-21 14:35:42.611984+03	0	2	2026-06-21 14:35:42.631431+03	8	2
392	0.5	0.8	1	optimal	stable	2026-06-21 15:37:20.677026+03	2026-06-21 15:42:20.677026+03	0	4	2026-06-21 15:42:20.699417+03	8	2
393	0.5	0.8	1	optimal	stable	2026-06-21 15:42:20.860535+03	2026-06-21 15:47:20.860535+03	0	2	2026-06-21 15:47:20.876812+03	8	2
394	0.5	0.8	1	optimal	stable	2026-06-21 15:47:21.04632+03	2026-06-21 15:52:21.04632+03	0	2	2026-06-21 15:52:21.055405+03	8	2
395	0.5	0.8	1	optimal	stable	2026-06-21 15:52:21.207472+03	2026-06-21 15:57:21.207472+03	0	2	2026-06-21 15:57:21.222609+03	8	2
396	0.5	0.8	1	optimal	stable	2026-06-21 15:52:21.211905+03	2026-06-21 15:57:21.211905+03	0	2	2026-06-21 15:57:21.231649+03	8	2
397	0.5	0.8	1	optimal	stable	2026-06-21 15:52:21.22421+03	2026-06-21 15:57:21.22421+03	0	2	2026-06-21 15:57:21.240635+03	8	2
398	0.5	0.5	0.5	optimal	stable	2026-06-21 15:57:21.346824+03	2026-06-21 16:02:21.346824+03	0	0	2026-06-21 16:02:21.364712+03	8	2
399	0.5	0.5	0.5	optimal	stable	2026-06-21 15:57:21.360685+03	2026-06-21 16:02:21.360685+03	0	0	2026-06-21 16:02:21.373923+03	8	2
400	0.5	0.8	1	optimal	stable	2026-06-21 16:02:21.534157+03	2026-06-21 16:07:21.534157+03	0	2	2026-06-21 16:07:21.547802+03	8	2
401	0.5	0.5	0.5	optimal	stable	2026-06-21 16:07:21.718753+03	2026-06-21 16:12:21.718753+03	0	0	2026-06-21 16:12:21.741654+03	8	2
402	0.5	0.5	0.5	optimal	stable	2026-06-21 16:12:27.349072+03	2026-06-21 16:17:27.349072+03	0	0	2026-06-21 16:17:27.361453+03	8	2
403	0.5	0.5	0.5	optimal	stable	2026-06-21 16:17:27.516578+03	2026-06-21 16:22:27.516578+03	0	0	2026-06-21 16:22:27.523646+03	8	2
404	0.5	0.8	1	optimal	stable	2026-06-21 16:22:27.661403+03	2026-06-21 16:27:27.661403+03	0	2	2026-06-21 16:27:27.676231+03	8	2
405	0.5	0.5	0.5	optimal	stable	2026-06-21 16:27:27.809249+03	2026-06-21 16:32:27.809249+03	0	0	2026-06-21 16:32:27.816433+03	8	2
406	0.5	0.5	0.5	optimal	stable	2026-06-21 16:32:27.947487+03	2026-06-21 16:37:27.947487+03	0	0	2026-06-21 16:37:27.955185+03	8	2
407	0.5	0.5	0.5	optimal	stable	2026-06-21 16:44:05.65077+03	2026-06-21 16:49:05.65077+03	0	0	2026-06-21 16:49:05.666672+03	8	2
408	0.5	0.5	0.5	optimal	stable	2026-06-21 16:53:48.110281+03	2026-06-21 16:58:48.110281+03	0	0	2026-06-21 16:58:48.131134+03	8	2
409	0.5	0.5	0.5	optimal	stable	2026-06-21 17:51:19.514282+03	2026-06-21 17:56:19.514282+03	0	0	2026-06-21 17:56:19.537577+03	12	2
410	0.5	0.38	0.3	optimal	stable	2026-06-21 17:56:19.709323+03	2026-06-21 18:01:19.709323+03	0	2	2026-06-21 18:01:19.745048+03	12	2
411	0.5	0.5	0.5	optimal	stable	2026-06-21 18:01:19.892989+03	2026-06-21 18:06:19.892989+03	0	0	2026-06-21 18:06:19.89872+03	12	2
412	0.5	0.5	0.5	optimal	stable	2026-06-21 18:06:20.054045+03	2026-06-21 18:11:20.054045+03	0	0	2026-06-21 18:11:20.062437+03	12	2
413	0.5	0.5	0.5	optimal	stable	2026-06-21 18:11:20.205841+03	2026-06-21 18:16:20.205841+03	0	0	2026-06-21 18:16:20.218443+03	12	2
414	0.5	0.5	0.5	optimal	stable	2026-06-21 18:16:20.380414+03	2026-06-21 18:21:20.380414+03	0	0	2026-06-21 18:21:20.396921+03	12	2
415	0.5	0.5	0.5	optimal	stable	2026-06-21 19:14:11.976991+03	2026-06-21 19:19:11.976991+03	0	0	2026-06-21 19:19:12.03374+03	8	2
416	0.5	0.59	0.6499999999999999	optimal	stable	2026-06-21 19:19:12.326046+03	2026-06-21 19:24:12.326046+03	0	4	2026-06-21 19:24:12.354923+03	8	2
417	0.5	0.5	0.5	optimal	stable	2026-06-21 19:24:12.59948+03	2026-06-21 19:29:12.59948+03	0	0	2026-06-21 19:29:12.630234+03	8	2
418	0.5	0.5	0.5	optimal	stable	2026-06-21 19:29:13.783414+03	2026-06-21 19:34:13.783414+03	0	0	2026-06-21 19:34:13.818649+03	8	2
419	0.5	0.5	0.5	optimal	stable	2026-06-21 19:34:15.47536+03	2026-06-21 19:39:15.47536+03	0	0	2026-06-21 19:39:15.510515+03	8	2
420	0.5	0.5	0.5	optimal	stable	2026-06-21 19:39:16.312868+03	2026-06-21 19:44:16.312868+03	0	0	2026-06-21 19:44:16.34443+03	8	2
421	0.5	0.5	0.5	optimal	stable	2026-06-21 19:39:16.346485+03	2026-06-21 19:44:16.346485+03	0	0	2026-06-21 19:44:16.380638+03	8	2
422	0.5	0.5	0.5	optimal	stable	2026-06-22 13:56:15.602213+03	2026-06-22 14:01:15.602213+03	0	0	2026-06-22 14:01:15.629767+03	8	2
423	0.5	0.52	0.5333333333333333	optimal	stable	2026-06-22 14:01:15.819729+03	2026-06-22 14:06:15.819729+03	0	6	2026-06-22 14:06:15.849974+03	8	2
424	0.5	0.5	0.5	optimal	stable	2026-06-22 14:06:16.067191+03	2026-06-22 14:11:16.067191+03	0	0	2026-06-22 14:11:16.077175+03	8	2
425	0.5	0.5	0.5	optimal	stable	2026-06-22 14:11:16.343479+03	2026-06-22 14:16:16.343479+03	0	0	2026-06-22 14:16:16.366285+03	8	2
426	0.5	0.5	0.5	optimal	stable	2026-06-29 16:36:38.634874+03	2026-06-29 16:41:38.634874+03	0	0	2026-06-29 16:41:38.657107+03	8	2
427	0.5	0.38	0.3	optimal	stable	2026-06-29 16:41:38.848571+03	2026-06-29 16:46:38.848571+03	0	2	2026-06-29 16:46:38.868141+03	8	2
428	0.5	0.5	0.5	optimal	stable	2026-06-29 16:46:39.027015+03	2026-06-29 16:51:39.027015+03	0	0	2026-06-29 16:51:39.027015+03	8	2
429	0.5	0.5	0.5	optimal	stable	2026-06-29 16:51:39.163695+03	2026-06-29 16:56:39.163695+03	0	0	2026-06-29 16:56:39.170262+03	8	2
430	0.5	0.5	0.5	optimal	stable	2026-06-29 16:56:39.30265+03	2026-06-29 17:01:39.30265+03	0	0	2026-06-29 17:01:39.310693+03	8	2
431	0.5	0.5	0.5	optimal	stable	2026-06-29 17:01:39.489076+03	2026-06-29 17:06:39.489076+03	0	0	2026-06-29 17:06:39.495484+03	8	2
432	0.5	0.5	0.5	optimal	stable	2026-06-29 17:07:07.819894+03	2026-06-29 17:12:07.819894+03	0	0	2026-06-29 17:12:07.835779+03	8	2
433	0.5	0.5	0.5	optimal	stable	2026-06-30 19:54:42.934303+03	2026-06-30 19:59:42.934303+03	0	0	2026-06-30 19:59:42.948577+03	8	2
434	0.5	0.5	0.5	optimal	stable	2026-06-30 19:59:43.088876+03	2026-06-30 20:04:43.088876+03	0	0	2026-06-30 20:04:43.096062+03	8	2
435	0.5	0.5	0.5	optimal	stable	2026-06-30 20:04:43.234611+03	2026-06-30 20:09:43.234611+03	0	0	2026-06-30 20:09:43.241911+03	8	2
436	0.5	0.5	0.5	optimal	stable	2026-06-30 20:09:43.376302+03	2026-06-30 20:14:43.376302+03	0	0	2026-06-30 20:14:43.382117+03	8	2
437	0.5	0.5	0.5	optimal	stable	2026-06-30 20:14:43.510117+03	2026-06-30 20:19:43.510117+03	0	0	2026-06-30 20:19:43.517112+03	8	2
438	0.5	0.5	0.5	optimal	stable	2026-06-30 20:19:43.662236+03	2026-06-30 20:24:43.662236+03	0	0	2026-06-30 20:24:43.66838+03	8	2
439	0.5	0.5	0.5	optimal	stable	2026-06-30 20:24:43.807747+03	2026-06-30 20:29:43.807747+03	0	0	2026-06-30 20:29:43.815899+03	8	2
440	0.5	0.5	0.5	optimal	stable	2026-07-05 11:58:21.149698+03	2026-07-05 12:03:21.149698+03	0	0	2026-07-05 12:03:21.213846+03	8	2
441	0.5	0.5	0.5	optimal	stable	2026-07-08 20:29:34.370184+03	2026-07-08 20:34:34.370184+03	0	0	2026-07-08 20:34:34.384983+03	8	2
442	0.5	0.5	0.5	optimal	stable	2026-07-08 20:34:34.515277+03	2026-07-08 20:39:34.515277+03	0	0	2026-07-08 20:39:34.517387+03	8	2
443	0.5	0.5	0.5	optimal	stable	2026-07-08 20:39:34.663848+03	2026-07-08 20:44:34.663848+03	0	0	2026-07-08 20:44:34.673529+03	8	2
444	0.5	0.5	0.5	optimal	stable	2026-07-17 15:28:29.385464+03	2026-07-17 15:33:29.385464+03	0	0	2026-07-17 15:33:29.408028+03	8	2
445	0.5	0.8	1	optimal	stable	2026-07-17 15:33:29.530705+03	2026-07-17 15:38:29.530705+03	0	2	2026-07-17 15:38:29.548757+03	8	2
446	0.5	0.5	0.5	optimal	stable	2026-07-17 15:35:29.602311+03	2026-07-17 15:40:29.602311+03	0	0	2026-07-17 15:40:29.609018+03	12	2
447	0.5	0.5	0.5	optimal	stable	2026-07-17 15:38:29.731864+03	2026-07-17 15:43:29.731864+03	0	0	2026-07-17 15:43:29.74289+03	8	2
448	0.5	0.5	0.5	optimal	stable	2026-07-17 15:40:29.821118+03	2026-07-17 15:45:29.821118+03	0	0	2026-07-17 15:45:29.827063+03	12	2
449	0.5	0.5	0.5	optimal	stable	2026-07-17 15:43:29.940649+03	2026-07-17 15:48:29.940649+03	0	0	2026-07-17 15:48:29.950903+03	8	2
450	0.5	0.5	0.5	optimal	stable	2026-07-17 15:45:30.03966+03	2026-07-17 15:50:30.03966+03	0	0	2026-07-17 15:50:30.044721+03	12	2
451	0.5	0.5	0.5	optimal	stable	2026-07-17 15:48:30.146565+03	2026-07-17 15:53:30.146565+03	0	0	2026-07-17 15:53:30.16025+03	8	2
452	0.5	0.5	0.5	optimal	stable	2026-07-17 15:50:30.215724+03	2026-07-17 15:55:30.215724+03	0	0	2026-07-17 15:55:30.223799+03	12	2
453	0.5	0.5	0.5	optimal	stable	2026-07-17 15:53:30.370359+03	2026-07-17 15:58:30.370359+03	0	0	2026-07-17 15:58:30.377151+03	8	2
454	0.5	0.5	0.5	optimal	stable	2026-07-17 15:55:30.46156+03	2026-07-17 16:00:30.46156+03	0	0	2026-07-17 16:00:30.474632+03	12	2
455	0.5	0.5	0.5	optimal	stable	2026-07-17 15:58:30.618722+03	2026-07-17 16:03:30.618722+03	0	0	2026-07-17 16:03:30.629935+03	8	2
456	0.5	0.5	0.5	optimal	stable	2026-07-17 16:00:30.70636+03	2026-07-17 16:05:30.70636+03	0	0	2026-07-17 16:05:30.714511+03	12	2
457	0.5	0.5	0.5	optimal	stable	2026-07-17 16:03:30.809275+03	2026-07-17 16:08:30.809275+03	0	0	2026-07-17 16:08:30.814855+03	8	2
458	0.5	0.5	0.5	optimal	stable	2026-07-17 16:05:30.901496+03	2026-07-17 16:10:30.901496+03	0	0	2026-07-17 16:10:30.909174+03	12	2
459	0.5	0.5	0.5	optimal	stable	2026-07-17 16:08:31.012901+03	2026-07-17 16:13:31.012901+03	0	0	2026-07-17 16:13:31.023878+03	8	2
460	0.5	0.5	0.5	optimal	stable	2026-07-17 16:10:31.10411+03	2026-07-17 16:15:31.10411+03	0	0	2026-07-17 16:15:31.111895+03	12	2
461	0.5	0.5	0.5	optimal	stable	2026-07-17 16:13:31.217464+03	2026-07-17 16:18:31.217464+03	0	0	2026-07-17 16:18:31.223711+03	8	2
462	0.5	0.6599999999999999	0.7666666666666666	optimal	stable	2026-07-17 16:18:31.372813+03	2026-07-17 16:23:31.372813+03	0	6	2026-07-17 16:23:31.394878+03	8	2
463	0.5	0.5	0.5	optimal	stable	2026-07-17 16:23:31.562938+03	2026-07-17 16:28:31.562938+03	0	0	2026-07-17 16:28:31.570606+03	8	2
464	0.5	0.5	0.5	optimal	stable	2026-07-17 16:28:31.695009+03	2026-07-17 16:33:31.695009+03	0	0	2026-07-17 16:33:31.704864+03	8	2
465	0.5	0.8	1	optimal	stable	2026-07-17 16:33:31.840891+03	2026-07-17 16:38:31.840891+03	0	2	2026-07-17 16:38:31.852359+03	8	2
466	0.5	0.5	0.5	optimal	stable	2026-07-17 16:38:31.982951+03	2026-07-17 16:43:31.982951+03	0	0	2026-07-17 16:43:31.990957+03	8	2
467	0.5	0.8	1	optimal	stable	2026-07-17 19:08:39.744737+03	2026-07-17 19:13:39.744737+03	0	2	2026-07-17 19:13:39.769912+03	8	2
468	0.5	0.5	0.5	optimal	stable	2026-07-17 19:13:40.003204+03	2026-07-17 19:18:40.003204+03	0	0	2026-07-17 19:18:40.01256+03	8	2
469	0.5	0.5	0.5	optimal	stable	2026-07-17 19:18:40.223731+03	2026-07-17 19:23:40.223731+03	0	0	2026-07-17 19:23:40.236877+03	8	2
470	0.5	0.5	0.5	optimal	stable	2026-07-17 19:24:06.847808+03	2026-07-17 19:29:06.847808+03	0	0	2026-07-17 19:29:06.853117+03	8	2
471	0.5	0.5	0.5	optimal	stable	2026-07-17 21:01:15.405317+03	2026-07-17 21:06:15.405317+03	0	0	2026-07-17 21:06:15.418637+03	8	2
472	0.5	0.5	0.5	optimal	stable	2026-07-17 22:57:44.823126+03	2026-07-17 23:02:44.823126+03	0	0	2026-07-17 23:02:44.835625+03	8	2
473	0.5	0.8	1	optimal	stable	2026-07-17 23:02:44.945197+03	2026-07-17 23:07:44.945197+03	0	2	2026-07-17 23:07:44.969457+03	8	2
474	0.5	0.5	0.5	optimal	stable	2026-07-17 23:07:45.117371+03	2026-07-17 23:12:45.117371+03	0	0	2026-07-17 23:12:45.146495+03	8	2
475	0.5	0.5	0.5	optimal	stable	2026-07-17 23:15:18.468852+03	2026-07-17 23:20:18.468852+03	0	0	2026-07-17 23:20:18.477181+03	8	2
476	0.5	0.5	0.5	optimal	stable	2026-07-17 23:20:18.625596+03	2026-07-17 23:25:18.625596+03	0	0	2026-07-17 23:25:18.638358+03	8	2
477	0.5	0.5	0.5	optimal	stable	2026-07-17 23:20:48.662143+03	2026-07-17 23:25:48.662143+03	0	0	2026-07-17 23:25:48.671305+03	11	9
478	0.5	0.5	0.5	optimal	stable	2026-07-17 23:25:18.849687+03	2026-07-17 23:30:18.849687+03	0	0	2026-07-17 23:30:18.856118+03	8	2
479	0.5	0.5	0.5	optimal	stable	2026-07-17 23:25:48.891718+03	2026-07-17 23:30:48.891718+03	0	0	2026-07-17 23:30:48.899473+03	11	9
480	0.5	0.5	0.5	optimal	stable	2026-07-17 23:30:19.040254+03	2026-07-17 23:35:19.040254+03	0	0	2026-07-17 23:35:19.049345+03	8	2
481	0.5	0.5	0.5	optimal	stable	2026-07-17 23:30:49.071485+03	2026-07-17 23:35:49.071485+03	0	0	2026-07-17 23:35:49.078868+03	11	9
482	0.5	0.5	0.5	optimal	stable	2026-07-17 23:35:49.227322+03	2026-07-17 23:40:49.227322+03	0	0	2026-07-17 23:40:49.235249+03	11	9
483	0.5	0.5	0.5	optimal	stable	2026-07-18 14:31:45.364215+03	2026-07-18 14:36:45.364215+03	0	0	2026-07-18 14:36:45.375384+03	8	2
484	0.5	0.5	0.5	optimal	stable	2026-07-18 14:39:45.613201+03	2026-07-18 14:44:45.613201+03	0	0	2026-07-18 14:44:45.623475+03	8	2
485	0.5	0.5	0.5	optimal	stable	2026-07-18 14:44:45.788466+03	2026-07-18 14:49:45.788466+03	0	0	2026-07-18 14:49:45.844064+03	8	2
486	0.5	0.5	0.5	optimal	stable	2026-07-18 14:49:46.017035+03	2026-07-18 14:54:46.017035+03	0	0	2026-07-18 14:54:46.030296+03	8	2
487	0.5	0.5	0.5	optimal	stable	2026-07-18 15:29:31.928932+03	2026-07-18 15:34:31.928932+03	0	0	2026-07-18 15:34:31.95341+03	11	9
488	0.5	0.5	0.5	optimal	stable	2026-07-18 16:46:51.27371+03	2026-07-18 16:51:51.27371+03	0	0	2026-07-18 16:51:51.288301+03	8	2
489	0.5	0.5	0.5	optimal	stable	2026-07-18 16:51:51.453358+03	2026-07-18 16:56:51.453358+03	0	0	2026-07-18 16:56:51.46583+03	8	2
490	0.5	0.5	0.5	optimal	stable	2026-07-18 16:56:51.617953+03	2026-07-18 17:01:51.617953+03	0	0	2026-07-18 17:01:51.629851+03	8	2
491	0.5	0.5	0.5	optimal	stable	2026-07-18 17:25:34.906262+03	2026-07-18 17:30:34.906262+03	0	0	2026-07-18 17:30:34.915699+03	8	2
492	0.5	0.5	0.5	optimal	stable	2026-07-18 17:35:35.185076+03	2026-07-18 17:40:35.185076+03	0	0	2026-07-18 17:40:35.194858+03	8	2
493	0.5	0.8	1	optimal	stable	2026-07-18 17:40:35.33843+03	2026-07-18 17:45:35.33843+03	0	2	2026-07-18 17:45:35.358749+03	8	2
494	0.5	0.5	0.5	optimal	stable	2026-07-18 17:57:35.797156+03	2026-07-18 18:02:35.797156+03	0	0	2026-07-18 18:02:35.806968+03	8	2
495	0.5	0.8	1	optimal	stable	2026-07-18 18:02:35.968739+03	2026-07-18 18:07:35.968739+03	0	2	2026-07-18 18:07:36.009462+03	8	2
496	0.5	0.5	0.5	optimal	stable	2026-07-18 18:07:36.142019+03	2026-07-18 18:12:36.142019+03	0	0	2026-07-18 18:12:36.150866+03	8	2
497	0.5	0.5	0.5	optimal	stable	2026-07-18 18:12:36.336858+03	2026-07-18 18:17:36.336858+03	0	0	2026-07-18 18:17:36.361953+03	8	2
498	0.5	0.5	0.5	optimal	stable	2026-07-18 18:17:36.588239+03	2026-07-18 18:22:36.588239+03	0	0	2026-07-18 18:22:36.604363+03	8	2
499	0.5	0.5	0.5	optimal	stable	2026-07-18 18:22:36.774624+03	2026-07-18 18:27:36.774624+03	0	0	2026-07-18 18:27:36.786476+03	8	2
500	0.5	0.5	0.5	optimal	stable	2026-07-18 18:27:36.950775+03	2026-07-18 18:32:36.950775+03	0	0	2026-07-18 18:32:36.967579+03	8	2
501	0.5	0.5	0.5	optimal	stable	2026-07-19 10:03:05.593897+03	2026-07-19 10:08:05.593897+03	0	0	2026-07-19 10:08:05.615636+03	8	2
502	0.5	0.8	1	optimal	stable	2026-07-19 10:08:05.849527+03	2026-07-19 10:13:05.849527+03	0	2	2026-07-19 10:13:05.885928+03	8	2
503	0.5	0.5	0.5	optimal	stable	2026-07-19 10:47:36.846997+03	2026-07-19 10:52:36.846997+03	0	0	2026-07-19 10:52:36.863818+03	8	2
504	0.5	0.6799999999999999	0.8	optimal	stable	2026-07-19 10:52:36.999666+03	2026-07-19 10:57:36.999666+03	0	14	2026-07-19 10:57:37.039866+03	8	2
505	0.5	0.38	0.3	optimal	stable	2026-07-19 10:57:37.19717+03	2026-07-19 11:02:37.19717+03	0	2	2026-07-19 11:02:37.251929+03	8	2
506	0.5	0.5	0.5	optimal	stable	2026-07-22 22:10:34.631003+03	2026-07-22 22:15:34.631003+03	0	0	2026-07-22 22:15:34.673342+03	8	2
507	0.5	0.38	0.3	optimal	stable	2026-07-22 22:15:34.844224+03	2026-07-22 22:20:34.844224+03	0	2	2026-07-22 22:20:34.867772+03	8	2
508	0.5	0.5	0.5	optimal	stable	2026-07-22 22:20:35.006046+03	2026-07-22 22:25:35.006046+03	0	0	2026-07-22 22:25:35.018312+03	8	2
509	0.5	0.5	0.5	optimal	stable	2026-07-22 22:21:05.037377+03	2026-07-22 22:26:05.037377+03	0	0	2026-07-22 22:26:05.046564+03	12	2
510	0.5	0.5	0.5	optimal	stable	2026-07-22 22:25:35.236995+03	2026-07-22 22:30:35.236995+03	0	0	2026-07-22 22:30:35.247696+03	8	2
511	0.5	0.5	0.5	optimal	stable	2026-07-22 22:26:05.281788+03	2026-07-22 22:31:05.281788+03	0	0	2026-07-22 22:31:05.290973+03	12	2
512	0.5	0.5	0.5	optimal	stable	2026-07-22 22:30:35.479904+03	2026-07-22 22:35:35.479904+03	0	0	2026-07-22 22:35:35.491032+03	8	2
513	0.5	0.5	0.5	optimal	stable	2026-07-22 22:31:05.523512+03	2026-07-22 22:36:05.523512+03	0	0	2026-07-22 22:36:05.533486+03	12	2
514	0.5	0.5	0.5	optimal	stable	2026-07-22 22:35:35.695353+03	2026-07-22 22:40:35.695353+03	0	0	2026-07-22 22:40:35.706552+03	8	2
515	0.5	0.5	0.5	optimal	stable	2026-07-22 22:36:05.731204+03	2026-07-22 22:41:05.731204+03	0	0	2026-07-22 22:41:05.736257+03	12	2
516	0.5	0.5	0.5	optimal	stable	2026-07-22 22:41:05.896523+03	2026-07-22 22:46:05.896523+03	0	0	2026-07-22 22:46:05.903451+03	12	2
517	0.5	0.5	0.5	optimal	stable	2026-07-22 23:02:51.477759+03	2026-07-22 23:07:51.477759+03	0	0	2026-07-22 23:07:51.491751+03	8	2
518	0.5	0.5	0.5	optimal	stable	2026-07-22 23:07:51.612829+03	2026-07-22 23:12:51.612829+03	0	0	2026-07-22 23:12:51.618883+03	8	2
519	0.5	0.5	0.5	optimal	stable	2026-07-23 09:46:36.847632+03	2026-07-23 09:51:36.847632+03	0	0	2026-07-23 09:51:36.858886+03	8	2
520	0.5	0.5	0.5	optimal	stable	2026-07-23 09:51:41.307519+03	2026-07-23 09:56:41.307519+03	0	0	2026-07-23 09:56:41.685764+03	8	2
521	0.5	0.5	0.5	optimal	stable	2026-07-23 09:56:50.967266+03	2026-07-23 10:01:50.967266+03	0	0	2026-07-23 10:01:51.322474+03	8	2
522	0.5	0.5	0.5	optimal	stable	2026-07-23 10:02:03.890563+03	2026-07-23 10:07:03.890563+03	0	0	2026-07-23 10:07:03.899785+03	8	2
523	0.5	0.5	0.5	optimal	stable	2026-07-23 10:07:04.17476+03	2026-07-23 10:12:04.17476+03	0	0	2026-07-23 10:12:04.223678+03	8	2
524	0.5	0.5	0.5	optimal	stable	2026-07-23 10:12:04.829144+03	2026-07-23 10:17:04.829144+03	0	0	2026-07-23 10:17:04.995251+03	8	2
525	0.5	0.5	0.5	optimal	stable	2026-07-23 11:59:30.518222+03	2026-07-23 12:04:30.518222+03	0	0	2026-07-23 12:04:30.546191+03	8	2
526	0.5	0.5	0.5	optimal	stable	2026-07-23 14:14:28.617171+03	2026-07-23 14:19:28.617171+03	0	0	2026-07-23 14:19:28.629574+03	8	2
527	0.5	0.5	0.5	optimal	stable	2026-07-23 14:19:28.777341+03	2026-07-23 14:24:28.777341+03	0	0	2026-07-23 14:24:28.788801+03	8	2
528	0.5	0.5	0.5	optimal	stable	2026-07-23 14:24:28.92736+03	2026-07-23 14:29:28.92736+03	0	0	2026-07-23 14:29:28.952469+03	8	2
529	0.5	0.5	0.5	optimal	stable	2026-07-23 14:24:28.93178+03	2026-07-23 14:29:28.93178+03	0	0	2026-07-23 14:29:28.958473+03	8	2
530	0.5	0.5	0.5	optimal	stable	2026-07-23 14:29:29.131258+03	2026-07-23 14:34:29.131258+03	0	0	2026-07-23 14:34:29.141887+03	8	2
531	0.5	0.5	0.5	optimal	stable	2026-07-23 14:34:29.177905+03	2026-07-23 14:39:29.177905+03	0	0	2026-07-23 14:39:29.20015+03	8	2
532	0.5	0.8	1	optimal	stable	2026-07-23 14:39:29.463637+03	2026-07-23 14:44:29.463637+03	0	2	2026-07-23 14:44:29.48748+03	8	2
533	0.5	0.5	0.5	optimal	stable	2026-07-23 14:44:29.653522+03	2026-07-23 14:49:29.653522+03	0	0	2026-07-23 14:49:29.66747+03	8	2
534	0.5	0.8	1	optimal	stable	2026-07-23 14:49:29.840925+03	2026-07-23 14:54:29.840925+03	0	2	2026-07-23 14:54:29.862774+03	8	2
535	0.5	0.8	1	optimal	stable	2026-07-23 14:49:29.857418+03	2026-07-23 14:54:29.857418+03	0	2	2026-07-23 14:54:29.888088+03	8	2
536	0.5	0.5	0.5	optimal	stable	2026-07-23 14:54:30.036394+03	2026-07-23 14:59:30.036394+03	0	0	2026-07-23 14:59:30.046842+03	8	2
537	0.5	0.5	0.5	optimal	stable	2026-07-23 14:59:30.204585+03	2026-07-23 15:04:30.204585+03	0	0	2026-07-23 15:04:30.217527+03	8	2
538	0.5	0.5	0.5	optimal	stable	2026-07-23 15:04:30.386968+03	2026-07-23 15:09:30.386968+03	0	0	2026-07-23 15:09:30.395171+03	8	2
539	0.5	0.5	0.5	optimal	stable	2026-07-23 15:09:30.549733+03	2026-07-23 15:14:30.549733+03	0	0	2026-07-23 15:14:30.556242+03	8	2
540	0.5	0.5	0.5	optimal	stable	2026-07-23 15:14:30.716574+03	2026-07-23 15:19:30.716574+03	0	0	2026-07-23 15:19:30.722694+03	8	2
541	0.5	0.59	0.6499999999999999	optimal	stable	2026-07-23 15:19:30.885106+03	2026-07-23 15:24:30.885106+03	0	4	2026-07-23 15:24:30.893024+03	8	2
542	0.5	0.5	0.5	optimal	stable	2026-07-23 15:24:31.038205+03	2026-07-23 15:29:31.038205+03	0	0	2026-07-23 15:29:31.044988+03	8	2
543	0.5	0.5	0.5	optimal	stable	2026-07-23 15:29:31.173019+03	2026-07-23 15:34:31.173019+03	0	0	2026-07-23 15:34:31.181108+03	8	2
544	0.5	0.5	0.5	optimal	stable	2026-07-23 15:34:31.312198+03	2026-07-23 15:39:31.312198+03	0	0	2026-07-23 15:39:31.323699+03	8	2
545	0.5	0.5	0.5	optimal	stable	2026-07-23 15:39:31.45643+03	2026-07-23 15:44:31.45643+03	0	0	2026-07-23 15:44:31.45846+03	8	2
546	0.5	0.5	0.5	optimal	stable	2026-07-23 15:44:31.587895+03	2026-07-23 15:49:31.587895+03	0	0	2026-07-23 15:49:31.594036+03	8	2
547	0.5	0.5	0.5	optimal	stable	2026-07-23 16:16:02.2839+03	2026-07-23 16:21:02.2839+03	0	0	2026-07-23 16:21:02.297654+03	8	2
548	0.5	0.5	0.5	optimal	stable	2026-07-23 16:21:02.48336+03	2026-07-23 16:26:02.48336+03	0	0	2026-07-23 16:26:02.491944+03	8	2
549	0.5	0.5	0.5	optimal	stable	2026-07-23 16:26:02.64929+03	2026-07-23 16:31:02.64929+03	0	0	2026-07-23 16:31:02.656915+03	8	2
550	0.5	0.5	0.5	optimal	stable	2026-07-23 19:18:05.321708+03	2026-07-23 19:23:05.321708+03	0	0	2026-07-23 19:23:05.335606+03	12	2
551	0.5	0.5	0.5	optimal	stable	2026-07-23 19:18:05.341794+03	2026-07-23 19:23:05.341794+03	0	0	2026-07-23 19:23:05.354384+03	8	2
552	0.5	0.5	0.5	optimal	stable	2026-07-23 19:23:05.558316+03	2026-07-23 19:28:05.558316+03	0	0	2026-07-23 19:28:05.568769+03	12	2
553	0.5	0.8	1	optimal	stable	2026-07-23 19:23:05.581066+03	2026-07-23 19:28:05.581066+03	0	2	2026-07-23 19:28:05.604665+03	8	2
554	0.5	0.5	0.5	optimal	stable	2026-07-23 19:28:05.823998+03	2026-07-23 19:33:05.823998+03	0	0	2026-07-23 19:33:05.836181+03	12	2
555	0.5	0.5	0.5	optimal	stable	2026-07-23 19:28:05.889365+03	2026-07-23 19:33:05.889365+03	0	0	2026-07-23 19:33:05.900164+03	8	2
556	0.5	0.5	0.5	optimal	stable	2026-07-23 19:33:06.158492+03	2026-07-23 19:38:06.158492+03	0	0	2026-07-23 19:38:06.167828+03	8	2
557	0.5	0.38	0.3	optimal	stable	2026-07-23 19:33:06.227005+03	2026-07-23 19:38:06.227005+03	0	2	2026-07-23 19:38:06.254583+03	12	2
558	0.5	0.5	0.5	optimal	stable	2026-07-23 19:38:06.453845+03	2026-07-23 19:43:06.453845+03	0	0	2026-07-23 19:43:06.46449+03	8	2
559	0.5	0.5	0.5	optimal	stable	2026-07-23 19:38:06.517308+03	2026-07-23 19:43:06.517308+03	0	0	2026-07-23 19:43:06.53445+03	12	2
560	0.5	0.5	0.5	optimal	stable	2026-07-23 19:43:06.742398+03	2026-07-23 19:48:06.742398+03	0	0	2026-07-23 19:48:06.801781+03	8	2
561	0.5	0.5	0.5	optimal	stable	2026-07-23 19:43:06.848471+03	2026-07-23 19:48:06.848471+03	0	0	2026-07-23 19:48:06.864215+03	12	2
562	0.5	0.5	0.5	optimal	stable	2026-07-23 19:48:07.076783+03	2026-07-23 19:53:07.076783+03	0	0	2026-07-23 19:53:07.09175+03	8	2
563	0.5	0.5	0.5	optimal	stable	2026-07-23 19:48:07.142445+03	2026-07-23 19:53:07.142445+03	0	0	2026-07-23 19:53:07.156619+03	12	2
564	0.5	0.5	0.5	optimal	stable	2026-07-24 13:20:30.260947+03	2026-07-24 13:25:30.260947+03	0	0	2026-07-24 13:25:30.276432+03	8	2
565	0.5	0.59	0.6499999999999999	optimal	stable	2026-07-24 13:25:30.427481+03	2026-07-24 13:30:30.427481+03	0	4	2026-07-24 13:30:30.44841+03	8	2
566	0.5	0.5	0.5	optimal	stable	2026-07-24 13:30:30.649308+03	2026-07-24 13:35:30.649308+03	0	0	2026-07-24 13:35:30.656572+03	8	2
567	0.5	0.5	0.5	optimal	stable	2026-07-24 13:35:30.869486+03	2026-07-24 13:40:30.869486+03	0	0	2026-07-24 13:40:30.881017+03	8	2
568	0.5	0.5	0.5	optimal	stable	2026-07-24 13:36:00.947215+03	2026-07-24 13:41:00.947215+03	0	0	2026-07-24 13:41:00.958921+03	12	2
569	0.5	0.5	0.5	optimal	stable	2026-07-24 13:40:31.117407+03	2026-07-24 13:45:31.117407+03	0	0	2026-07-24 13:45:31.131229+03	8	2
570	0.5	0.5	0.5	optimal	stable	2026-07-24 13:41:01.199977+03	2026-07-24 13:46:01.199977+03	0	0	2026-07-24 13:46:01.210682+03	12	2
571	0.5	0.5	0.5	optimal	stable	2026-07-24 14:05:30.577052+03	2026-07-24 14:10:30.577052+03	0	0	2026-07-24 14:10:30.585973+03	12	2
572	0.5	0.5	0.5	optimal	stable	2026-07-24 20:39:03.408267+03	2026-07-24 20:44:03.408267+03	0	0	2026-07-24 20:44:03.416832+03	8	2
573	0.5	0.5	0.5	optimal	stable	2026-07-24 20:44:03.537957+03	2026-07-24 20:49:03.537957+03	0	0	2026-07-24 20:49:03.552733+03	8	2
574	0.5	0.5	0.5	optimal	stable	2026-07-24 20:49:03.699876+03	2026-07-24 20:54:03.699876+03	0	0	2026-07-24 20:54:03.706926+03	8	2
575	0.5	0.5	0.5	optimal	stable	2026-07-24 20:54:03.840473+03	2026-07-24 20:59:03.840473+03	0	0	2026-07-24 20:59:03.847122+03	8	2
576	0.5	0.5	0.5	optimal	stable	2026-07-24 20:59:03.959914+03	2026-07-24 21:04:03.959914+03	0	0	2026-07-24 21:04:03.966476+03	8	2
577	0.5	0.5	0.5	optimal	stable	2026-07-24 21:04:04.11398+03	2026-07-24 21:09:04.11398+03	0	0	2026-07-24 21:09:04.120317+03	8	2
\.


--
-- Data for Name: LearningStateSnapshot; Type: TABLE DATA; Schema: public; Owner: postgres
--

COPY public."LearningStateSnapshot" ("SnapshotID", "CurrentAttentionScore", "CurrentLearningState", "HeadYaw", "HeadPitch", "HeadRoll", "GazeHorizontal", "GazeVertical", "IsLookingAway", "EARValue", "IsDrowsy", "SnapshotTime", "SessionID", "StudentID") FROM stdin;
\.


--
-- Data for Name: LessonCheckpoint; Type: TABLE DATA; Schema: public; Owner: postgres
--

COPY public."LessonCheckpoint" ("CheckpointID", "ParagraphIndex", "QuestionText", "OptionA", "OptionB", "CorrectOption", "IsActive", "CreatedAt", "UpdatedAt", "LessonID") FROM stdin;
\.


--
-- Data for Name: LessonContent; Type: TABLE DATA; Schema: public; Owner: postgres
--

COPY public."LessonContent" ("LessonID", "OriginalText", "AI_VisualPath", "AI_AudioPath", "AI_GeneratedText", "ComplexityLevel", "CreatedAt", "Status", "AgentID", "SubjectID", "TeacherID", "LessonTitle", "AI_VideoPath", "DifficultyLevel", "LearningStyle", "ParaImgMapping", "TargetAgeGroup", simplified_content, "ContentUpdatedAt", video_file, video_title, video_published) FROM stdin;
176	لقد تسبب التغير المناخي في حدوث تغيرات خطيرة وربما تكون دائمة في حالة كوكبنا الجيولوجية والبيولوجية والنظم البيئية. إن اللجنة الدولية المعنية بتغير المناخ (IPCC) تدعي الآن أن «هناك دليلًا جديدًا وأكثر قوة على أن معظم السخونة الملاحظة على مدار آخر 50 عامًا يمكن نسبتها إلى الأنشطة البشرية». وقد أدت هذه التغيرات إلى حدوث الكثير من المخاطر البيئية تجاه صحة الإنسان، مثل نضوب طبقة الأوزون، فقدان التنوع الحيوي، الضغوط على الأنظمة المنتجة للغذاء وانتشار الأمراض المعدية بشكل عالمي. فقد قدرت منظمة الصحة العالمية (WHO) وقوع 160000 حالة وفاة منذ 1950 مرتبطة بصورة مباشرة بالتغيرات المناخية. والكثير يعتقدون أن هذه تقديرات محافظة. لقد أشار بحث أجري في معهد هوفر بواسطة الاقتصادي توماس مور (Thomas Moore) إلى أن الاحتباس الحراري العالمي سيؤدي إلى ارتفاع معدلات الوفيات في الولايات المتحدة.\r\n\r\nوإلى الآن يوجد مظهر مهمل من مظاهر مشكلة التغيرات المناخية؛ فقد تم إجراء قدر أقل من البحوث حول تأثيرات التغير المناخي على الصحة ووفرة الطعام والنمو الاقتصادي والهجرة والأمن والتغير الاجتماعي والمنافع العامة مثل مياه الشرب مقارنةً بتلك الأبحاث التي أجريت حول التغيرات الجيوفيزيائية المرتبطة بالاحتباس الحراري العالمي. إن تأثيرات البشر ربما تكون إيجابية وسلبية على حد سواء. فتغيرات المناخ في إقليم سيبيريا على سبيل المثال يتوقع أن تحسن من إنتاج الطعام وأنشطة الاقتصاد المحلي، وذلك على المدى القصير إلى المتوسط على الأقل. ولكن العديد من الدراسات أشارت إلى أن الآثار الحالية والمستقبلية للتغير المناخي على الإنسان والمجتمع سلبية وستظل سلبية بصورة سائدة.\r\n\r\nفغالبية الآثار العكسية للتغير المناخي تعاني منها المجتمعات الفقيرة وذات الدخل المنخفض حول العالم، والتي تتميز بمستويات كبيرة من التعرض للعوامل البيئية المؤثرة المتمثلة في الصحة والثروة والعناصر الأخرى، بالإضافة إلى مستويات منخفضة من القدرة المتوفرة للتأقلم مع التغير المناخي. لقد أظهر أحد التقارير حول التأثير البشري على تغير المناخ والذي صدر عن المنتدى الإنساني العالمي عام 2009 يتضمن رسمًا حول العمل الذي تم من قبل منظمة الصحة العالمية في فترة مبكرة من ذلك العقد أن الدول النامية تعاني من 99% من الخسائر المنسوبة إلى التغير المناخي. ولقد أثار هذا أيضًا تساؤلاً حول العدالة المناخية حيث إن أكثر 50 دولة نامية حول العالم لا تعدّ مسؤولة عن أكثر من 1% من انبعاثات الغازات المسببة للاحتباس الحراري والتي تتسب في ظاهرة الاحتباس الحراري العالمية.	["lessons/images/img_16_1778866094_0.jpg"]	lessons/audio/audio_7_1784911541.mp3	تخيل لو أن 160 ألف شخص اختفوا فجأة من كوكبنا. هل هذا ممكن؟ نعم، لقد حدث بالفعل، وبسبب شيء نفعله كل يوم.\r\n\r\nهيا نصعد طائرة خيالية الآن. سنحلّق فوق كوكبنا الجميل لنرى شيئًا مهمًا. أفعالنا اليومية غيّرت كوكبنا بشكل خطير. لم تعد التغيرات طبيعية فقط؛ بل أصبحت دائمة. أنت السبب الرئيسي وراء هذه التغيرات الكبيرة. هذا ليس مجرد كلام، بل حقيقة علمية مؤكدة. انظر كيف تتأثر الجبال والبحار.\r\n\r\nأنت تتخيل أن الأمراض بعيدة عنك. لكن التغير المناخي يقرّبها إلينا بشكل مخيف. فكر في نقص الطعام، أو انتشار الأمراض الجديدة بسرعة. منظمة الصحة العالمية تقول إن 160 ألف وفاة حدثت بسبب هذه التغيرات. تخيل أن ألعابك المفضلة تتأثر بمشاكل الكهرباء بسبب الطقس القاسي. هذه الأرقام قد تكون أكبر بكثير.\r\n\r\nلكن القصة لا تتوقف هنا. هناك آثار خفية لم نفكر بها كثيرًا. هل تخيلت أن مياه الشرب النظيفة قد تصبح نادرة؟ أو أن فرص عملك المستقبلية تتأثر بالطقس؟ حتى الهجرة من بلد لآخر تزداد. في أماكن مثل سيبيريا، قد يتحسن إنتاج الغذاء مؤقتًا. لكن غالبية التأثيرات سلبية جدًا علينا.\r\n\r\nوهنا تكمن المفاجأة الصادمة حقًا. أنت تعرف أن العالم ليس عادلاً دائمًا. الدول الفقيرة، التي بالكاد تساهم في التلوث، تعاني 99% من الخسائر. تخيل أنك تدفع ثمن أخطاء الآخرين! هذه الفكرة تسمى "العدالة المناخية". الدول الأكثر تضرراً تنتج أقل من 1% من الغازات الضارة. هذا غير منصف أبدًا.\r\n\r\nفماذا يعني كل هذا لك؟ أنت لست مجرد متفرج؛ أنت جزء من الحل. يمكنك استخدام تطبيقات تتبع استهلاك الطاقة في منزلك. يمكنك دعم الأفكار الجديدة للطاقة النظيفة. فكر في المستقبل، كيف يمكن للتكنولوجيا أن تساعدنا؟ ربما تصمم يومًا ما حلولاً مبتكرة. كل قرار صغير تتخذه الآن يترك أثراً كبيراً.\r\n\r\nتذكر، كوكبنا يتغير بسرعة بسببنا. صحتنا، طعامنا، وحتى مستقبلنا يتأثر. لكن أنت لديك القوة لتكون جزءًا من التغيير الإيجابي. فلتكن مستكشفًا واعيًا لمستقبل أفضل لنا جميعًا.	Easy	2026-05-15 20:28:57.759942+03	Published	1	12	7	تأثيرات التغير المناخي على البشر	\N	simple	storytelling	{}	\N	\N	2026-05-15 20:30:14.995201+03	\N	\N	f
187	في صباح يومٍ جميل، أشرقت الشمس ونشرت أشعتها الدافئة في أرجاء المدرسة. خرج التلاميذ إلى ساحة المدرسة ليستمتعوا بالهواء النقي ويلعبوا مع أصدقائهم قبل بداية الحصص الدراسية. كان الأطفال يركضون ويضحكون بسعادة، بينما كان بعضهم يتحدث عن دروس اليوم وأنشطته.\r\n\r\nوأثناء تجول أحمد في الساحة، لاحظ وجود أوراق متناثرة على الأرض وبعض قطع الورق والأكياس الفارغة في أماكن مختلفة. شعر بالحزن عندما رأى منظر الساحة، لأن المدرسة مكان جميل ويجب أن يبقى نظيفًا دائمًا. فكر أحمد قليلًا ثم قرر أن يفعل شيئًا مفيدًا للمحافظة على نظافة مدرسته.\r\n\r\nاقترب أحمد من أصدقائه وقال لهم: "هيا نتعاون لتنظيف الساحة، فمدرستنا بيتنا الثاني، ومن واجبنا أن نحافظ عليها جميلة ومرتبة." أعجبت الفكرة الأطفال كثيرًا، ووافقوا على مساعدته دون تردد. أحضر بعضهم أكياسًا صغيرة لجمع النفايات، بينما أحضر آخرون مكانس لتنظيف الأرض.\r\n\r\nبدأ الأطفال العمل بحماس ونشاط، فتوزعوا في أنحاء الساحة. كان كل واحد منهم يجمع ما يجده من أوراق ونفايات، ويساعد زملاءه عند الحاجة. عملوا بروح الفريق الواحد، وتبادلوا التشجيع والكلمات الطيبة. ومع مرور الوقت، امتلأت الأكياس بالنفايات، وبدأت الساحة تبدو أكثر نظافة وجمالًا.\r\n\r\nبعد فترة قصيرة، انتهى التلاميذ من عملهم. نظروا حولهم فوجدوا أن الساحة أصبحت نظيفة ومرتبة، واختفت منها الأوراق والنفايات. شعر الجميع بالفخر والسعادة لأنهم أنجزوا عملًا نافعًا بجهودهم المشتركة.\r\n\r\nوفي تلك اللحظة، مرَّ مدير المدرسة بالساحة، ولاحظ التغيير الكبير الذي حدث فيها. أعجبه ما فعله التلاميذ، فابتسم وقال لهم: "أحسنتم يا أبنائي، لقد قدمتم مثالًا رائعًا في التعاون والمحافظة على النظافة. إن التعاون يجعل العمل أسهل وأسرع، ويساعدنا على تحقيق أهدافنا بنجاح."\r\n\r\nفرح الأطفال بكلمات المدير وشعروا بالاعتزاز بما قاموا به. وشكرهم المدير على اهتمامهم بمدرستهم، ثم دعا بقية التلاميذ إلى الاقتداء بهم. ومنذ ذلك اليوم، أصبح الأطفال أكثر حرصًا على نظافة المدرسة، وصاروا يتعاونون في كثير من الأعمال المفيدة. وقد تعلموا أن التعاون قيمة جميلة تقوي الصداقة بين الناس، وتجعل إنجاز الأعمال أسهل وأفضل، وتساعد المجتمع على التقدم والنجاح.	["lessons/images/img_18_1781030833_0.png", "lessons/images/img_18_1781030833_1.png", "lessons/images/img_18_1781030833_2.png", "lessons/images/img_18_1781030833_3.png", "", "", ""]	lessons/audio/audio_8_1784911554.mp3	في صباح يومٍ جميل، أشرقت الشمس ونشرت أشعتها الدافئة في أرجاء المدرسة. \nخرج التلاميذ إلى ساحة المدرسة ليستمتعوا بالهواء النقي ويلعبوا مع أصدقائهم قبل بداية الحصص الدراسية. \nكان الأطفال يركضون ويضحكون بسعادة، بينما كان بعضهم يتحدث عن دروس اليوم وأنشطته.\n\nوأثناء تجول أحمد في الساحة، لاحظ وجود أوراق متناثرة على الأرض وبعض قطع الورق والأكياس الفارغة في أماكن مختلفة. شعر بالحزن عندما رأى منظر الساحة، لأن المدرسة مكان جميل ويجب أن يبقى نظيفًا دائمًا.\n فكر أحمد قليلًا ثم قرر أن يفعل شيئًا مفيدًا للمحافظة على نظافة مدرسته.\n\nاقترب أحمد من أصدقائه وقال لهم: "هيا نتعاون لتنظيف الساحة، فمدرستنا بيتنا الثاني، ومن واجبنا أن نحافظ عليها جميلة ومرتبة.\n" أعجبت الفكرة الأطفال كثيرًا، ووافقوا على مساعدته دون تردد. أحضر بعضهم أكياسًا صغيرة لجمع النفايات، بينما أحضر آخرون مكانس لتنظيف الأرض.\n\nبدأ الأطفال العمل بحماس ونشاط، فتوزعوا في أنحاء الساحة. كان كل واحد منهم يجمع ما يجده من أوراق ونفايات، ويساعد زملاءه عند الحاجة. عملوا بروح الفريق الواحد، \nوتبادلوا التشجيع والكلمات الطيبة. ومع مرور الوقت، امتلأت الأكياس بالنفايات، وبدأت الساحة تبدو أكثر نظافة وجمالًا.\n\nبعد فترة قصيرة، انتهى التلاميذ من عملهم. نظروا حولهم فوجدوا أن الساحة أصبحت نظيفة ومرتبة، واختفت منها الأوراق والنفايات. شعر الجميع بالفخر والسعادة لأنهم أنجزوا عملًا نافعًا بجهودهم المشتركة.\n\nوفي تلك اللحظة، مرَّ مدير المدرسة بالساحة، ولاحظ التغيير الكبير الذي حدث فيها. أعجبه ما فعله التلاميذ، فابتسم وقال لهم: "أحسنتم يا أبنائي، لقد قدمتم مثالًا رائعًا في التعاون والمحافظة على النظافة.\n إن التعاون يجعل العمل أسهل وأسرع، ويساعدنا على تحقيق أهدافنا بنجاح."\n\nفرح الأطفال بكلمات المدير وشعروا بالاعتزاز بما قاموا به. وشكرهم المدير على اهتمامهم بمدرستهم، ثم دعا بقية التلاميذ إلى الاقتداء بهم.\n ومنذ ذلك اليوم، أصبح الأطفال أكثر حرصًا على نظافة المدرسة، وصاروا يتعاونون في كثير من الأعمال المفيدة. \nوقد تعلموا أن التعاون قيمة جميلة تقوي الصداقة بين الناس، وتجعل إنجاز الأعمال أسهل وأفضل، وتساعد المجتمع على التقدم والنجاح.	Easy	2026-06-09 21:47:33.25799+03	Published	1	22	8	التعاون	\N	simple	storytelling	{}	\N	\N	2026-06-09 22:57:11.683992+03		\N	f
186	Z هي مجموعة مرتبة كليا. ليس لها حد أقصى أو حد ادنى. يكون عددا ما موجبا إذا كان أكبر قطعا من الصفر ويكون سالبا إذا كان أصغر قطعا من الصفر. وبذلك، فإن كل عدد صحيح موجب أكبر من كل عدد صحيح سالب لأنه من قواعد خط الأعداد أن الأعداد التي على اليمين أكبر من التي على اليسار. الصفر ليس عددا صحيحا موجبا وليس عددا صحيحا سالبا. أصغر عدد صحيح موجب هو 1 وأكبر صحيح موجب غير معروف هويته لأنه في أقصى اليمين في خط الأعداد. أصغر عدد صحيح سالب غير معروف لأنه في أقصى اليسار في خط الأعداد وأكبر عدد صحيح سالب هو -1. مجموعة الأعداد الصحيحة الموجبة Z+ والمقصود بها أيضا مجموعة أعداد العد حيث تبدأ من العدد 1 إلى مالانهاية أي: {Z+ ={...10,9,8,7,6,5,4,3,2,1، وهي الأعداد التي تستخدم في عد الإشياء وللدلالة عليها نضع بعض المعادلات مثل: {Z+ = N - {0 : الفرق بين مجموعة الأعداد الطبيعية N ومجموعة الأعداد الصحيحة الموجبة هو الصفر. مجموعة الأعداد الصحيحة السالبة Z- والمقصود بها هي مجموعة الأعداد المقابلة لمجموعة الأعداد الصحيحة الموجبة فمثلا 4 مقابلها 4- وتبدأ من ناقص ما لا نهاية له إلى -1. الصفر على خط الأعداد، تُوزع الأعداد الصحيحة كما يلي:  مجموعة الأعداد الصحيحة الموجبة على اليمين، مجموعة الأعداد الصحيحة السالبة على اليسار، يوجد الصفر بين مجموعتي الأعداد السالبة والموجبة أي باختصار الصفر محايد بين المجموعتين لا هو سالب ولا هو موجب. يوضع بالمنتصف بين المجموعتين. يرمز له بالرمز (و) وصل لأنه يوصل بين مجموعة الأعداد الصحيحية الموجبة والسالبة.  نشاط تدريبي. الجليل الفلسطيني يقع شمال فلسطين ويضم اعلى في فلسطين (الجرمق) واما بحيرة طبرية العذبة فهي امتداد لحفرة الإنهدام الأفريقي الأسيوي , اتأمل الشكل المجاور  ثم أجيب: يبلغ ارتفاع جبل الجرمق عن مستوى سطح البحر؟____. يقع مستوى سطح بحيرة طبريا ____ تحت سطح البحر. كيف نعبر عن الإنخفاض والأرتفاع بطريقة أخرى؟	["lessons/images/img_20_1780614907_0.jpg", "", "", "", "", "", ""]	lessons/audio/audio_9_1784911556.mp3	هل أنت مستعد لمغامرة الأرقام السرية؟؟\n\nأنت قائد رحلة استكشاف مذهلة. أمامك جبل شاهق وبحيرة عميقة. كيف نصف ارتفاع الجبل؟ وكيف نقول عمق البحيرة؟ الأرقام العادية لا تكفي وحدها دائمًا. هنا يأتي دور الأعداد الصحيحة. هي أرقام كاملة بدون كسور أو فواصل. تساعدنا على وصف الأشياء فوق وتحت الصفر. إنها أبطال عالم الرياضيات! أنت ذكي جداً.\n\nتخيل أنك تلعب لعبة فيديو مثيرة. لو فزت بـ 5 نقاط، هذا رقم موجب (+5). لو خسرت 3 نقاط، هذا رقم سالب (3). الأرقام الموجبة تزيد رصيدك، أما السالبة فتنقصه. الصفر هو نقطة البداية، لا ربح ولا خسارة. أنت تتحرك يمينًا ويسارًا على خط الأعداد. هذا سهل وممتع، أليس كذلك؟\n\nهل تعلم أن الرقم الموجب دائمًا أقوى؟ نعم، حتى +1 أكبر من 100! تخيل أنك على خط الأعداد. كلما اتجهت يمينًا، زادت قيمة الرقم. +1 هو أصغر رقم موجب. أما 1 فهو أكبر رقم سالب. إنه مثل قمة الجبل وقاع الوادي. أنت تفهم هذا بسرعة!\n\nهل تعرف سرًا غريبًا عن الأعداد الصحيحة؟ إنها لا تنتهي أبدًا! يمكنك أن تستمر في العد إلى ما لا نهاية في الاتجاه الموجب. وكذلك في الاتجاه السالب، لا يوجد أصغر رقم. الصفر يجلس في المنتصف تمامًا. إنه بطل محايد، لا يتبع أي فريق. أنت تكتشف أسرار الرياضيات!\n\nالآن حان دورك لتكون البطل! جبل الجرمق يرتفع عن سطح البحر. هذا يعني رقم موجب. بحيرة طبريا تنخفض تحت سطح البحر. هذا يعني رقم سالب. إذا كان الجبل 1200 متر فوق، نكتب +1200. لو البحيرة 200 متر تحت، نكتب 200. أنت تستخدم الأعداد الصحيحة ببراعة!\n\nلقد قمت بعمل رائع اليوم! الأعداد الصحيحة هي أدواتك السحرية لوصف كل شيء. من أرباح الألعاب إلى أعماق البحار وارتفاع الجبال. تذكر: الموجب يزيد، السالب ينقص، والصفر هو البداية. أنت الآن جاهز لأي مغامرة عددية!	Easy	2026-06-05 02:15:37.91853+03	Pending	1	16	9	الأعداد الصحيحة	\N	simple	storytelling	{}	\N	\N	2026-06-09 22:52:04.77923+03		\N	f
188	Z هي مجموعة مرتبة كليا. ليس لها حد أقصى أو حد ادنى. يكون عددا ما موجبا إذا كان أكبر قطعا من الصفر ويكون سالبا إذا كان أصغر قطعا من الصفر. وبذلك، فإن كل عدد صحيح موجب أكبر من كل عدد صحيح سالب لأنه من قواعد خط الأعداد أن الأعداد التي على اليمين أكبر من التي على اليسار. الصفر ليس عددا صحيحا موجبا وليس عددا صحيحا سالبا. أصغر عدد صحيح موجب هو 1 وأكبر صحيح موجب غير معروف هويته لأنه في أقصى اليمين في خط الأعداد. أصغر عدد صحيح سالب غير معروف لأنه في أقصى اليسار في خط الأعداد وأكبر عدد صحيح سالب هو -1. مجموعة الأعداد الصحيحة الموجبة Z+ والمقصود بها أيضا مجموعة أعداد العد حيث تبدأ من العدد 1 إلى مالانهاية أي: {Z+ ={...10,9,8,7,6,5,4,3,2,1، وهي الأعداد التي تستخدم في عد الإشياء وللدلالة عليها نضع بعض المعادلات مثل: {Z+ = N - {0 : الفرق بين مجموعة الأعداد الطبيعية N ومجموعة الأعداد الصحيحة الموجبة هو الصفر. مجموعة الأعداد الصحيحة السالبة Z- والمقصود بها هي مجموعة الأعداد المقابلة لمجموعة الأعداد الصحيحة الموجبة فمثلا 4 مقابلها 4- وتبدأ من ناقص ما لا نهاية له إلى -1. الصفر على خط الأعداد، تُوزع الأعداد الصحيحة كما يلي: مجموعة الأعداد الصحيحة الموجبة على اليمين، مجموعة الأعداد الصحيحة السالبة على اليسار، يوجد الصفر بين مجموعتي الأعداد السالبة والموجبة أي باختصار الصفر محايد بين المجموعتين لا هو سالب ولا هو موجب. يوضع بالمنتصف بين المجموعتين. يرمز له بالرمز (و) وصل لأنه يوصل بين مجموعة الأعداد الصحيحية الموجبة والسالبة. نشاط تدريبي. الجليل الفلسطيني يقع شمال فلسطين ويضم اعلى في فلسطين (الجرمق) واما بحيرة طبرية العذبة فهي امتداد لحفرة الإنهدام الأفريقي الأسيوي , اتأمل الشكل المجاور ثم أجيب: يبلغ ارتفاع جبل الجرمق عن مستوى سطح البحر؟____. يقع مستوى سطح بحيرة طبريا ____ تحت سطح البحر. كيف نعبر عن الإنخفاض والأرتفاع بطريقة أخرى؟	["lessons/images/img_20_1781038658_0.jpg", "lessons/images/img_20_1781038658_1.png", "", "", "", "", ""]	lessons/audio/audio_9_1784911562.mp3	هل أنت مستعد لمغامرة الأرقام؟ تخيل رحلة استكشاف ممتعة. أحيانًا نصعد جبالًا عالية، وأحيانًا ننزل إلى كهوف عميقة. الأرقام تفعل ذلك أيضًا! تصعد فوق الصفر، وتنزل تحته. هذا هو عالم الأعداد الصحيحة. عالم مليء بالمفاجآت التي ستكتشفها. أنت مستعد لهذا التحدي.\r\n\r\nتخيل أنك تلعب لعبة فيديو حماسية. أنت تجمع نقاطًا باستمرار، هذه أرقام موجبة. فزت بـ 10 نقاط رائعة! لكن أحيانًا تخسر نقاطًا، مثل عندما تصطدم بك وحوش اللعبة. لو خسرت 5 نقاط، فماذا يحدث لدرجتك الكلية؟ هل يمكن أن تنزل تحت الصفر؟ هذا هو تحدي اليوم. أنت ذكي، ستفهمها بسرعة!\r\n\r\nأنت تعرف أعداد العد جيدًا. 1، 2، 3... هذه هي "الأعداد الصحيحة الموجبة". مثل عدد أصدقائك في الفريق، أو عدد الكعك اللذيذ الذي أكلته! نستخدمها لعد الأشياء الموجودة حولنا. هي أعداد كبيرة، وكلما ذهبت يمينًا على خط الأعداد، زادت قيمتها. إنها أرقام بسيطة ومباشرة. أنت تستخدمها كل يوم!\r\n\r\nلكن ماذا لو ذهبنا تحت الصفر؟ تخيل أنك غواص شجاع، تنزل عميقًا تحت مستوى سطح البحر. كل متر تنزله هو رقم سالب. 1 متر، 2 متر. هذه هي "الأعداد الصحيحة السالبة". تعني عكس الموجب تمامًا. مثل أن تدين لصديقك بـ 5 عملات، فنكتبها 5. هذا سهل الفهم، أليس كذلك؟\r\n\r\nالصفر هو بطلنا المحايد اليوم. إنه ليس رقمًا موجبًا وليس رقمًا سالبًا أبدًا. تخيل الصفر كخط البداية المركزي في سباق كبير. على يمينه تجد الأعداد الموجبة، وعلى يساره تظهر الأعداد السالبة. إنه الجسر الذي يربط بين عالمي الأرقام. الصفر مهم جدًا لأنه يفصل بين الربح والخسارة. أنت تفهم الأهمية الآن!\r\n\r\nأنت الآن جاهز لمواجهة التحديات. لنقارن بين رقمين: هل 2 أكبر أم 5؟ فكر في خط الأعداد السحري. الأرقام على اليمين دائمًا أكبر وأفضل. فـ 2 يقع بوضوح على اليمين من 5. مثل أن يكون لديك 2 دينار أفضل بكثير من أن تدين بـ 5 دنانير! الأعداد الصحيحة تساعدك باتخاذ القرارات. أنت بطل في الرياضيات!\r\n\r\nتذكر دائمًا هذه المغامرة الممتعة. الأعداد الصحيحة هي عائلتك الجديدة من الأرقام: الموجبة للعد والربح، السالبة للنزول أو الخسارة، والصفر هو الجسر المحايد بينهما. أنت الآن ترى الأرقام بطريقة أوسع وأعمق من قبل. استخدمها في ألعابك وحياتك اليومية. أنت عبقري الأعداد، استمر في الاكتشاف!	Easy	2026-06-09 23:58:19.541065+03	Published	1	16	9	الأعداد الصحيحة	\N	simple	storytelling	{}	\N	\N	2026-07-18 15:40:40.249795+03	lesson_videos/تعرف_على_الأعداد_الصحيحة_Z.mp4	شرح الاعداد الصحيحة	f
191	الجِِهَازُ التَّنَفُسِيُّ هو الجهاز المسؤول عن تزويد خلايا جسم الإنسان بالأكسجين الضروري لأنشطتها، ويخلصها من ثاني أكسيد الكربون الناتج من عمليات الأكسدة في الخلايا. يمر هواء الشهيق عبر الرغامى والقصبتين اللَّتَين تتفرعان منه قبل الدخول للرئتين. وتشمل كل رِئةٍ عدد كبير من القصيبات، والتي تتفرع إلى شُعيبات تنتهي بعددٍ كبير من الحويصلات الهوائية مبطنة بأغشيةٍ رقيقةٍ جداً ومحاطة بشعيرات دموية غزيرة. يجري عبرها تبادل الغازات بينها وبين الشعيرات الدموية التي تحيط بها. وتعمل العضلات الوربية بين الضلوع، والحجاب الحاجز تحت الرئتين على تشغيل الرئتين كالكير (منفاخ الحداد)، فتسحب الهواء إليهما ثم تدفعه خارجهما في فتراتٍ منتظمة.\r\n\r\nتنقسم عملية التنفس إلى مرحلتين مُتَتَابِعَتَيّن بشكل متلاحق ومستمر هما الشهيق والزفير. الشهيق هو عملية فاعلة تتطلب جهداً من أعضاء الجهاز التنفسي، وخاصة العضلات لإدخال الهواء إلى الرئتين، تتقلص عضلة الحجاب الحاجز فتهبط للأسفل فيتسع القفص الصدري عمودياً أو طولياً ويقل الضغط داخل الرئتين إلى أن يصبح أقل من الضغط الجوي فيندفع الهواء إلى الرئة. كما تعمل العضلات الوربية الخارجية على رفع القص ودفعه للأمام مما يزيد من حجم القفص الصدري من الأمام إلى الخلف.بينما الزفير عملية تلقائية لا تتطلب جهدا لإخراج الهواء خارج الجسم، وإنما تأتي كنتيجة حتمية لعملية الشهيق ولكن في الحالات الاضطرارية، تتدخل عضلات البطن والعضلات الوربية الداخلية لتضيق القفص الصدري، فيرتفع الضغط داخل الرئتين فيطرد الهواء منهما عبر الممرات الهوائية خارج الجسم.\r\n\r\nيتراوح مُعدل التنفس الطبيعي عند البالغين في وضع الراحة حوالي 12 إلى 20 نفسًا في الدقيقة. معدل التنفس الذي يقل عن 12 أو يزيد عن 25 نفسًا في الدقيقة أثناء وضع الراحة يُعد غير طبيعي. من بين الأسباب التي يمكن أن تُغير من مُعدل التنفس بذل الجهد، الربو، القلق، الالتهاب الرئوي، قصور القلب الاحتقاني، أمراض الرئة الأخرى.	["lessons/images/img_4_1782053633_0.png", "", "", "", "", "", ""]	lessons/audio/audio_1_1784911564.mp3	<span style="font-weight: bold">هل يمكنك </span><span style="color: rgb(79, 133, 131); font-weight: bold">حبس أنفاسك</span><span style="font-weight: bold"> للأبد؟</span>\n\n<span style="font-weight: bold">هل فكرت يوماً<span style="color: rgb(79, 133, 131)"> لماذا نتنفس</span>؟ جسمك يحتاج <span style="color: rgb(79, 133, 131)">وقوداً ليلعب ويركض</span> بسرعة. مثل سيارة السباق تحتاج بنزيناً خاصاً. <span style="color: rgb(79, 133, 131)">وقود جسمك الخارق هو الأكسجين من الهواء النقي</span>. تأخذه <span style="color: rgb(79, 133, 131)">لتصنع طاقة هائلة تمكنك من كل شيء</span>. بدون هذا الأكسجين، لا تستطيع حتى أن تبتسم. هذا السر العظيم يجعلك قوياً. أنت تفهم السر الآن!</span>\n\n<span style="font-weight: bold">أنت بطل رحلة الهواء الآن! الهواء يدخل جسمك من أنفك أو فمك. ثم يمر عبر أنبوب كبير اسمه القصبة الهوائية. تخيلها نفقاً سرياً وواسعاً داخل جسمك. هذا النفق يحمل الهواء إلى مغامرة مثيرة. إنه الطريق السريع لجزيئات الأكسجين المهمة. هذه هي البداية المدهشة. رحلة ممتعة، أليس كذلك؟</span>\n\n<span style="font-weight: bold">ماذا يحدث للهواء بعد النفق؟ القصبة الهوائية تنقسم لفرعين كبيرين. كل فرع يدخل رئة من رئتيك الجميلتين. الرئتان مثل إسفنجة كبيرة وناعمة جداً. داخلهما، تنقسم الأنابيب لأصغر فأصغر حجماً. مثل أغصان شجرة تتفرع كثيراً جداً. هذه الشجرة توصل الهواء لكل مكان. أنت تكتشف أكثر!</span>\n\n<span style="font-weight: bold">هنا يكمن السر الحقيقي والتبادل السحري! نهاية هذه الأغصان الصغيرة جداً توجد أكياس. أكياس هواء دقيقة جداً، اسمها الحويصلات الهوائية. هذه الحويصلات هي محطة التبادل الرئيسية. الأكسجين ينتقل منها إلى دمك بسرعة فائقة. ثم دمك يعطيها ثاني أكسيد الكربون. هذا تبادل سحري يحدث كل ثانية. أنت ذكي جداً!</span>\n\n<span style="font-weight: bold">كيف تتحرك رئتيك مثل المنفاخ؟ توجد عضلة قوية جداً تحت رئتيك مباشرة. اسمها الحجاب الحاجز، وهي تعمل كالمحرك الأساسي. عندما تتنفس، تهبط هذه العضلة للأسفل بقوة. هذا يسحب الهواء للداخل بفعالية كبيرة. وعندما ترتفع، تدفع الهواء للخارج. جربها الآن، اشعر بصدرك يتحرك. أنت تتحكم بهذا!</span>\n\n<span style="font-weight: bold">تذكر دائماً قوة أنفاسك العميقة. جهازك التنفسي الرائع يعمل بجد كبير جداً. يمنحك الأكسجين النقي للعب بحماس والتعلم بذكاء. هذا الجهاز السري يساعدك على أن تكون بطلاً نشيطاً وقوياً. اشعر بهذه القوة المدهشة التي تسكن داخلك كل يوم. كل نفس هو وقود جديد لك. أنت رائع حقاً وقادر على كل شيء!</span>	Easy	2026-06-21 17:54:43.143537+03	Published	1	6	1	الجهاز التنفسي	\N	simple	storytelling	{}	\N	\N	2026-07-23 19:38:20.879217+03		\N	f
197	الجِِهَازُ التَّنَفُسِيُّ هو الجهاز المسؤول عن تزويد خلايا جسم الإنسان بالأكسجين الضروري لأنشطتها، ويخلصها من ثاني أكسيد الكربون الناتج من عمليات الأكسدة في الخلايا. يمر هواء الشهيق عبر الرغامى والقصبتين اللَّتَين تتفرعان منه قبل الدخول للرئتين. وتشمل كل رِئةٍ عدد كبير من القصيبات، والتي تتفرع إلى شُعيبات تنتهي بعددٍ كبير من الحويصلات الهوائية مبطنة بأغشيةٍ رقيقةٍ جداً ومحاطة بشعيرات دموية غزيرة. يجري عبرها تبادل الغازات بينها وبين الشعيرات الدموية التي تحيط بها. وتعمل العضلات الوربية بين الضلوع، والحجاب الحاجز تحت الرئتين على تشغيل الرئتين كالكير (منفاخ الحداد)، فتسحب الهواء إليهما ثم تدفعه خارجهما في فتراتٍ منتظمة.\r\n\r\nتنقسم عملية التنفس إلى مرحلتين مُتَتَابِعَتَيّن بشكل متلاحق ومستمر هما الشهيق والزفير. الشهيق هو عملية فاعلة تتطلب جهداً من أعضاء الجهاز التنفسي، وخاصة العضلات لإدخال الهواء إلى الرئتين، تتقلص عضلة الحجاب الحاجز فتهبط للأسفل فيتسع القفص الصدري عمودياً أو طولياً ويقل الضغط داخل الرئتين إلى أن يصبح أقل من الضغط الجوي فيندفع الهواء إلى الرئة. كما تعمل العضلات الوربية الخارجية على رفع القص ودفعه للأمام مما يزيد من حجم القفص الصدري من الأمام إلى الخلف.بينما الزفير عملية تلقائية لا تتطلب جهدا لإخراج الهواء خارج الجسم، وإنما تأتي كنتيجة حتمية لعملية الشهيق ولكن في الحالات الاضطرارية، تتدخل عضلات البطن والعضلات الوربية الداخلية لتضيق القفص الصدري، فيرتفع الضغط داخل الرئتين فيطرد الهواء منهما عبر الممرات الهوائية خارج الجسم.\r\n\r\nيتراوح مُعدل التنفس الطبيعي عند البالغين في وضع الراحة حوالي 12 إلى 20 نفسًا في الدقيقة. معدل التنفس الذي يقل عن 12 أو يزيد عن 25 نفسًا في الدقيقة أثناء وضع الراحة يُعد غير طبيعي. من بين الأسباب التي يمكن أن تُغير من مُعدل التنفس بذل الجهد، الربو، القلق، الالتهاب الرئوي، قصور القلب الاحتقاني، أمراض الرئة الأخرى.	["lessons/images/para_1_197_1784748527.webp", "", "", "", "", "", ""]	lessons/audio/audio_1_1784911566.mp3	هل تستطيعُ أن تُمسكَ أنفاسَكَ لمدةِ دقيقةٍ واحدةٍ؟\n\nأنتَ تتنفسُ الآن، لكن هل تعرفُ لماذا؟ كلُّ نفسٍ تأخذُهُ هو وقودٌ سريٌّ لجسمِكَ، مثلَ شحنِ هاتفكَ. بدونِ هذا الوقودِ، لا تستطيعُ اللعبَ أو حتى التفكيرَ بوضوحٍ. تحتاجُ خلاياكَ الصغيرةُ جداً إلى شيءٍ مميزٍ لتعملَ بقوةٍ ونشاطٍ. هذا الشيءُ هو الأكسجينُ. إنهُ بطلُ طاقتِكَ اليوميةِ! أنتَ تستخدمُهُ في كلِ لحظةٍ.\n\nهل تساءلتَ كيف يدخلُ الهواءُ لجسمِكَ؟ تخيل أن الهواءَ فريقٌ صغيرٌ من الأبطالِ، يدخلُ من فمِكَ أو أنفِكَ. ثم يبدأُ رحلةً طويلةً ومثيرةً داخلَكَ. هذا الطريقُ السريُّ يُسمّى الجهازَ التَّنَفُّسِيَّ. إنهُ مثلُ متاهةٍ كبيرةٍ مصممةٍ خصيصاً للهواءِ. كلُّ خطوةٍ مهمةٌ جداً! أنتَ بطلٌ في هذه الرحلةِ.\n\nكيف يتحركُ الهواءُ داخلَ جسمِكَ؟ جسمُكَ لديهِ مضخةٌ سحريةٌ لا تتوقفُ عن العملِ. إنها عضلةٌ كبيرةٌ وقويةٌ تحتَ رئتيكَ، تُسمّى الحجابَ الحاجزَ. عندما تنزلُ هذه العضلةُ للأسفلِ، تتسعُ رئتاكَ مثلَ البالونِ الكبيرِ، فيندفعُ الهواءُ بسرعةٍ للداخلِ. ثم ترتفعُ لتدفعَ الهواءَ خارجاً. عملٌ مدهشٌ حقاً!\n\nلكن أين يحدثُ السحرُ الحقيقيُّ؟ عندما يصلُ الهواءُ إلى نهايةِ رحلتِهِ، يجدُ آلافَ الغرفِ الصغيرةِ جداً، مثلَ فقاعاتِ الصابونِ. هذه الغرفُ تُسمّى الحويصلاتِ الهوائيةَ. هنا، يجتمعُ الأكسجينُ مع الدمِ، ويتبادلُ مكانهُ مع غازٍ آخرَ لا نريدهُ، وهو ثاني أكسيدِ الكربونِ. هذا هو سرُّ تبادلِ الغازاتِ! أنتَ تكتشفُ شيئاً عظيماً.\n\nكيف يساعدُكَ هذا الجهازُ في لعبِكَ؟ تذكرُ عندما تجري بسرعةٍ في الملعبِ أو تقفزُ عالياً؟ جهازُكَ التَّنَفُّسِيُّ يعملُ بجدٍ أكبرَ ليمنحَكَ طاقةً إضافيةً. إنهُ يسرعُ من إدخالِ الأكسجينِ وإخراجِ ثاني أكسيدِ الكربونِ. هذا يجعلكَ أقوى وأكثرَ نشاطاً في ألعابِكَ المفضلةِ. أنتَ بطلٌ حقيقيٌّ بفضلِهِ!\n\nجهازُكَ التَّنَفُّسِيُّ بطلٌ داخليٌّ، يعملُ بلا توقفٍ ليمنحَكَ القوةَ والطاقةَ. تذكرْ أن كلَّ نفسٍ تأخذُهُ هو خطوةٌ نحو مغامرةٍ جديدةٍ. حافظْ على صحةِ رئتيكَ لتكونَ دائماً مستعداً للعبِ والاستكشافِ. أنتَ رائعٌ!	Easy	2026-07-22 22:18:42.538423+03	Pending	1	6	1	الجهاز التنفسي	\N	simple	storytelling	{}	\N	\N	\N		\N	f
167	رحلة الطعام	["lessons/images/img_4_1776510029_0.png", "", "", "", "", ""]	lessons/audio/audio_1_1784911568.mp3	<span style="font-weight: bold">هل تخيلت يوماً ماذا يحدث <span style="color: rgb(223, 129, 90)">لطعامك</span> بعد أن <span style="color: rgb(223, 129, 90)">تبلعه</span>؟</span>\n\n<span style="font-weight: bold">هل تعلم أن جسمك لديه </span><span style="color: rgb(223, 129, 90)"><span style="font-weight: bold">مصنع سري</span></span><span style="font-weight: bold">؟ هذا المصنع يعمل بلا توقف ليمنحك الطاقة للعب. إنه طريق طويل ومتعرج داخل جسمك.</span><span style="font-weight: bold; color: rgb(223, 129, 90)"> يبدأ بفمك</span><span style="font-weight: bold"> وينتهي </span><span style="font-weight: bold; color: rgb(223, 129, 90)">بمخرج خاص</span><span style="font-weight: bold">. وظيفته </span><span style="font-weight: bold; color: rgb(223, 129, 90)">تحويل قطع الطعام الكبيرة، يحولها إلى جزيئات صغيرة جداً.</span><span style="font-weight: bold"> هذه الجزيئات الصغيرة يمكن لجسمك استخدامها بسهولة. مثل تحويل مكعبات ليغو كبيرة إلى قطع صغيرة جداً. </span><span style="font-weight: bold; color: rgb(223, 129, 90)">ثم تستخدمها لبناء شيء جديد تماماً</span><span style="font-weight: bold">. هذا رائع حقًا!</span>\n\n<span style="font-weight: bold">أنت بطل هذه الرحلة المدهشة! <span style="color: rgb(223, 129, 90)">تبدأ المغامرة في فمك</span> مباشرة.<span style="color: rgb(223, 129, 90)"> أسنانك</span> هي أبطال قواطع الطعام. <span style="color: rgb(223, 129, 90)">تقطع الطعام إلى أجزاء أصغر</span>. ثم يأتيك مساعد سري آخر،<span style="color: rgb(223, 129, 90)"> اللعاب</span>. اللعاب <span style="color: rgb(223, 129, 90)">يحتوي على "إنزيمات"</span>. الإنزيمات هي مواد كيميائية صغيرة. <span style="color: rgb(223, 129, 90)">تساعد هذه الإنزيمات في تكسير الطعام</span>. كما أنها<span style="color: rgb(223, 129, 90)"> تسهل بلع الطعام</span>. يندفع الطعام بعدها عبر <span style="color: rgb(223, 129, 90)">أنبوب المريء</span>. إنه مثل نفق سري للطعام. يا له من عمل جماعي مذهل!</span>\n\n<span style="font-weight: bold">وماذا يحدث عندما يصل الطعام للمعدة؟ <span style="color: rgb(223, 129, 90)">معدتك تعمل كخلاط قوي جداً</span>. تخلط الطعام مع عصارات هاضمة خاصة. هذه<span style="color: rgb(223, 129, 90)"> العصارات تكسر الطعام أكثر وأكثر.</span> ثم يبدأ "التمعج" بالعمل. <span style="color: rgb(223, 129, 90)">التمعج هو حركة عضلية</span> مدهشة. مثل أمواج البحر التي <span style="color: rgb(223, 129, 90)">تدفع الطعام للأمام</span>. هذه الأمواج تستمر في دفع الطعام. <span style="color: rgb(223, 129, 90)">تدفعه من المعدة إلى الأمعاء الدقيقة</span>. الأمعاء الدقيقة هي<span style="color: rgb(223, 129, 90)"> المكان الذي يحدث فيه الهضم الأكبر</span>. جسمك ذكي جداً!</span>\n\n<span style="font-weight: bold">هل تعلم أن هناك سراً أخيراً؟ بعد الأمعاء الدقيقة، يذهب الطعام إلى <span style="color: rgb(223, 129, 90)">الأمعاء الغليظة</span>. هنا، <span style="color: rgb(223, 129, 90)">يتم امتصاص الماء من الطعام المهضوم</span>. الأمعاء الغليظة تعمل كإسفنجة ذكية. <span style="color: rgb(223, 129, 90)">تمتص الماء المهم لجسمك</span>. هذا يمنعك من الجفاف ويحافظ على صحتك. ما تبقى هو <span style="color: rgb(223, 129, 90)">الفضلات التي لا يحتاجها الجسم، يتم التخلص منها خارجاً </span>بطريقة منظمة. أنت تفهم الآن كل شيء!</span>\n\n<span style="font-weight: bold">جسمك بطل خارق حقيقي، أليس كذلك؟ <span style="color: rgb(223, 129, 90)">كل لقمة تأكلها تتحول لطاقة</span>. هذه الطاقة <span style="color: rgb(223, 129, 90)">تساعدك على اللعب والتعلم والنمو</span>. تذكر أن <span style="color: rgb(223, 129, 90)">جهازك الهضمي</span> يعمل بجد لأجلك. اعتني به جيداً، واستمتع بكل مغامراتك!</span>	Easy	2026-04-18 14:01:07.72373+03	Published	1	6	1	الجهاز الهضمي	\N	simple	storytelling	{}	\N	\N	2026-07-23 19:21:54.19073+03	lesson_videos/تسجيل_2026-06-20_163807.mp4	شرح	t
\.


--
-- Data for Name: Message; Type: TABLE DATA; Schema: public; Owner: postgres
--

COPY public."Message" (id, body, is_read, sent_at, conversation_id, sender_id) FROM stdin;
9	أهلاً	t	2026-03-13 01:45:05.784004+03	1	6
11	مرحبا	t	2026-03-28 21:09:46.169433+03	2	5
12	مرحبا معلمتي هل يمكنك ان ترسلي الدرس سريعا؟	t	2026-06-01 21:11:37.513871+03	3	22
14	اهلا	t	2026-06-01 21:12:21.625623+03	3	20
15	سأحاول ان ارسله قريبا!	t	2026-06-01 21:13:03.056151+03	3	20
16	السلام عليكم !	t	2026-06-03 01:57:43.259804+03	4	22
\.


--
-- Data for Name: Notification; Type: TABLE DATA; Schema: public; Owner: postgres
--

COPY public."Notification" (notif_id, "NotifType", "Title", "Body", "IsRead", "CreatedAt", "LessonID", "RecipientID", "TestID") FROM stdin;
258	test_publish	📝 اختبار جديد: اختبار درس التعاون	أضاف المعلم "ليان خالد محمود" اختباراً جديداً في مادة "لغة عربية" لدرس "التعاون": اختبار درس التعاون	t	2026-06-09 22:28:25.651096+03	\N	15	32
1	schedule_update	📅 تحديث في جدول المهام	أضاف المعلم "sara omar" حصة في مادة "science" بتاريخ 2026-03-09 من 08:00 إلى 09:00.	t	2026-03-09 15:16:27.026994+03	\N	6	\N
86	parent_lesson	📚 درس جديد لابنك: الجهاز الهضمي	نشر المعلم "sara omar" درساً جديداً لابنك "ahmed ali" في مادة "العلوم": الجهاز الهضمي	t	2026-04-15 21:55:18.034507+03	\N	5	\N
45	parent_note	💬 ملاحظة معلم ابنك ahmed ali	هناك تقدم	t	2026-03-22 20:04:10.014532+03	\N	5	\N
44	teacher_note	💬 ملاحظة من المعلم sara omar	هناك تقدم	t	2026-03-22 20:04:10.014532+03	\N	6	\N
40	test_publish	📝 اختبار جديد: اختبار درس الجهاز الهضمي	أضاف المعلم "sara omar" اختباراً جديداً في مادة "العلوم": اختبار درس الجهاز الهضمي	t	2026-03-22 19:43:38.134158+03	\N	6	\N
9	schedule_update	📅 تحديث في جدول المهام	أضاف المعلم "sara omar" حصة في مادة "science" بتاريخ 2026-03-10 من 08:00 إلى 09:00.	t	2026-03-09 23:54:20.865591+03	\N	6	\N
8	schedule_update	📅 تحديث في جدول المهام	عدّل المعلم "sara omar" حصة في مادة "science" بتاريخ 2026-03-10 من 08:00 إلى 09:00.	t	2026-03-09 23:11:57.504757+03	\N	6	\N
7	schedule_update	📅 تحديث في جدول المهام	أضاف المعلم "sara omar" حصة في مادة "science" بتاريخ 2026-03-10 من 08:00 إلى 09:00.	t	2026-03-09 23:11:36.850375+03	\N	6	\N
6	schedule_update	📅 تحديث في جدول المهام	عدّل المعلم "sara omar" حصة في مادة "science" بتاريخ 2026-03-09 من 08:00 إلى 09:00.	t	2026-03-09 16:38:36.852091+03	\N	6	\N
5	schedule_update	📅 تحديث في جدول المهام	أضاف المعلم "sara omar" حصة في مادة "science" بتاريخ 2026-03-09 من 08:00 إلى 09:00.	t	2026-03-09 16:31:21.418627+03	\N	6	\N
4	schedule_update	📅 تحديث في جدول المهام	أضاف المعلم "sara omar" حصة في مادة "science" بتاريخ 2026-03-09 من 08:00 إلى 09:00.	t	2026-03-09 16:30:51.46828+03	\N	6	\N
3	schedule_update	📅 تحديث في جدول المهام	أضاف المعلم "sara omar" حصة في مادة "science" بتاريخ 2026-03-09 من 08:00 إلى 09:00.	t	2026-03-09 16:20:50.752641+03	\N	6	\N
2	schedule_update	📅 تحديث في جدول المهام	أضاف المعلم "sara omar" حصة في مادة "science" بتاريخ 2026-03-09 من 08:00 إلى 09:00.	t	2026-03-09 15:35:17.895563+03	\N	6	\N
11	lesson_publish	🏫 تم نقلك إلى صف جديد	تم نقلك من صف "الصف الاول" إلى صف "الصف الخامس".	t	2026-03-12 21:24:54.165834+03	\N	6	\N
10	lesson_publish	🏫 تم نقلك إلى صف جديد	تم نقلك من صف "الصف الخامس" إلى صف "الصف الاول".	t	2026-03-12 12:44:58.155756+03	\N	6	\N
22	lesson_publish	📚 درس جديد: الجهاز الهضمي	نشر المعلم "sara omar" درساً جديداً في مادة "العلوم": الجهاز الهضمي	t	2026-03-21 21:10:43.178193+03	\N	6	\N
14	schedule_update	📅 تحديث في جدول المهام	أضاف المعلم "sara omar" حصة في مادة "العلوم" بتاريخ 2026-03-19 من 20:00 إلى 21:00.	t	2026-03-19 18:47:15.23885+03	\N	6	\N
16	schedule_update	📅 تحديث في جدول المهام	عدّل المعلم "sara omar" حصة في مادة "العلوم" بتاريخ 2026-03-19 من 20:00 إلى 21:00.	t	2026-03-19 21:55:52.645564+03	\N	6	\N
15	schedule_update	📅 تحديث في جدول المهام	عدّل المعلم "sara omar" حصة في مادة "العلوم" بتاريخ 2026-03-19 من 20:00 إلى 21:00.	t	2026-03-19 21:52:53.365768+03	\N	6	\N
13	test_publish	📝 اختبار جديد: اختبار درس الجهاز الهضمي	أضاف المعلم "sara omar" اختباراً جديداً في مادة "العلوم": اختبار درس الجهاز الهضمي	t	2026-03-19 18:34:04.478521+03	\N	6	\N
17	test_attempt	📝 ahmed ali حاول الاختبار	قام الطالب "ahmed ali" (رقم الهوية: 555555555) بمحاولة اختبار "اختبار درس الجهاز الهضمي" لأول مرة.	t	2026-03-19 22:42:25.352038+03	\N	4	\N
12	lesson_publish	📚 درس جديد: الجهاز الهضمي	نشر المعلم "sara omar" درساً جديداً في مادة "العلوم": الجهاز الهضمي	t	2026-03-18 16:10:43.204135+03	\N	6	\N
19	test_publish	📝 اختبار جديد: اختبار درس الجهاز الهضمي	أضاف المعلم "sara omar" اختباراً جديداً في مادة "العلوم": اختبار درس الجهاز الهضمي	t	2026-03-20 21:37:39.259738+03	\N	6	\N
20	test_attempt	📝 ahmed ali حاول الاختبار	قام الطالب "ahmed ali" (رقم الهوية: 555555555) بمحاولة اختبار "اختبار درس الجهاز الهضمي" لأول مرة.	t	2026-03-20 21:52:46.342292+03	\N	4	\N
18	lesson_publish	📚 درس جديد: الجهاز الهضمي	نشر المعلم "sara omar" درساً جديداً في مادة "العلوم": الجهاز الهضمي	t	2026-03-20 21:18:04.380715+03	\N	6	\N
21	lesson_publish	📚 درس جديد: الجهاز الهضمي	نشر المعلم "sara omar" درساً جديداً في مادة "العلوم": الجهاز الهضمي	t	2026-03-21 01:53:26.410556+03	\N	6	\N
23	test_publish	📝 اختبار جديد: اختبار درس الجهاز الهضمي	أضاف المعلم "sara omar" اختباراً جديداً في مادة "العلوم": اختبار درس الجهاز الهضمي	t	2026-03-21 21:11:42.238401+03	\N	6	\N
24	test_attempt	📝 ahmed ali حاول الاختبار	قام الطالب "ahmed ali" (رقم الهوية: 555555555) بمحاولة اختبار "اختبار درس الجهاز الهضمي" لأول مرة.	t	2026-03-21 21:16:52.638706+03	\N	4	\N
25	test_publish	📝 اختبار جديد: اختبار درس الجهاز الهضمي	أضاف المعلم "sara omar" اختباراً جديداً في مادة "العلوم": اختبار درس الجهاز الهضمي	t	2026-03-21 23:22:17.201763+03	\N	6	\N
26	parent_test	📝 اختبار جديد لابنك: اختبار درس الجهاز الهضمي	أضاف المعلم "sara omar" اختباراً جديداً لابنك "ahmed ali" في مادة "العلوم": اختبار درس الجهاز الهضمي	t	2026-03-21 23:22:17.215095+03	\N	5	\N
28	parent_result	🌟 نتيجة ابنك: اختبار درس الجهاز الهضمي	أنهى ابنك "ahmed ali" اختبار "اختبار درس الجهاز الهضمي" في مادة "العلوم".\nالدرجة: 1 من 1 (100.0%) — ممتاز.	t	2026-03-21 23:24:41.223744+03	\N	5	\N
27	test_attempt	📝 ahmed ali حاول الاختبار	قام الطالب "ahmed ali" (رقم الهوية: 555555555) بمحاولة اختبار "اختبار درس الجهاز الهضمي" لأول مرة.	t	2026-03-21 23:24:41.212696+03	\N	4	\N
38	test_publish	📝 اختبار جديد: اختبار درس الجهاز الهضمي	أضاف المعلم "sara omar" اختباراً جديداً في مادة "العلوم": اختبار درس الجهاز الهضمي	t	2026-03-22 19:41:23.558594+03	\N	6	\N
85	lesson_publish	📚 درس جديد: الجهاز الهضمي	نشر المعلم "sara omar" درساً جديداً في مادة "العلوم": الجهاز الهضمي	t	2026-04-15 21:55:18.013548+03	\N	6	\N
39	parent_test	📝 اختبار جديد لابنك: اختبار درس الجهاز الهضمي	أضاف المعلم "sara omar" اختباراً جديداً لابنك "ahmed ali" في مادة "العلوم": اختبار درس الجهاز الهضمي	t	2026-03-22 19:41:23.571361+03	\N	5	\N
37	parent_test	📝 اختبار جديد لابنك: اختبار درس الجهاز الهضمي	أضاف المعلم "sara omar" اختباراً جديداً لابنك "ahmed ali" في مادة "العلوم": اختبار درس الجهاز الهضمي	t	2026-03-22 17:55:43.690441+03	\N	5	\N
42	test_attempt	📝 ahmed ali حاول الاختبار	قام الطالب "ahmed ali" (رقم الهوية: 555555555) بمحاولة اختبار "اختبار درس الجهاز الهضمي" لأول مرة.	t	2026-03-22 20:03:03.861422+03	\N	4	\N
33	parent_note	💬 ملاحظة معلم ابنك ahmed ali	استمر بالمتابعة	t	2026-03-22 17:14:50.809266+03	\N	5	\N
35	parent_note	💬 ملاحظة معلم ابنك ahmed ali	استمر بالمتابعة	t	2026-03-22 17:14:54.492964+03	\N	5	\N
32	teacher_note	💬 ملاحظة من المعلم sara omar	استمر بالمتابعة	t	2026-03-22 17:14:50.809266+03	\N	6	\N
34	teacher_note	💬 ملاحظة من المعلم sara omar	استمر بالمتابعة	t	2026-03-22 17:14:54.492964+03	\N	6	\N
29	test_publish	📝 اختبار جديد: اختبار درس الجهاز الهضمي	أضاف المعلم "sara omar" اختباراً جديداً في مادة "العلوم": اختبار درس الجهاز الهضمي	t	2026-03-21 23:59:21.512377+03	\N	6	\N
30	parent_test	📝 اختبار جديد لابنك: اختبار درس الجهاز الهضمي	أضاف المعلم "sara omar" اختباراً جديداً لابنك "ahmed ali" في مادة "العلوم": اختبار درس الجهاز الهضمي	t	2026-03-21 23:59:21.524252+03	\N	5	\N
31	test_attempt	📝 ahmed ali حاول الاختبار	قام الطالب "ahmed ali" (رقم الهوية: 555555555) بمحاولة اختبار "اختبار درس الجهاز الهضمي" لأول مرة.	t	2026-03-22 00:00:03.325402+03	\N	4	\N
41	parent_test	📝 اختبار جديد لابنك: اختبار درس الجهاز الهضمي	أضاف المعلم "sara omar" اختباراً جديداً لابنك "ahmed ali" في مادة "العلوم": اختبار درس الجهاز الهضمي	t	2026-03-22 19:43:38.147297+03	\N	5	\N
43	parent_result	🌟 نتيجة ابنك: اختبار درس الجهاز الهضمي	أنهى ابنك "ahmed ali" اختبار "اختبار درس الجهاز الهضمي" في مادة "العلوم".\nالدرجة: 1 من 1 (100.0%) — ممتاز.	t	2026-03-22 20:03:03.89124+03	\N	5	\N
132	parent_attention	🚨 تنبيه انتباه: ahmed ali	تشتت حرج لدى ابنك "ahmed ali" أثناء دراسة "الجهاز الهضمي" في "العلوم".\nمتوسط الانتباه: 28% | لحظات التشتت: 4.\nننصح بتدخل فوري: يمكنك مساعدة ابنك على التركيز أو تأجيل الجلسة لوقت أنسب.	t	2026-05-16 20:07:33.550088+03	\N	5	\N
95	test_publish	📝 اختبار جديد: اختبار سريع	أضاف المعلم "sara omar" اختباراً جديداً في مادة "العلوم": اختبار سريع	t	2026-04-19 21:13:49.239003+03	\N	6	\N
36	test_publish	📝 اختبار جديد: اختبار درس الجهاز الهضمي	أضاف المعلم "sara omar" اختباراً جديداً في مادة "العلوم": اختبار درس الجهاز الهضمي	t	2026-03-22 17:55:43.131078+03	\N	6	\N
261	parent_test	📝 اختبار جديد لابنك: امتحان مفاجئ	أضاف المعلم "aya abdallah atawna" اختباراً جديداً لابنك "QAIS OMAR HROUB" في مادة "رياضيات" لدرس "الأعداد الصحيحة": امتحان مفاجئ	t	2026-06-09 23:44:19.634415+03	\N	23	\N
46	test_publish	📝 اختبار جديد: اختبار درس الجهاز الهضمي	أضاف المعلم "sara omar" اختباراً جديداً في مادة "العلوم": اختبار درس الجهاز الهضمي	t	2026-03-22 20:09:32.140405+03	\N	6	\N
48	test_attempt	📝 ahmed ali حاول الاختبار	قام الطالب "ahmed ali" (رقم الهوية: 555555555) بمحاولة اختبار "اختبار درس الجهاز الهضمي" لأول مرة.	t	2026-03-22 20:10:55.712477+03	\N	4	\N
50	test_publish	📝 اختبار جديد: اختبار درس الجهاز الهضمي	أضاف المعلم "sara omar" اختباراً جديداً في مادة "العلوم": اختبار درس الجهاز الهضمي	t	2026-03-22 20:20:53.654745+03	\N	6	\N
54	test_publish	📝 اختبار جديد: اختبار درس الجهاز الهضمي	أضاف المعلم "sara omar" اختباراً جديداً في مادة "العلوم": اختبار درس الجهاز الهضمي	t	2026-03-22 20:32:56.606781+03	\N	6	\N
64	teacher_note	💬 ملاحظة من المعلم sara omar	احسنت	t	2026-03-23 21:26:27.221272+03	\N	6	\N
47	parent_test	📝 اختبار جديد لابنك: اختبار درس الجهاز الهضمي	أضاف المعلم "sara omar" اختباراً جديداً لابنك "ahmed ali" في مادة "العلوم": اختبار درس الجهاز الهضمي	t	2026-03-22 20:09:32.153095+03	\N	5	\N
49	parent_result	⚠️ نتيجة ابنك: اختبار درس الجهاز الهضمي	أنهى ابنك "ahmed ali" اختبار "اختبار درس الجهاز الهضمي" في مادة "العلوم".\nالدرجة: 0 من 1 (0.0%) — يحتاج مراجعة.	t	2026-03-22 20:10:55.738626+03	\N	5	\N
51	parent_test	📝 اختبار جديد لابنك: اختبار درس الجهاز الهضمي	أضاف المعلم "sara omar" اختباراً جديداً لابنك "ahmed ali" في مادة "العلوم": اختبار درس الجهاز الهضمي	t	2026-03-22 20:20:53.675591+03	\N	5	\N
65	parent_note	💬 ملاحظة معلم ابنك ahmed ali	احسنت	t	2026-03-23 21:26:27.221272+03	\N	5	\N
52	test_attempt	📝 ahmed ali حاول الاختبار	قام الطالب "ahmed ali" (رقم الهوية: 555555555) بمحاولة اختبار "اختبار درس الجهاز الهضمي" لأول مرة.	t	2026-03-22 20:22:10.701382+03	\N	4	\N
69	lesson_publish	📚 درس جديد: الجهاز الهضمي	نشر المعلم "sara omar" درساً جديداً في مادة "العلوم": الجهاز الهضمي	t	2026-04-12 15:29:46.651123+03	\N	6	\N
71	lesson_publish	📚 درس جديد: الجهاز الهضمي	نشر المعلم "sara omar" درساً جديداً في مادة "العلوم": الجهاز الهضمي	t	2026-04-12 15:29:50.990695+03	\N	6	\N
73	lesson_publish	📚 درس جديد: الجهاز الهضمي	نشر المعلم "sara omar" درساً جديداً في مادة "العلوم": الجهاز الهضمي	t	2026-04-12 15:29:53.744214+03	\N	6	\N
77	lesson_publish	📚 درس جديد: الجهاز الهضمي	نشر المعلم "sara omar" درساً جديداً في مادة "العلوم": الجهاز الهضمي	t	2026-04-12 15:30:28.942318+03	\N	6	\N
79	lesson_publish	📚 درس جديد: الجهاز الهضمي	نشر المعلم "sara omar" درساً جديداً في مادة "العلوم": الجهاز الهضمي	t	2026-04-12 20:28:11.381468+03	\N	6	\N
81	lesson_publish	📚 درس جديد: الجهاز الهضمي	نشر المعلم "sara omar" درساً جديداً في مادة "العلوم": الجهاز الهضمي	t	2026-04-12 20:30:07.635618+03	\N	6	\N
56	test_publish	📝 اختبار جديد: اختبار درس الجهاز الهضمي	أضاف المعلم "sara omar" اختباراً جديداً في مادة "العلوم": اختبار درس الجهاز الهضمي	t	2026-03-22 20:41:28.585151+03	\N	6	\N
58	test_attempt	📝 ahmed ali حاول الاختبار	قام الطالب "ahmed ali" (رقم الهوية: 555555555) بمحاولة اختبار "اختبار درس الجهاز الهضمي" لأول مرة.	t	2026-03-22 20:42:29.253948+03	\N	4	\N
67	lesson_publish	📚 درس جديد: الجهاز الهضمي	نشر المعلم "sara omar" درساً جديداً في مادة "العلوم": الجهاز الهضمي	t	2026-04-10 15:43:10.589369+03	\N	6	\N
75	lesson_publish	📚 درس جديد: الجهاز الهضمي	نشر المعلم "sara omar" درساً جديداً في مادة "العلوم": الجهاز الهضمي	t	2026-04-12 15:29:57.835383+03	\N	6	\N
148	test_attempt	📝 (ahmed) أجرى الاختبار	قام الطالب "ahmed ali" من  (الصف الخامس) بمحاولة حل اختبار "اختبار سريع" في مادة "العلوم" لدرس "الجهاز الهضمي". (2026-05-18 14:08)	t	2026-05-18 14:08:33.808802+03	\N	4	31
133	parent_attention	🚨 تنبيه انتباه: ahmed ali	تشتت حرج لدى ابنك "ahmed ali" أثناء دراسة "الجهاز الهضمي" في "العلوم".\nمتوسط الانتباه: 34% | لحظات التشتت: 5.\nننصح بتدخل فوري: يمكنك مساعدة ابنك على التركيز أو تأجيل الجلسة لوقت أنسب.	t	2026-05-16 20:22:16.045396+03	\N	5	\N
63	lesson_publish	🏫 تم نقلك إلى صف جديد	تم نقلك من صف "الصف السادس" إلى صف "الصف الخامس".	t	2026-03-23 18:59:21.968804+03	\N	6	\N
53	parent_result	⚠️ نتيجة ابنك: اختبار درس الجهاز الهضمي	أنهى ابنك "ahmed ali" اختبار "اختبار درس الجهاز الهضمي" في مادة "العلوم".\nالدرجة: 0 من 1 (0.0%) — يحتاج مراجعة.	t	2026-03-22 20:22:10.736749+03	\N	5	\N
55	parent_test	📝 اختبار جديد لابنك: اختبار درس الجهاز الهضمي	أضاف المعلم "sara omar" اختباراً جديداً لابنك "ahmed ali" في مادة "العلوم": اختبار درس الجهاز الهضمي	t	2026-03-22 20:32:56.626731+03	\N	5	\N
57	parent_test	📝 اختبار جديد لابنك: اختبار درس الجهاز الهضمي	أضاف المعلم "sara omar" اختباراً جديداً لابنك "ahmed ali" في مادة "العلوم": اختبار درس الجهاز الهضمي	t	2026-03-22 20:41:28.633963+03	\N	5	\N
59	parent_result	🌟 نتيجة ابنك: اختبار درس الجهاز الهضمي	أنهى ابنك "ahmed ali" اختبار "اختبار درس الجهاز الهضمي" في مادة "العلوم".\nالدرجة: 1 من 1 (100.0%) — ممتاز.	t	2026-03-22 20:42:29.295357+03	\N	5	\N
93	test_publish	📝 اختبار جديد: اختبار سريع	أضاف المعلم "sara omar" اختباراً جديداً في مادة "العلوم": اختبار سريع	t	2026-04-19 20:56:34.891736+03	\N	6	\N
66	lesson_publish	🏫 تم نقلك إلى صف جديد	تم نقلك من صف "الصف السادس" إلى صف "الصف الخامس".	t	2026-04-09 22:06:56.255608+03	\N	6	\N
60	test_publish	📝 اختبار جديد: اختبار درس الجهاز الهضمي	أضاف المعلم "sara omar" اختباراً جديداً في مادة "العلوم": اختبار درس الجهاز الهضمي	t	2026-03-22 22:27:49.981026+03	\N	6	\N
62	test_attempt	📝 ahmed ali حاول الاختبار	قام الطالب "ahmed ali" (رقم الهوية: 555555555) بمحاولة اختبار "اختبار درس الجهاز الهضمي" لأول مرة.	t	2026-03-22 22:40:09.429751+03	\N	4	\N
61	parent_test	📝 اختبار جديد لابنك: اختبار درس الجهاز الهضمي	أضاف المعلم "sara omar" اختباراً جديداً لابنك "ahmed ali" في مادة "العلوم": اختبار درس الجهاز الهضمي	t	2026-03-22 22:27:50.003484+03	\N	5	\N
97	test_publish	📝 اختبار جديد: اختبار سريع	أضاف المعلم "sara omar" اختباراً جديداً في مادة "العلوم": اختبار سريع	t	2026-04-20 10:25:25.641599+03	\N	6	\N
101	test_publish	📝 اختبار جديد: اختبار سريع	أضاف المعلم "sara omar" اختباراً جديداً في مادة "العلوم": اختبار سريع	t	2026-04-20 11:28:15.752797+03	\N	6	\N
134	parent_attention	🚨 تنبيه انتباه: ahmed ali	تشتت حرج لدى ابنك "ahmed ali" أثناء دراسة "الجهاز الهضمي" في "العلوم".\nمتوسط الانتباه: 0% | لحظات التشتت: 3.\nننصح بتدخل فوري: يمكنك مساعدة ابنك على التركيز أو تأجيل الجلسة لوقت أنسب.	t	2026-05-17 05:45:19.622567+03	\N	5	\N
89	test_publish	📝 اختبار جديد: اختبار درس الجهاز الهضمي	أضاف المعلم "sara omar" اختباراً جديداً في مادة "العلوم": اختبار درس الجهاز الهضمي	t	2026-04-18 15:44:40.471978+03	\N	6	\N
140	schedule_update	📅 تحديث في جدول المهام	أضاف المعلم "sara omar" حصة في مادة "العلوم" بتاريخ 2026-05-17 من 08:00 إلى 09:00.	t	2026-05-17 13:50:51.524791+03	\N	6	\N
160	schedule_update	📅 تحديث في جدول المهام	أضاف المعلم "sara omar" حصة في مادة "العلوم" بتاريخ 2026-05-20 من 00:00 إلى 09:00.	f	2026-05-19 16:00:22.062981+03	\N	17	\N
83	lesson_publish	📚 درس جديد: الجهاز الهضمي	نشر المعلم "sara omar" درساً جديداً في مادة "العلوم": الجهاز الهضمي	t	2026-04-13 16:49:37.343676+03	\N	6	\N
70	parent_lesson	📚 درس جديد لابنك: الجهاز الهضمي	نشر المعلم "sara omar" درساً جديداً لابنك "ahmed ali" في مادة "العلوم": الجهاز الهضمي	t	2026-04-12 15:29:46.701511+03	\N	5	\N
72	parent_lesson	📚 درس جديد لابنك: الجهاز الهضمي	نشر المعلم "sara omar" درساً جديداً لابنك "ahmed ali" في مادة "العلوم": الجهاز الهضمي	t	2026-04-12 15:29:51.006937+03	\N	5	\N
74	parent_lesson	📚 درس جديد لابنك: الجهاز الهضمي	نشر المعلم "sara omar" درساً جديداً لابنك "ahmed ali" في مادة "العلوم": الجهاز الهضمي	t	2026-04-12 15:29:53.78718+03	\N	5	\N
78	parent_lesson	📚 درس جديد لابنك: الجهاز الهضمي	نشر المعلم "sara omar" درساً جديداً لابنك "ahmed ali" في مادة "العلوم": الجهاز الهضمي	t	2026-04-12 15:30:28.963948+03	\N	5	\N
80	parent_lesson	📚 درس جديد لابنك: الجهاز الهضمي	نشر المعلم "sara omar" درساً جديداً لابنك "ahmed ali" في مادة "العلوم": الجهاز الهضمي	t	2026-04-12 20:28:11.453357+03	\N	5	\N
82	parent_lesson	📚 درس جديد لابنك: الجهاز الهضمي	نشر المعلم "sara omar" درساً جديداً لابنك "ahmed ali" في مادة "العلوم": الجهاز الهضمي	t	2026-04-12 20:30:07.671478+03	\N	5	\N
84	parent_lesson	📚 درس جديد لابنك: الجهاز الهضمي	نشر المعلم "sara omar" درساً جديداً لابنك "ahmed ali" في مادة "العلوم": الجهاز الهضمي	t	2026-04-13 16:49:37.402323+03	\N	5	\N
68	parent_lesson	📚 درس جديد لابنك: الجهاز الهضمي	نشر المعلم "sara omar" درساً جديداً لابنك "ahmed ali" في مادة "العلوم": الجهاز الهضمي	t	2026-04-10 15:43:10.620505+03	\N	5	\N
76	parent_lesson	📚 درس جديد لابنك: الجهاز الهضمي	نشر المعلم "sara omar" درساً جديداً لابنك "ahmed ali" في مادة "العلوم": الجهاز الهضمي	t	2026-04-12 15:29:57.853088+03	\N	5	\N
161	schedule_update	📅 تحديث في جدول المهام	أضاف المعلم "sara omar" حصة في مادة "العلوم" بتاريخ 2026-05-20 من 00:00 إلى 09:00.	t	2026-05-19 16:00:22.062981+03	\N	6	\N
159	schedule_update	🗓️ جدول ابنك: أُضيف حصة	أُضيف حصة لابنك "ahmed ali" في مادة "العلوم" يوم 2026-05-20 من 00:00 إلى 09:00	t	2026-05-19 16:00:22.054334+03	\N	5	\N
91	lesson_publish	📚 درس جديد: الجهاز الهضمي	نشر المعلم "sara omar" درساً جديداً في مادة "العلوم": الجهاز الهضمي	t	2026-04-19 17:15:55.752251+03	167	6	\N
149	parent_result	🌟 نتيجة ابنك: اختبار سريع	أنهى ابنك "ahmed ali" اختبار "اختبار سريع" في مادة "العلوم".\nالدرجة: 1 من 1 (100.0%) — ممتاز.	t	2026-05-18 14:08:33.818527+03	\N	5	31
139	schedule_update	🗓️ جدول ابنك: أُضيف حصة	أُضيف حصة لابنك "ahmed ali" في مادة "العلوم" يوم 2026-05-17 من 08:00 إلى 09:00	t	2026-05-17 13:50:51.511115+03	\N	5	\N
150	parent_attention	⚠️ تنبيه انتباه: ahmed ali	تشتت ملحوظ لدى ابنك "ahmed ali" أثناء دراسة "الجهاز الهضمي" في "العلوم".\nمتوسط الانتباه: 38% | لحظات التشتت: 5.\nربما يحتاج ابنك استراحة قصيرة أو بيئة أهدأ. يمكنك الاطمئنان عليه.	t	2026-05-18 19:47:14.864874+03	167	5	\N
170	lesson_publish	📚 درس جديد: الجهاز الهضمي	نشر المعلم "sara omar" درساً جديداً في مادة "العلوم": الجهاز الهضمي	f	2026-05-21 19:10:03.015445+03	167	17	\N
99	test_publish	📝 اختبار جديد: اختبار سريع	أضاف المعلم "sara omar" اختباراً جديداً في مادة "العلوم": اختبار سريع	t	2026-04-20 10:27:37.026635+03	\N	6	\N
171	lesson_publish	📚 درس جديد: الجهاز الهضمي	نشر المعلم "sara omar" درساً جديداً في مادة "العلوم": الجهاز الهضمي	t	2026-05-21 19:10:03.015445+03	167	6	\N
172	parent_lesson	📚 درس جديد لابنك: الجهاز الهضمي	نشر المعلم "sara omar" درساً جديداً لابنك "ahmed ali" في مادة "العلوم": الجهاز الهضمي	t	2026-05-21 19:10:03.029185+03	167	5	\N
103	test_publish	📝 اختبار جديد: اختبار سريع	أضاف المعلم "sara omar" اختباراً جديداً في مادة "العلوم": اختبار سريع	t	2026-04-20 11:41:27.303797+03	\N	6	\N
92	parent_lesson	📚 درس جديد لابنك: الجهاز الهضمي	نشر المعلم "sara omar" درساً جديداً لابنك "ahmed ali" في مادة "العلوم": الجهاز الهضمي	t	2026-04-19 17:15:55.805668+03	167	5	\N
96	parent_test	📝 اختبار جديد لابنك: اختبار سريع	أضاف المعلم "sara omar" اختباراً جديداً لابنك "ahmed ali" في مادة "العلوم": اختبار سريع	t	2026-04-19 21:13:49.265109+03	\N	5	\N
102	parent_test	📝 اختبار جديد لابنك: اختبار سريع	أضاف المعلم "sara omar" اختباراً جديداً لابنك "ahmed ali" في مادة "العلوم": اختبار سريع	t	2026-04-20 11:28:15.785788+03	\N	5	\N
94	parent_test	📝 اختبار جديد لابنك: اختبار سريع	أضاف المعلم "sara omar" اختباراً جديداً لابنك "ahmed ali" في مادة "العلوم": اختبار سريع	t	2026-04-19 20:56:34.931701+03	\N	5	\N
98	parent_test	📝 اختبار جديد لابنك: اختبار سريع	أضاف المعلم "sara omar" اختباراً جديداً لابنك "ahmed ali" في مادة "العلوم": اختبار سريع	t	2026-04-20 10:25:25.660181+03	\N	5	\N
100	parent_test	📝 اختبار جديد لابنك: اختبار سريع	أضاف المعلم "sara omar" اختباراً جديداً لابنك "ahmed ali" في مادة "العلوم": اختبار سريع	t	2026-04-20 10:27:37.026635+03	\N	5	\N
104	parent_test	📝 اختبار جديد لابنك: اختبار سريع	أضاف المعلم "sara omar" اختباراً جديداً لابنك "ahmed ali" في مادة "العلوم": اختبار سريع	t	2026-04-20 11:41:27.304475+03	\N	5	\N
245	parent_attention	تنبيه تشتت من المستوى الثالث	وصل الطالب "ahmed ali" إلى مستوى تشتت مرتفع أثناء درس "الجهاز الهضمي" في جلسة audio. يُنصح بتوفير بيئة أكثر هدوءاً ودعماً قبل متابعة التعلم.	t	2026-05-30 18:10:12.482002+03	167	5	\N
107	parent_attention	🚨 تنبيه انتباه: ahmed ali	تشتت حرج لدى ابنك "ahmed ali" أثناء دراسة "الجهاز الهضمي" في "العلوم".\nمتوسط الانتباه: 0% | لحظات التشتت: 0.\nننصح بتدخل فوري: يمكنك مساعدة ابنك على التركيز أو تأجيل الجلسة لوقت أنسب.	t	2026-05-13 21:50:16.878752+03	\N	5	\N
260	test_publish	📝 اختبار جديد: امتحان مفاجئ	أضاف المعلم "aya abdallah atawna" اختباراً جديداً في مادة "رياضيات" لدرس "الأعداد الصحيحة": امتحان مفاجئ	t	2026-06-09 23:44:19.624043+03	\N	22	\N
266	test_publish	📝 اختبار جديد: امتحان مفاجئ	أضاف المعلم "aya abdallah atawna" اختباراً جديداً في مادة "رياضيات" لدرس "الأعداد الصحيحة": امتحان مفاجئ	t	2026-06-20 18:49:52.566532+03	\N	22	34
90	parent_test	📝 اختبار جديد لابنك: اختبار درس الجهاز الهضمي	أضاف المعلم "sara omar" اختباراً جديداً لابنك "ahmed ali" في مادة "العلوم": اختبار درس الجهاز الهضمي	t	2026-04-18 15:44:40.511354+03	\N	5	\N
267	parent_test	📝 اختبار جديد لابنك: امتحان مفاجئ	أضاف المعلم "aya abdallah atawna" اختباراً جديداً لابنك "QAIS OMAR HROUB" في مادة "رياضيات" لدرس "الأعداد الصحيحة": امتحان مفاجئ	t	2026-06-20 18:49:52.6052+03	\N	23	34
280	parent_attention	تنبيه تشتت من المستوى الثالث	وصل الطالب "أحمد علي" إلى مستوى تشتت مرتفع أثناء درس "الجهاز الهضمي" في جلسة video. يُنصح بتوفير بيئة أكثر هدوءاً ودعماً قبل متابعة التعلم.	t	2026-07-19 14:33:02.262236+03	167	5	\N
286	parent_attention	تنبيه تشتت من المستوى الثالث	وصل الطالب "أحمد علي" إلى مستوى تشتت مرتفع أثناء درس "الجهاز الهضمي" في جلسة video. يُنصح بتوفير بيئة أكثر هدوءاً ودعماً قبل متابعة التعلم.	t	2026-07-19 14:55:06.130929+03	167	5	\N
246	parent_attention	تنبيه تشتت من المستوى الثالث	وصل الطالب "ahmed ali" إلى مستوى تشتت مرتفع أثناء درس "الجهاز الهضمي" في جلسة video. يُنصح بتوفير بيئة أكثر هدوءاً ودعماً قبل متابعة التعلم.	t	2026-05-30 22:01:30.108046+03	167	5	\N
116	parent_attention	🚨 تنبيه انتباه: ahmed ali	تشتت حرج لدى ابنك "ahmed ali" أثناء دراسة "الجهاز الهضمي" في "العلوم".\nمتوسط الانتباه: 14% | لحظات التشتت: 19.\nننصح بتدخل فوري: يمكنك مساعدة ابنك على التركيز أو تأجيل الجلسة لوقت أنسب.	t	2026-05-14 19:42:56.389931+03	\N	5	\N
136	parent_attention	🚨 تنبيه انتباه: ahmed ali	تشتت حرج لدى ابنك "ahmed ali" أثناء دراسة "الجهاز الهضمي" في "العلوم".\nمتوسط الانتباه: 8% | لحظات التشتت: 3.\nننصح بتدخل فوري: يمكنك مساعدة ابنك على التركيز أو تأجيل الجلسة لوقت أنسب.	t	2026-05-17 06:10:57.639157+03	\N	5	\N
143	test_publish	📝 اختبار جديد: اختبار سريع	أضاف المعلم "sara omar" اختباراً جديداً في مادة "العلوم" لدرس "الجهاز الهضمي": اختبار سريع	t	2026-05-18 14:05:17.595179+03	\N	6	\N
142	test_publish	📝 اختبار جديد: اختبار سريع	أضاف المعلم "sara omar" اختباراً جديداً في مادة "العلوم" لدرس "الجهاز الهضمي": اختبار سريع	t	2026-05-18 14:05:17.595179+03	\N	17	\N
117	parent_attention	🚨 تنبيه انتباه: ahmed ali	تشتت حرج لدى ابنك "ahmed ali" أثناء دراسة "الجهاز الهضمي" في "العلوم".\nمتوسط الانتباه: 0% | لحظات التشتت: 5.\nننصح بتدخل فوري: يمكنك مساعدة ابنك على التركيز أو تأجيل الجلسة لوقت أنسب.	t	2026-05-15 01:03:17.518652+03	\N	5	\N
163	schedule_update	📅 تحديث في جدول المهام	أضاف المعلم "sara omar" حصة في مادة "العلوم" بتاريخ 2026-05-19 من 08:00 إلى 09:00.	f	2026-05-19 16:46:31.114845+03	\N	17	\N
262	test_attempt	📝 (qais) أجرى الاختبار	قام الطالب "QAIS OMAR HROUB" من  (السابع) بمحاولة حل اختبار "امتحان مفاجئ" في مادة "رياضيات" لدرس "الأعداد الصحيحة". (2026-06-09 23:52)	t	2026-06-09 23:52:38.93082+03	\N	20	\N
164	schedule_update	📅 تحديث في جدول المهام	أضاف المعلم "sara omar" حصة في مادة "العلوم" بتاريخ 2026-05-19 من 08:00 إلى 09:00.	t	2026-05-19 16:46:31.114845+03	\N	6	\N
154	parent_attention	🚨 تنبيه انتباه: ahmed ali	تشتت حرج لدى ابنك "ahmed ali" أثناء دراسة "الجهاز الهضمي" في "العلوم".\nمتوسط الانتباه: 0% | لحظات التشتت: 0.\nننصح بتدخل فوري: يمكنك مساعدة ابنك على التركيز أو تأجيل الجلسة لوقت أنسب.	t	2026-05-19 10:48:22.178812+03	167	5	\N
155	parent_attention	🚨 تنبيه انتباه: ahmed ali	تشتت حرج لدى ابنك "ahmed ali" أثناء دراسة "الجهاز الهضمي" في "العلوم".\nمتوسط الانتباه: 0% | لحظات التشتت: 0.\nننصح بتدخل فوري: يمكنك مساعدة ابنك على التركيز أو تأجيل الجلسة لوقت أنسب.	t	2026-05-19 11:00:13.514693+03	167	5	\N
144	parent_test	📝 اختبار جديد لابنك: اختبار سريع	أضاف المعلم "sara omar" اختباراً جديداً لابنك "ahmed ali" في مادة "العلوم" لدرس "الجهاز الهضمي": اختبار سريع	t	2026-05-18 14:05:17.671129+03	\N	5	\N
152	parent_attention	🚨 تنبيه انتباه: ahmed ali	تشتت حرج لدى ابنك "ahmed ali" أثناء دراسة "الجهاز الهضمي" في "العلوم".\nمتوسط الانتباه: 21% | لحظات التشتت: 2.\nننصح بتدخل فوري: يمكنك مساعدة ابنك على التركيز أو تأجيل الجلسة لوقت أنسب.	t	2026-05-19 00:58:30.086691+03	167	5	\N
157	parent_attention	🚨 تنبيه انتباه: ahmed ali	تشتت حرج لدى ابنك "ahmed ali" أثناء دراسة "الجهاز الهضمي" في "العلوم".\nمتوسط الانتباه: 0% | لحظات التشتت: 0.\nننصح بتدخل فوري: يمكنك مساعدة ابنك على التركيز أو تأجيل الجلسة لوقت أنسب.	t	2026-05-19 11:29:54.715497+03	167	5	\N
122	test_publish	📝 اختبار جديد: اختبار سريع	أضاف المعلم "sara omar" اختباراً جديداً في مادة "العلوم": اختبار سريع	t	2026-05-16 00:47:28.179419+03	\N	6	\N
124	test_attempt	📝 (ahmed) أجرى الاختبار	قام الطالب "ahmed ali" من الصف (الصف الخامس) بمحاولة حل اختبار "اختبار سريع" في مادة "العلوم". (2026-05-16 00:48)	t	2026-05-16 00:48:22.253037+03	\N	4	\N
268	parent_attention	تنبيه تشتت من المستوى الثالث	وصل الطالب "ahmed ali" إلى مستوى تشتت مرتفع أثناء درس "الجهاز الهضمي" في جلسة audio. يُنصح بتوفير بيئة أكثر هدوءاً ودعماً قبل متابعة التعلم.	t	2026-06-21 17:00:21.395873+03	167	5	\N
274	test_attempt	📝 (ahmed) أجرى الاختبار	قام الطالب "ahmed ali" من  (الصف الخامس) بمحاولة حل اختبار "اختبار يومي" في مادة "العلوم". (2026-07-05 12:01)	t	2026-07-05 12:01:05.357744+03	\N	4	35
273	parent_attention	تنبيه تشتت من المستوى الثالث	وصل الطالب "ahmed ali" إلى مستوى تشتت مرتفع أثناء درس "الجهاز الهضمي" في جلسة audio. يُنصح بتوفير بيئة أكثر هدوءاً ودعماً قبل متابعة التعلم.	t	2026-06-29 16:42:40.935833+03	167	5	\N
263	parent_result	📊 نتيجة ابنك: امتحان مفاجئ	أنهى ابنك "QAIS OMAR HROUB" اختبار "امتحان مفاجئ" في مادة "رياضيات".\nالدرجة: 5 من 10 (50.0%) — مقبول.	t	2026-06-09 23:52:38.936418+03	\N	23	\N
287	test_attempt	📝 (qais) أجرى الاختبار	قام الطالب "قيس عمر" من  (السابع) بمحاولة حل اختبار "امتحان مفاجئ" في مادة "رياضيات" لدرس "الأعداد الصحيحة". (2026-07-20 23:25)	f	2026-07-20 23:25:30.978864+03	\N	20	34
288	parent_result	🌟 نتيجة ابنك: امتحان مفاجئ	أنهى ابنك "قيس عمر" اختبار "امتحان مفاجئ" في مادة "رياضيات".\nالدرجة: 10 من 10 (100.0%) — ممتاز.	f	2026-07-20 23:25:30.996114+03	\N	23	34
247	parent_attention	تنبيه تشتت من المستوى الثالث	وصل الطالب "ahmed ali" إلى مستوى تشتت مرتفع أثناء درس "الجهاز الهضمي" في جلسة audio. يُنصح بتوفير بيئة أكثر هدوءاً ودعماً قبل متابعة التعلم.	t	2026-05-30 22:46:38.070401+03	167	5	\N
120	parent_attention	🚨 تنبيه انتباه: ahmed ali	تشتت حرج لدى ابنك "ahmed ali" أثناء دراسة "الجهاز الهضمي" في "العلوم".\nمتوسط الانتباه: 0% | لحظات التشتت: 3.\nننصح بتدخل فوري: يمكنك مساعدة ابنك على التركيز أو تأجيل الجلسة لوقت أنسب.	t	2026-05-15 01:51:45.703314+03	\N	5	\N
146	test_publish	📝 اختبار جديد: اختبار سريع	أضاف المعلم "sara omar" اختباراً جديداً في مادة "العلوم" لدرس "الجهاز الهضمي": اختبار سريع	t	2026-05-18 14:06:40.508687+03	\N	6	31
145	test_publish	📝 اختبار جديد: اختبار سريع	أضاف المعلم "sara omar" اختباراً جديداً في مادة "العلوم" لدرس "الجهاز الهضمي": اختبار سريع	t	2026-05-18 14:06:40.508687+03	\N	17	31
123	parent_test	📝 اختبار جديد لابنك: اختبار سريع	أضاف المعلم "sara omar" اختباراً جديداً لابنك "ahmed ali" في مادة "العلوم": اختبار سريع	t	2026-05-16 00:47:28.201678+03	\N	5	\N
125	parent_result	🌟 نتيجة ابنك: اختبار سريع	أنهى ابنك "ahmed ali" اختبار "اختبار سريع" في مادة "العلوم".\nالدرجة: 1 من 1 (100.0%) — ممتاز.	t	2026-05-16 00:48:22.261481+03	\N	5	\N
162	schedule_update	🗓️ جدول ابنك: أُضيف حصة	أُضيف حصة لابنك "ahmed ali" في مادة "العلوم" يوم 2026-05-19 من 08:00 إلى 09:00	t	2026-05-19 16:46:31.065336+03	\N	5	\N
158	parent_attention	🚨 تنبيه انتباه: ahmed ali	تشتت حرج لدى ابنك "ahmed ali" أثناء دراسة "الجهاز الهضمي" في "العلوم".\nمتوسط الانتباه: 0% | لحظات التشتت: 0.\nننصح بتدخل فوري: يمكنك مساعدة ابنك على التركيز أو تأجيل الجلسة لوقت أنسب.	t	2026-05-19 15:29:12.46112+03	167	5	\N
156	parent_attention	🚨 تنبيه انتباه: ahmed ali	تشتت حرج لدى ابنك "ahmed ali" أثناء دراسة "الجهاز الهضمي" في "العلوم".\nمتوسط الانتباه: 0% | لحظات التشتت: 0.\nننصح بتدخل فوري: يمكنك مساعدة ابنك على التركيز أو تأجيل الجلسة لوقت أنسب.	t	2026-05-19 11:18:47.969857+03	167	5	\N
141	parent_attention	⚠️ تنبيه انتباه: ahmed ali	تشتت ملحوظ لدى ابنك "ahmed ali" أثناء دراسة "الجهاز الهضمي" في "العلوم".\nمتوسط الانتباه: 45% | لحظات التشتت: 5.\nربما يحتاج ابنك استراحة قصيرة أو بيئة أهدأ. يمكنك الاطمئنان عليه.	t	2026-05-17 23:53:43.934049+03	167	5	\N
147	parent_test	📝 اختبار جديد لابنك: اختبار سريع	أضاف المعلم "sara omar" اختباراً جديداً لابنك "ahmed ali" في مادة "العلوم" لدرس "الجهاز الهضمي": اختبار سريع	t	2026-05-18 14:06:40.537818+03	\N	5	31
153	parent_attention	⚠️ تنبيه انتباه: ahmed ali	تشتت ملحوظ لدى ابنك "ahmed ali" أثناء دراسة "الجهاز الهضمي" في "العلوم".\nمتوسط الانتباه: 42% | لحظات التشتت: 7.\nربما يحتاج ابنك استراحة قصيرة أو بيئة أهدأ. يمكنك الاطمئنان عليه.	t	2026-05-19 10:06:49.724275+03	167	5	\N
151	parent_attention	⚠️ تنبيه انتباه: ahmed ali	تشتت ملحوظ لدى ابنك "ahmed ali" أثناء دراسة "الجهاز الهضمي" في "العلوم".\nمتوسط الانتباه: 44% | لحظات التشتت: 15.\nربما يحتاج ابنك استراحة قصيرة أو بيئة أهدأ. يمكنك الاطمئنان عليه.	t	2026-05-18 22:43:23.859143+03	167	5	\N
248	parent_attention	تنبيه تشتت من المستوى الثالث	وصل الطالب "ahmed ali" إلى مستوى تشتت مرتفع أثناء درس "الجهاز الهضمي" في جلسة video. يُنصح بتوفير بيئة أكثر هدوءاً ودعماً قبل متابعة التعلم.	t	2026-05-30 22:52:00.964486+03	167	5	\N
166	parent_attention	🚨 تنبيه انتباه: ahmed ali	تشتت حرج لدى ابنك "ahmed ali" أثناء دراسة "الجهاز الهضمي" في "العلوم".\nمتوسط الانتباه: 0% | لحظات التشتت: 0.\nننصح بتدخل فوري: يمكنك مساعدة ابنك على التركيز أو تأجيل الجلسة لوقت أنسب.	t	2026-05-19 23:32:16.8432+03	167	5	\N
165	parent_attention	🚨 تنبيه انتباه: ahmed ali	تشتت حرج لدى ابنك "ahmed ali" أثناء دراسة "الجهاز الهضمي" في "العلوم".\nمتوسط الانتباه: 0% | لحظات التشتت: 0.\nننصح بتدخل فوري: يمكنك مساعدة ابنك على التركيز أو تأجيل الجلسة لوقت أنسب.	t	2026-05-19 23:07:55.913957+03	167	5	\N
269	lesson_publish	📚 درس جديد: الجهاز التنفسي	نشر المعلم "sara omar" درساً جديداً في مادة "العلوم": الجهاز التنفسي	t	2026-06-21 17:55:28.2704+03	191	6	\N
270	parent_lesson	📚 درس جديد لابنك: الجهاز التنفسي	نشر المعلم "sara omar" درساً جديداً لابنك "ahmed ali" في مادة "العلوم": الجهاز التنفسي	t	2026-06-21 17:55:28.282959+03	191	5	\N
277	parent_attention	تنبيه تشتت من المستوى الثالث	وصل الطالب "ahmed ali" إلى مستوى تشتت مرتفع أثناء درس "الجهاز الهضمي" في جلسة video. يُنصح بتوفير بيئة أكثر هدوءاً ودعماً قبل متابعة التعلم.	t	2026-07-08 19:31:59.061271+03	167	5	\N
265	parent_lesson	📚 درس جديد لابنك: الأعداد الصحيحة	نشر المعلم "aya abdallah atawna" درساً جديداً لابنك "QAIS OMAR HROUB" في مادة "رياضيات": الأعداد الصحيحة	t	2026-06-10 00:05:01.053749+03	188	23	\N
283	lesson_view	طلب تخصيص محتوى للطالب	طلب الطالب "أحمد علي" تخصيص محتوى لدرس "الجهاز الهضمي" بعد وصول التشتت إلى المستوى الثالث في جلسة video.	t	2026-07-19 14:48:17.913561+03	167	4	\N
289	parent_attention	تنبيه تشتت من المستوى الثالث	وصل الطالب "قيس عمر" إلى مستوى تشتت مرتفع أثناء درس "الأعداد الصحيحة" في جلسة video. يُنصح بتوفير بيئة أكثر هدوءاً ودعماً قبل متابعة التعلم.	f	2026-07-20 23:27:07.859146+03	188	23	\N
282	parent_attention	تنبيه تشتت من المستوى الثالث	وصل الطالب "أحمد علي" إلى مستوى تشتت مرتفع أثناء درس "الجهاز الهضمي" في جلسة video. يُنصح بتوفير بيئة أكثر هدوءاً ودعماً قبل متابعة التعلم.	t	2026-07-19 14:48:12.317096+03	167	5	\N
238	lesson_view	طلب تخصيص محتوى للطالب	طلب الطالب "ahmed ali" تخصيص محتوى لدرس "الجهاز الهضمي" بعد وصول التشتت إلى المستوى الثالث في جلسة video.	t	2026-05-29 13:46:47.566613+03	167	4	\N
240	lesson_view	طلب تخصيص محتوى للطالب	طلب الطالب "ahmed ali" تخصيص محتوى لدرس "الجهاز الهضمي" بعد وصول التشتت إلى المستوى الثالث في جلسة video.	t	2026-05-29 18:14:47.8899+03	167	4	\N
249	lesson_view	طلب تخصيص محتوى للطالب	طلب الطالب "ahmed ali" تخصيص محتوى لدرس "الجهاز الهضمي" بعد وصول التشتت إلى المستوى الثالث في جلسة video.	t	2026-05-30 22:52:32.416767+03	167	4	\N
264	lesson_publish	📚 درس جديد: الأعداد الصحيحة	نشر المعلم "aya abdallah atawna" درساً جديداً في مادة "رياضيات": الأعداد الصحيحة	t	2026-06-10 00:05:01.044271+03	188	22	\N
271	test_publish	📝 اختبار جديد: اختبار يومي	أضاف المعلم "sara omar" اختباراً جديداً في مادة "العلوم": اختبار يومي	t	2026-06-21 18:01:14.502052+03	\N	6	35
272	parent_test	📝 اختبار جديد لابنك: اختبار يومي	أضاف المعلم "sara omar" اختباراً جديداً لابنك "ahmed ali" في مادة "العلوم": اختبار يومي	t	2026-06-21 18:01:14.510486+03	\N	5	35
278	parent_attention	تنبيه تشتت من المستوى الثالث	وصل الطالب "أحمد علي" إلى مستوى تشتت مرتفع أثناء درس "الجهاز الهضمي" في جلسة audio. يُنصح بتوفير بيئة أكثر هدوءاً ودعماً قبل متابعة التعلم.	t	2026-07-17 16:16:07.579547+03	167	5	\N
291	schedule_update	📅 تحديث في جدول المهام	أضاف المعلم "sara omar" حصة في مادة "العلوم" بتاريخ 2026-07-21 من 20:00 إلى 21:00.	t	2026-07-21 14:12:44.920579+03	\N	6	\N
293	schedule_update	📅 تحديث في جدول المهام	عدّل المعلم "sara omar" حصة في مادة "العلوم" بتاريخ 2026-07-21 من 17:00 إلى 18:00.	t	2026-07-21 14:13:35.155925+03	\N	6	\N
295	schedule_update	📅 تحديث في جدول المهام	عدّل المعلم "sara omar" حصة في مادة "العلوم" بتاريخ 2026-07-21 من 16:00 إلى 17:00.	t	2026-07-21 14:14:19.660849+03	\N	6	\N
284	parent_attention	تنبيه تشتت من المستوى الثالث	وصل الطالب "أحمد علي" إلى مستوى تشتت مرتفع أثناء درس "الجهاز الهضمي" في جلسة video. يُنصح بتوفير بيئة أكثر هدوءاً ودعماً قبل متابعة التعلم.	t	2026-07-19 14:51:04.302134+03	167	5	\N
290	schedule_update	🗓️ جدول ابنك: أُضيف حصة	أُضيف حصة لابنك "أحمد علي" في مادة "العلوم" يوم 2026-07-21 من 20:00 إلى 21:00	t	2026-07-21 14:12:44.914201+03	\N	5	\N
292	schedule_update	🗓️ جدول ابنك: عُدِّل حصة	عُدِّل حصة لابنك "أحمد علي" في مادة "العلوم" يوم 2026-07-21 من 17:00 إلى 18:00	t	2026-07-21 14:13:35.154682+03	\N	5	\N
294	schedule_update	🗓️ جدول ابنك: عُدِّل حصة	عُدِّل حصة لابنك "أحمد علي" في مادة "العلوم" يوم 2026-07-21 من 16:00 إلى 17:00	t	2026-07-21 14:14:19.658401+03	\N	5	\N
241	parent_attention	تنبيه تشتت من المستوى الثالث	وصل الطالب "ahmed ali" إلى مستوى تشتت مرتفع أثناء درس "الجهاز الهضمي" في جلسة video. يُنصح بتوفير بيئة أكثر هدوءاً ودعماً قبل متابعة التعلم.	t	2026-05-29 19:58:23.493124+03	167	5	\N
244	parent_attention	تنبيه تشتت من المستوى الثالث	وصل الطالب "ahmed ali" إلى مستوى تشتت مرتفع أثناء درس "الجهاز الهضمي" في جلسة video. يُنصح بتوفير بيئة أكثر هدوءاً ودعماً قبل متابعة التعلم.	t	2026-05-30 14:33:09.376495+03	167	5	\N
167	parent_attention	🚨 تنبيه انتباه: ahmed ali	تشتت حرج لدى ابنك "ahmed ali" أثناء دراسة "الجهاز الهضمي" في "العلوم".\nمتوسط الانتباه: 0% | لحظات التشتت: 0.\nننصح بتدخل فوري: يمكنك مساعدة ابنك على التركيز أو تأجيل الجلسة لوقت أنسب.	t	2026-05-21 13:00:24.606132+03	167	5	\N
168	parent_attention	🚨 تنبيه انتباه: ahmed ali	تشتت حرج لدى ابنك "ahmed ali" أثناء دراسة "الجهاز الهضمي" في "العلوم".\nمتوسط الانتباه: 0% | لحظات التشتت: 0.\nننصح بتدخل فوري: يمكنك مساعدة ابنك على التركيز أو تأجيل الجلسة لوقت أنسب.	t	2026-05-21 18:49:25.31333+03	167	5	\N
173	parent_attention	🚨 تنبيه انتباه: ahmed ali	تشتت حرج لدى ابنك "ahmed ali" أثناء دراسة "الجهاز الهضمي" في "العلوم".\nمتوسط الانتباه: 0% | لحظات التشتت: 0.\nننصح بتدخل فوري: يمكنك مساعدة ابنك على التركيز أو تأجيل الجلسة لوقت أنسب.	t	2026-05-21 19:10:43.93236+03	167	5	\N
174	parent_attention	🚨 تنبيه انتباه: ahmed ali	تشتت حرج لدى ابنك "ahmed ali" أثناء دراسة "الجهاز الهضمي" في "العلوم".\nمتوسط الانتباه: 0% | لحظات التشتت: 0.\nننصح بتدخل فوري: يمكنك مساعدة ابنك على التركيز أو تأجيل الجلسة لوقت أنسب.	t	2026-05-21 21:54:35.075843+03	167	5	\N
175	parent_attention	🚨 تنبيه انتباه: ahmed ali	تشتت حرج لدى ابنك "ahmed ali" أثناء دراسة "الجهاز الهضمي" في "العلوم".\nمتوسط الانتباه: 0% | لحظات التشتت: 0.\nننصح بتدخل فوري: يمكنك مساعدة ابنك على التركيز أو تأجيل الجلسة لوقت أنسب.	t	2026-05-21 22:11:46.04021+03	167	5	\N
176	parent_attention	🚨 تنبيه انتباه: ahmed ali	تشتت حرج لدى ابنك "ahmed ali" أثناء دراسة "الجهاز الهضمي" في "العلوم".\nمتوسط الانتباه: 0% | لحظات التشتت: 0.\nننصح بتدخل فوري: يمكنك مساعدة ابنك على التركيز أو تأجيل الجلسة لوقت أنسب.	t	2026-05-21 22:22:34.176006+03	167	5	\N
177	parent_attention	🚨 تنبيه انتباه: ahmed ali	تشتت حرج لدى ابنك "ahmed ali" أثناء دراسة "الجهاز الهضمي" في "العلوم".\nمتوسط الانتباه: 0% | لحظات التشتت: 0.\nننصح بتدخل فوري: يمكنك مساعدة ابنك على التركيز أو تأجيل الجلسة لوقت أنسب.	t	2026-05-21 22:33:46.534917+03	167	5	\N
178	parent_attention	🚨 تنبيه انتباه: ahmed ali	تشتت حرج لدى ابنك "ahmed ali" أثناء دراسة "الجهاز الهضمي" في "العلوم".\nمتوسط الانتباه: 0% | لحظات التشتت: 0.\nننصح بتدخل فوري: يمكنك مساعدة ابنك على التركيز أو تأجيل الجلسة لوقت أنسب.	t	2026-05-21 22:45:55.173014+03	167	5	\N
179	parent_attention	🚨 تنبيه انتباه: ahmed ali	تشتت حرج لدى ابنك "ahmed ali" أثناء دراسة "الجهاز الهضمي" في "العلوم".\nمتوسط الانتباه: 0% | لحظات التشتت: 0.\nننصح بتدخل فوري: يمكنك مساعدة ابنك على التركيز أو تأجيل الجلسة لوقت أنسب.	t	2026-05-21 22:57:16.942461+03	167	5	\N
180	parent_attention	🚨 تنبيه انتباه: ahmed ali	تشتت حرج لدى ابنك "ahmed ali" أثناء دراسة "الجهاز الهضمي" في "العلوم".\nمتوسط الانتباه: 0% | لحظات التشتت: 0.\nننصح بتدخل فوري: يمكنك مساعدة ابنك على التركيز أو تأجيل الجلسة لوقت أنسب.	t	2026-05-21 23:09:58.903508+03	167	5	\N
181	parent_attention	🚨 تنبيه انتباه: ahmed ali	تشتت حرج لدى ابنك "ahmed ali" أثناء دراسة "الجهاز الهضمي" في "العلوم".\nمتوسط الانتباه: 0% | لحظات التشتت: 0.\nننصح بتدخل فوري: يمكنك مساعدة ابنك على التركيز أو تأجيل الجلسة لوقت أنسب.	t	2026-05-21 23:29:26.329561+03	167	5	\N
182	parent_attention	🚨 تنبيه انتباه: ahmed ali	تشتت حرج لدى ابنك "ahmed ali" أثناء دراسة "الجهاز الهضمي" في "العلوم".\nمتوسط الانتباه: 0% | لحظات التشتت: 0.\nننصح بتدخل فوري: يمكنك مساعدة ابنك على التركيز أو تأجيل الجلسة لوقت أنسب.	t	2026-05-21 23:44:32.410713+03	167	5	\N
183	parent_attention	🚨 تنبيه انتباه: ahmed ali	تشتت حرج لدى ابنك "ahmed ali" أثناء دراسة "الجهاز الهضمي" في "العلوم".\nمتوسط الانتباه: 0% | لحظات التشتت: 0.\nننصح بتدخل فوري: يمكنك مساعدة ابنك على التركيز أو تأجيل الجلسة لوقت أنسب.	t	2026-05-21 23:54:35.957746+03	167	5	\N
184	parent_attention	🚨 تنبيه انتباه: ahmed ali	تشتت حرج لدى ابنك "ahmed ali" أثناء دراسة "الجهاز الهضمي" في "العلوم".\nمتوسط الانتباه: 0% | لحظات التشتت: 0.\nننصح بتدخل فوري: يمكنك مساعدة ابنك على التركيز أو تأجيل الجلسة لوقت أنسب.	t	2026-05-22 00:09:53.804339+03	167	5	\N
185	parent_attention	🚨 تنبيه انتباه: ahmed ali	تشتت حرج لدى ابنك "ahmed ali" أثناء دراسة "الجهاز الهضمي" في "العلوم".\nمتوسط الانتباه: 0% | لحظات التشتت: 0.\nننصح بتدخل فوري: يمكنك مساعدة ابنك على التركيز أو تأجيل الجلسة لوقت أنسب.	t	2026-05-22 00:28:47.823966+03	167	5	\N
242	parent_attention	تنبيه تشتت من المستوى الثالث	وصل الطالب "ahmed ali" إلى مستوى تشتت مرتفع أثناء درس "الجهاز الهضمي" في جلسة video. يُنصح بتوفير بيئة أكثر هدوءاً ودعماً قبل متابعة التعلم.	t	2026-05-29 22:08:40.035003+03	167	5	\N
186	parent_attention	🚨 تنبيه انتباه: ahmed ali	تشتت حرج لدى ابنك "ahmed ali" أثناء دراسة "الجهاز الهضمي" في "العلوم".\nمتوسط الانتباه: 0% | لحظات التشتت: 0.\nننصح بتدخل فوري: يمكنك مساعدة ابنك على التركيز أو تأجيل الجلسة لوقت أنسب.	t	2026-05-22 00:52:53.079077+03	167	5	\N
187	parent_attention	🚨 تنبيه انتباه: ahmed ali	تشتت حرج لدى ابنك "ahmed ali" أثناء دراسة "الجهاز الهضمي" في "العلوم".\nمتوسط الانتباه: 0% | لحظات التشتت: 0.\nننصح بتدخل فوري: يمكنك مساعدة ابنك على التركيز أو تأجيل الجلسة لوقت أنسب.	t	2026-05-22 01:05:05.747671+03	167	5	\N
188	parent_attention	🚨 تنبيه انتباه: ahmed ali	تشتت حرج لدى ابنك "ahmed ali" أثناء دراسة "الجهاز الهضمي" في "العلوم".\nمتوسط الانتباه: 0% | لحظات التشتت: 0.\nننصح بتدخل فوري: يمكنك مساعدة ابنك على التركيز أو تأجيل الجلسة لوقت أنسب.	t	2026-05-22 01:16:26.112077+03	167	5	\N
189	parent_attention	🚨 تنبيه انتباه: ahmed ali	تشتت حرج لدى ابنك "ahmed ali" أثناء دراسة "الجهاز الهضمي" في "العلوم".\nمتوسط الانتباه: 0% | لحظات التشتت: 0.\nننصح بتدخل فوري: يمكنك مساعدة ابنك على التركيز أو تأجيل الجلسة لوقت أنسب.	t	2026-05-22 01:26:32.034607+03	167	5	\N
190	parent_attention	🚨 تنبيه انتباه: ahmed ali	تشتت حرج لدى ابنك "ahmed ali" أثناء دراسة "الجهاز الهضمي" في "العلوم".\nمتوسط الانتباه: 0% | لحظات التشتت: 0.\nننصح بتدخل فوري: يمكنك مساعدة ابنك على التركيز أو تأجيل الجلسة لوقت أنسب.	t	2026-05-22 01:42:46.395676+03	167	5	\N
191	parent_attention	🚨 تنبيه انتباه: ahmed ali	تشتت حرج لدى ابنك "ahmed ali" أثناء دراسة "الجهاز الهضمي" في "العلوم".\nمتوسط الانتباه: 0% | لحظات التشتت: 0.\nننصح بتدخل فوري: يمكنك مساعدة ابنك على التركيز أو تأجيل الجلسة لوقت أنسب.	t	2026-05-22 01:53:38.927614+03	167	5	\N
192	parent_attention	🚨 تنبيه انتباه: ahmed ali	تشتت حرج لدى ابنك "ahmed ali" أثناء دراسة "الجهاز الهضمي" في "العلوم".\nمتوسط الانتباه: 0% | لحظات التشتت: 0.\nننصح بتدخل فوري: يمكنك مساعدة ابنك على التركيز أو تأجيل الجلسة لوقت أنسب.	t	2026-05-22 02:07:30.075407+03	167	5	\N
193	parent_attention	🚨 تنبيه انتباه: ahmed ali	تشتت حرج لدى ابنك "ahmed ali" أثناء دراسة "الجهاز الهضمي" في "العلوم".\nمتوسط الانتباه: 0% | لحظات التشتت: 0.\nننصح بتدخل فوري: يمكنك مساعدة ابنك على التركيز أو تأجيل الجلسة لوقت أنسب.	t	2026-05-22 09:37:31.862433+03	167	5	\N
194	parent_attention	🚨 تنبيه انتباه: ahmed ali	تشتت حرج لدى ابنك "ahmed ali" أثناء دراسة "الجهاز الهضمي" في "العلوم".\nمتوسط الانتباه: 0% | لحظات التشتت: 0.\nننصح بتدخل فوري: يمكنك مساعدة ابنك على التركيز أو تأجيل الجلسة لوقت أنسب.	t	2026-05-22 09:48:18.015405+03	167	5	\N
195	parent_attention	🚨 تنبيه انتباه: ahmed ali	تشتت حرج لدى ابنك "ahmed ali" أثناء دراسة "الجهاز الهضمي" في "العلوم".\nمتوسط الانتباه: 0% | لحظات التشتت: 0.\nننصح بتدخل فوري: يمكنك مساعدة ابنك على التركيز أو تأجيل الجلسة لوقت أنسب.	t	2026-05-22 16:32:14.310974+03	167	5	\N
196	parent_attention	🚨 تنبيه انتباه: ahmed ali	تشتت حرج لدى ابنك "ahmed ali" أثناء دراسة "الجهاز الهضمي" في "العلوم".\nمتوسط الانتباه: 0% | لحظات التشتت: 0.\nننصح بتدخل فوري: يمكنك مساعدة ابنك على التركيز أو تأجيل الجلسة لوقت أنسب.	t	2026-05-22 20:19:43.709953+03	167	5	\N
197	parent_attention	🚨 تنبيه انتباه: ahmed ali	تشتت حرج لدى ابنك "ahmed ali" أثناء دراسة "الجهاز الهضمي" في "العلوم".\nمتوسط الانتباه: 0% | لحظات التشتت: 0.\nننصح بتدخل فوري: يمكنك مساعدة ابنك على التركيز أو تأجيل الجلسة لوقت أنسب.	t	2026-05-22 20:38:28.576881+03	167	5	\N
198	parent_attention	🚨 تنبيه انتباه: ahmed ali	تشتت حرج لدى ابنك "ahmed ali" أثناء دراسة "الجهاز الهضمي" في "العلوم".\nمتوسط الانتباه: 0% | لحظات التشتت: 0.\nننصح بتدخل فوري: يمكنك مساعدة ابنك على التركيز أو تأجيل الجلسة لوقت أنسب.	t	2026-05-22 21:15:28.16641+03	167	5	\N
199	parent_attention	🚨 تنبيه انتباه: ahmed ali	تشتت حرج لدى ابنك "ahmed ali" أثناء دراسة "الجهاز الهضمي" في "العلوم".\nمتوسط الانتباه: 0% | لحظات التشتت: 0.\nننصح بتدخل فوري: يمكنك مساعدة ابنك على التركيز أو تأجيل الجلسة لوقت أنسب.	t	2026-05-22 21:32:14.375576+03	167	5	\N
200	parent_attention	🚨 تنبيه انتباه: ahmed ali	تشتت حرج لدى ابنك "ahmed ali" أثناء دراسة "الجهاز الهضمي" في "العلوم".\nمتوسط الانتباه: 0% | لحظات التشتت: 0.\nننصح بتدخل فوري: يمكنك مساعدة ابنك على التركيز أو تأجيل الجلسة لوقت أنسب.	t	2026-05-22 21:45:01.32376+03	167	5	\N
201	parent_attention	🚨 تنبيه انتباه: ahmed ali	تشتت حرج لدى ابنك "ahmed ali" أثناء دراسة "الجهاز الهضمي" في "العلوم".\nمتوسط الانتباه: 0% | لحظات التشتت: 0.\nننصح بتدخل فوري: يمكنك مساعدة ابنك على التركيز أو تأجيل الجلسة لوقت أنسب.	t	2026-05-22 22:04:28.234802+03	167	5	\N
202	parent_attention	🚨 تنبيه انتباه: ahmed ali	تشتت حرج لدى ابنك "ahmed ali" أثناء دراسة "الجهاز الهضمي" في "العلوم".\nمتوسط الانتباه: 0% | لحظات التشتت: 0.\nننصح بتدخل فوري: يمكنك مساعدة ابنك على التركيز أو تأجيل الجلسة لوقت أنسب.	t	2026-05-22 22:28:16.142141+03	167	5	\N
203	parent_attention	🚨 تنبيه انتباه: ahmed ali	تشتت حرج لدى ابنك "ahmed ali" أثناء دراسة "الجهاز الهضمي" في "العلوم".\nمتوسط الانتباه: 0% | لحظات التشتت: 0.\nننصح بتدخل فوري: يمكنك مساعدة ابنك على التركيز أو تأجيل الجلسة لوقت أنسب.	t	2026-05-22 23:16:03.390647+03	167	5	\N
87	lesson_publish	📚 درس جديد: الجهاز الهضمي	نشر المعلم "sara omar" درساً جديداً في مادة "العلوم": الجهاز الهضمي	t	2026-04-18 00:21:38.045254+03	\N	6	\N
204	parent_attention	🚨 تنبيه انتباه: ahmed ali	تشتت حرج لدى ابنك "ahmed ali" أثناء دراسة "الجهاز الهضمي" في "العلوم".\nمتوسط الانتباه: 0% | لحظات التشتت: 0.\nننصح بتدخل فوري: يمكنك مساعدة ابنك على التركيز أو تأجيل الجلسة لوقت أنسب.	t	2026-05-22 23:27:57.88734+03	167	5	\N
243	parent_attention	تنبيه تشتت من المستوى الثالث	وصل الطالب "ahmed ali" إلى مستوى تشتت مرتفع أثناء درس "الجهاز الهضمي" في جلسة video. يُنصح بتوفير بيئة أكثر هدوءاً ودعماً قبل متابعة التعلم.	t	2026-05-30 10:36:48.048594+03	167	5	\N
138	parent_attention	🚨 تنبيه انتباه: ahmed ali	تشتت حرج لدى ابنك "ahmed ali" أثناء دراسة "الجهاز الهضمي" في "العلوم".\nمتوسط الانتباه: 31% | لحظات التشتت: 3.\nننصح بتدخل فوري: يمكنك مساعدة ابنك على التركيز أو تأجيل الجلسة لوقت أنسب.	t	2026-05-17 07:12:24.41677+03	\N	5	\N
88	parent_lesson	📚 درس جديد لابنك: الجهاز الهضمي	نشر المعلم "sara omar" درساً جديداً لابنك "ahmed ali" في مادة "العلوم": الجهاز الهضمي	t	2026-04-18 00:21:38.135489+03	\N	5	\N
205	parent_attention	🚨 تنبيه انتباه: ahmed ali	تشتت حرج لدى ابنك "ahmed ali" أثناء دراسة "الجهاز الهضمي" في "العلوم".\nمتوسط الانتباه: 0% | لحظات التشتت: 0.\nننصح بتدخل فوري: يمكنك مساعدة ابنك على التركيز أو تأجيل الجلسة لوقت أنسب.	t	2026-05-24 19:44:18.211035+03	167	5	\N
206	parent_attention	🚨 تنبيه انتباه: ahmed ali	تشتت حرج لدى ابنك "ahmed ali" أثناء دراسة "الجهاز الهضمي" في "العلوم".\nمتوسط الانتباه: 0% | لحظات التشتت: 0.\nننصح بتدخل فوري: يمكنك مساعدة ابنك على التركيز أو تأجيل الجلسة لوقت أنسب.	t	2026-05-24 20:25:34.076831+03	167	5	\N
207	parent_attention	🚨 تنبيه انتباه: ahmed ali	تشتت حرج لدى ابنك "ahmed ali" أثناء دراسة "الجهاز الهضمي" في "العلوم".\nمتوسط الانتباه: 0% | لحظات التشتت: 0.\nننصح بتدخل فوري: يمكنك مساعدة ابنك على التركيز أو تأجيل الجلسة لوقت أنسب.	t	2026-05-24 20:51:30.147146+03	167	5	\N
105	parent_attention	🚨 تنبيه انتباه: ahmed ali	تشتت حرج لدى ابنك "ahmed ali" أثناء دراسة "الجهاز الهضمي" في "العلوم".\nمتوسط الانتباه: 0% | لحظات التشتت: 0.\nننصح بتدخل فوري: يمكنك مساعدة ابنك على التركيز أو تأجيل الجلسة لوقت أنسب.	t	2026-05-13 21:20:49.241839+03	\N	5	\N
108	parent_attention	🚨 تنبيه انتباه: ahmed ali	تشتت حرج لدى ابنك "ahmed ali" أثناء دراسة "الجهاز الهضمي" في "العلوم".\nمتوسط الانتباه: 0% | لحظات التشتت: 0.\nننصح بتدخل فوري: يمكنك مساعدة ابنك على التركيز أو تأجيل الجلسة لوقت أنسب.	t	2026-05-13 22:01:07.704559+03	\N	5	\N
106	parent_attention	🚨 تنبيه انتباه: ahmed ali	تشتت حرج لدى ابنك "ahmed ali" أثناء دراسة "الجهاز الهضمي" في "العلوم".\nمتوسط الانتباه: 0% | لحظات التشتت: 0.\nننصح بتدخل فوري: يمكنك مساعدة ابنك على التركيز أو تأجيل الجلسة لوقت أنسب.	t	2026-05-13 21:38:45.530202+03	\N	5	\N
109	parent_attention	🚨 تنبيه انتباه: ahmed ali	تشتت حرج لدى ابنك "ahmed ali" أثناء دراسة "الجهاز الهضمي" في "العلوم".\nمتوسط الانتباه: 0% | لحظات التشتت: 0.\nننصح بتدخل فوري: يمكنك مساعدة ابنك على التركيز أو تأجيل الجلسة لوقت أنسب.	t	2026-05-13 22:11:13.666542+03	\N	5	\N
208	parent_attention	🚨 تنبيه انتباه: ahmed ali	تشتت حرج لدى ابنك "ahmed ali" أثناء دراسة "الجهاز الهضمي" في "العلوم".\nمتوسط الانتباه: 0% | لحظات التشتت: 0.\nننصح بتدخل فوري: يمكنك مساعدة ابنك على التركيز أو تأجيل الجلسة لوقت أنسب.	t	2026-05-25 18:04:44.709058+03	167	5	\N
209	parent_attention	🚨 تنبيه انتباه: ahmed ali	تشتت حرج لدى ابنك "ahmed ali" أثناء دراسة "الجهاز الهضمي" في "العلوم".\nمتوسط الانتباه: 0% | لحظات التشتت: 0.\nننصح بتدخل فوري: يمكنك مساعدة ابنك على التركيز أو تأجيل الجلسة لوقت أنسب.	t	2026-05-25 18:57:17.117252+03	167	5	\N
210	parent_attention	🚨 تنبيه انتباه: ahmed ali	تشتت حرج لدى ابنك "ahmed ali" أثناء دراسة "الجهاز الهضمي" في "العلوم".\nمتوسط الانتباه: 0% | لحظات التشتت: 0.\nننصح بتدخل فوري: يمكنك مساعدة ابنك على التركيز أو تأجيل الجلسة لوقت أنسب.	t	2026-05-25 19:28:40.542317+03	167	5	\N
211	parent_attention	🚨 تنبيه انتباه: ahmed ali	تشتت حرج لدى ابنك "ahmed ali" أثناء دراسة "الجهاز الهضمي" في "العلوم".\nمتوسط الانتباه: 0% | لحظات التشتت: 0.\nننصح بتدخل فوري: يمكنك مساعدة ابنك على التركيز أو تأجيل الجلسة لوقت أنسب.	t	2026-05-25 19:43:13.573789+03	167	5	\N
110	parent_attention	🚨 تنبيه انتباه: ahmed ali	تشتت حرج لدى ابنك "ahmed ali" أثناء دراسة "الجهاز الهضمي" في "العلوم".\nمتوسط الانتباه: 0% | لحظات التشتت: 0.\nننصح بتدخل فوري: يمكنك مساعدة ابنك على التركيز أو تأجيل الجلسة لوقت أنسب.	t	2026-05-13 22:23:18.768041+03	\N	5	\N
111	parent_attention	🚨 تنبيه انتباه: ahmed ali	تشتت حرج لدى ابنك "ahmed ali" أثناء دراسة "الجهاز الهضمي" في "العلوم".\nمتوسط الانتباه: 0% | لحظات التشتت: 0.\nننصح بتدخل فوري: يمكنك مساعدة ابنك على التركيز أو تأجيل الجلسة لوقت أنسب.	t	2026-05-13 22:37:30.044579+03	\N	5	\N
112	parent_attention	🚨 تنبيه انتباه: ahmed ali	تشتت حرج لدى ابنك "ahmed ali" أثناء دراسة "الجهاز الهضمي" في "العلوم".\nمتوسط الانتباه: 0% | لحظات التشتت: 0.\nننصح بتدخل فوري: يمكنك مساعدة ابنك على التركيز أو تأجيل الجلسة لوقت أنسب.	t	2026-05-13 23:11:17.798541+03	\N	5	\N
113	parent_attention	🚨 تنبيه انتباه: ahmed ali	تشتت حرج لدى ابنك "ahmed ali" أثناء دراسة "الجهاز الهضمي" في "العلوم".\nمتوسط الانتباه: 0% | لحظات التشتت: 0.\nننصح بتدخل فوري: يمكنك مساعدة ابنك على التركيز أو تأجيل الجلسة لوقت أنسب.	t	2026-05-13 23:22:59.34585+03	\N	5	\N
251	schedule_update	📅 تحديث في جدول المهام	أضاف المعلم "sara omar" حصة في مادة "العلوم" بتاريخ 2026-05-31 من 10:00 إلى 11:00.	f	2026-05-30 23:11:27.766324+03	\N	17	\N
250	schedule_update	🗓️ جدول ابنك: أُضيف حصة	أُضيف حصة لابنك "ahmed ali" في مادة "العلوم" يوم 2026-05-31 من 10:00 إلى 11:00	t	2026-05-30 23:11:27.733846+03	\N	5	\N
252	schedule_update	📅 تحديث في جدول المهام	أضاف المعلم "sara omar" حصة في مادة "العلوم" بتاريخ 2026-05-31 من 10:00 إلى 11:00.	t	2026-05-30 23:11:27.766324+03	\N	6	\N
253	parent_attention	تنبيه تشتت من المستوى الثالث	وصل الطالب "ahmed ali" إلى مستوى تشتت مرتفع أثناء درس "الجهاز الهضمي" في جلسة audio. يُنصح بتوفير بيئة أكثر هدوءاً ودعماً قبل متابعة التعلم.	t	2026-06-01 13:27:27.798556+03	167	5	\N
254	lesson_publish	📚 درس جديد: الأعداد الصحيحة	نشر المعلم "aya abdallah atawna" درساً جديداً في مادة "رياضيات": الأعداد الصحيحة	t	2026-06-05 02:20:35.940278+03	186	22	\N
257	parent_lesson	📚 درس جديد لابنك: التعاون	نشر المعلم "ليان خالد محمود" درساً جديداً لابنك "نور علي طقاطقة" في مادة "لغة عربية": التعاون	f	2026-06-09 22:15:42.450367+03	187	19	\N
256	lesson_publish	📚 درس جديد: التعاون	نشر المعلم "ليان خالد محمود" درساً جديداً في مادة "لغة عربية": التعاون	t	2026-06-09 22:15:42.422007+03	187	15	\N
135	parent_attention	🚨 تنبيه انتباه: ahmed ali	تشتت حرج لدى ابنك "ahmed ali" أثناء دراسة "الجهاز الهضمي" في "العلوم".\nمتوسط الانتباه: 23% | لحظات التشتت: 6.\nننصح بتدخل فوري: يمكنك مساعدة ابنك على التركيز أو تأجيل الجلسة لوقت أنسب.	t	2026-05-17 05:59:13.074096+03	\N	5	\N
222	parent_attention	🚨 تنبيه انتباه: ahmed ali	تشتت حرج لدى ابنك "ahmed ali" أثناء دراسة "الجهاز الهضمي" في "العلوم".\nمتوسط الانتباه: 0% | لحظات التشتت: 0.\nننصح بتدخل فوري: يمكنك مساعدة ابنك على التركيز أو تأجيل الجلسة لوقت أنسب.	t	2026-05-27 20:51:31.888882+03	167	5	\N
223	parent_attention	🚨 تنبيه انتباه: ahmed ali	تشتت حرج لدى ابنك "ahmed ali" أثناء دراسة "الجهاز الهضمي" في "العلوم".\nمتوسط الانتباه: 0% | لحظات التشتت: 0.\nننصح بتدخل فوري: يمكنك مساعدة ابنك على التركيز أو تأجيل الجلسة لوقت أنسب.	t	2026-05-27 21:21:15.441633+03	167	5	\N
224	parent_attention	🚨 تنبيه انتباه: ahmed ali	تشتت حرج لدى ابنك "ahmed ali" أثناء دراسة "الجهاز الهضمي" في "العلوم".\nمتوسط الانتباه: 0% | لحظات التشتت: 0.\nننصح بتدخل فوري: يمكنك مساعدة ابنك على التركيز أو تأجيل الجلسة لوقت أنسب.	t	2026-05-27 21:33:14.332363+03	167	5	\N
225	parent_attention	🚨 تنبيه انتباه: ahmed ali	تشتت حرج لدى ابنك "ahmed ali" أثناء دراسة "الجهاز الهضمي" في "العلوم".\nمتوسط الانتباه: 0% | لحظات التشتت: 0.\nننصح بتدخل فوري: يمكنك مساعدة ابنك على التركيز أو تأجيل الجلسة لوقت أنسب.	t	2026-05-27 21:43:16.992516+03	167	5	\N
114	parent_attention	⚠️ تنبيه انتباه: ahmed ali	تشتت ملحوظ لدى ابنك "ahmed ali" أثناء دراسة "الجهاز الهضمي" في "العلوم".\nمتوسط الانتباه: 40% | لحظات التشتت: 4.\nربما يحتاج ابنك استراحة قصيرة أو بيئة أهدأ. يمكنك الاطمئنان عليه.	t	2026-05-14 17:28:25.763752+03	\N	5	\N
115	parent_attention	🚨 تنبيه انتباه: ahmed ali	تشتت حرج لدى ابنك "ahmed ali" أثناء دراسة "الجهاز الهضمي" في "العلوم".\nمتوسط الانتباه: 31% | لحظات التشتت: 4.\nننصح بتدخل فوري: يمكنك مساعدة ابنك على التركيز أو تأجيل الجلسة لوقت أنسب.	t	2026-05-14 19:22:53.273576+03	\N	5	\N
118	parent_attention	🚨 تنبيه انتباه: ahmed ali	تشتت حرج لدى ابنك "ahmed ali" أثناء دراسة "الجهاز الهضمي" في "العلوم".\nمتوسط الانتباه: 0% | لحظات التشتت: 0.\nننصح بتدخل فوري: يمكنك مساعدة ابنك على التركيز أو تأجيل الجلسة لوقت أنسب.	t	2026-05-15 01:14:11.268774+03	\N	5	\N
119	parent_attention	🚨 تنبيه انتباه: ahmed ali	تشتت حرج لدى ابنك "ahmed ali" أثناء دراسة "الجهاز الهضمي" في "العلوم".\nمتوسط الانتباه: 0% | لحظات التشتت: 5.\nننصح بتدخل فوري: يمكنك مساعدة ابنك على التركيز أو تأجيل الجلسة لوقت أنسب.	t	2026-05-15 01:25:44.17606+03	\N	5	\N
121	parent_attention	🚨 تنبيه انتباه: ahmed ali	تشتت حرج لدى ابنك "ahmed ali" أثناء دراسة "الجهاز الهضمي" في "العلوم".\nمتوسط الانتباه: 0% | لحظات التشتت: 6.\nننصح بتدخل فوري: يمكنك مساعدة ابنك على التركيز أو تأجيل الجلسة لوقت أنسب.	t	2026-05-15 09:18:25.716128+03	\N	5	\N
275	parent_result	🌟 نتيجة ابنك: اختبار يومي	أنهى ابنك "ahmed ali" اختبار "اختبار يومي" في مادة "العلوم".\nالدرجة: 2 من 2 (100.0%) — ممتاز.	t	2026-07-05 12:01:05.394115+03	\N	5	35
276	parent_attention	تنبيه تشتت من المستوى الثالث	وصل الطالب "ahmed ali" إلى مستوى تشتت مرتفع أثناء درس "الجهاز الهضمي" في جلسة audio. يُنصح بتوفير بيئة أكثر هدوءاً ودعماً قبل متابعة التعلم.	t	2026-07-08 19:25:55.169977+03	167	5	\N
255	parent_lesson	📚 درس جديد لابنك: الأعداد الصحيحة	نشر المعلم "aya abdallah atawna" درساً جديداً لابنك "QAIS OMAR HROUB" في مادة "رياضيات": الأعداد الصحيحة	t	2026-06-05 02:20:35.979414+03	186	23	\N
236	parent_attention	تنبيه تشتت من المستوى الثالث	وصل الطالب "ahmed ali" إلى مستوى تشتت مرتفع أثناء درس "الجهاز الهضمي" في جلسة video. يُنصح بتوفير بيئة أكثر هدوءاً ودعماً قبل متابعة التعلم.	t	2026-05-29 13:44:45.16473+03	167	5	\N
237	parent_attention	تنبيه تشتت من المستوى الثالث	وصل الطالب "ahmed ali" إلى مستوى تشتت مرتفع أثناء درس "الجهاز الهضمي" في جلسة video. يُنصح بتوفير بيئة أكثر هدوءاً ودعماً قبل متابعة التعلم.	t	2026-05-29 13:46:39.464878+03	167	5	\N
212	parent_attention	🚨 تنبيه انتباه: ahmed ali	تشتت حرج لدى ابنك "ahmed ali" أثناء دراسة "الجهاز الهضمي" في "العلوم".\nمتوسط الانتباه: 0% | لحظات التشتت: 0.\nننصح بتدخل فوري: يمكنك مساعدة ابنك على التركيز أو تأجيل الجلسة لوقت أنسب.	t	2026-05-27 16:05:10.284563+03	167	5	\N
213	parent_attention	🚨 تنبيه انتباه: ahmed ali	تشتت حرج لدى ابنك "ahmed ali" أثناء دراسة "الجهاز الهضمي" في "العلوم".\nمتوسط الانتباه: 0% | لحظات التشتت: 0.\nننصح بتدخل فوري: يمكنك مساعدة ابنك على التركيز أو تأجيل الجلسة لوقت أنسب.	t	2026-05-27 16:28:30.754935+03	167	5	\N
214	parent_attention	🚨 تنبيه انتباه: ahmed ali	تشتت حرج لدى ابنك "ahmed ali" أثناء دراسة "الجهاز الهضمي" في "العلوم".\nمتوسط الانتباه: 0% | لحظات التشتت: 0.\nننصح بتدخل فوري: يمكنك مساعدة ابنك على التركيز أو تأجيل الجلسة لوقت أنسب.	t	2026-05-27 18:33:44.805946+03	167	5	\N
215	parent_attention	🚨 تنبيه انتباه: ahmed ali	تشتت حرج لدى ابنك "ahmed ali" أثناء دراسة "الجهاز الهضمي" في "العلوم".\nمتوسط الانتباه: 0% | لحظات التشتت: 0.\nننصح بتدخل فوري: يمكنك مساعدة ابنك على التركيز أو تأجيل الجلسة لوقت أنسب.	t	2026-05-27 18:47:42.15786+03	167	5	\N
216	parent_attention	🚨 تنبيه انتباه: ahmed ali	تشتت حرج لدى ابنك "ahmed ali" أثناء دراسة "الجهاز الهضمي" في "العلوم".\nمتوسط الانتباه: 0% | لحظات التشتت: 0.\nننصح بتدخل فوري: يمكنك مساعدة ابنك على التركيز أو تأجيل الجلسة لوقت أنسب.	t	2026-05-27 19:01:59.743841+03	167	5	\N
217	parent_attention	🚨 تنبيه انتباه: ahmed ali	تشتت حرج لدى ابنك "ahmed ali" أثناء دراسة "الجهاز الهضمي" في "العلوم".\nمتوسط الانتباه: 0% | لحظات التشتت: 0.\nننصح بتدخل فوري: يمكنك مساعدة ابنك على التركيز أو تأجيل الجلسة لوقت أنسب.	t	2026-05-27 19:15:19.757832+03	167	5	\N
218	parent_attention	🚨 تنبيه انتباه: ahmed ali	تشتت حرج لدى ابنك "ahmed ali" أثناء دراسة "الجهاز الهضمي" في "العلوم".\nمتوسط الانتباه: 0% | لحظات التشتت: 0.\nننصح بتدخل فوري: يمكنك مساعدة ابنك على التركيز أو تأجيل الجلسة لوقت أنسب.	t	2026-05-27 20:04:56.778295+03	167	5	\N
219	parent_attention	🚨 تنبيه انتباه: ahmed ali	تشتت حرج لدى ابنك "ahmed ali" أثناء دراسة "الجهاز الهضمي" في "العلوم".\nمتوسط الانتباه: 0% | لحظات التشتت: 0.\nننصح بتدخل فوري: يمكنك مساعدة ابنك على التركيز أو تأجيل الجلسة لوقت أنسب.	t	2026-05-27 20:20:27.889904+03	167	5	\N
220	parent_attention	🚨 تنبيه انتباه: ahmed ali	تشتت حرج لدى ابنك "ahmed ali" أثناء دراسة "الجهاز الهضمي" في "العلوم".\nمتوسط الانتباه: 0% | لحظات التشتت: 0.\nننصح بتدخل فوري: يمكنك مساعدة ابنك على التركيز أو تأجيل الجلسة لوقت أنسب.	t	2026-05-27 20:30:30.084035+03	167	5	\N
221	parent_attention	🚨 تنبيه انتباه: ahmed ali	تشتت حرج لدى ابنك "ahmed ali" أثناء دراسة "الجهاز الهضمي" في "العلوم".\nمتوسط الانتباه: 0% | لحظات التشتت: 0.\nننصح بتدخل فوري: يمكنك مساعدة ابنك على التركيز أو تأجيل الجلسة لوقت أنسب.	t	2026-05-27 20:41:07.256945+03	167	5	\N
226	parent_attention	🚨 تنبيه انتباه: ahmed ali	تشتت حرج لدى ابنك "ahmed ali" أثناء دراسة "الجهاز الهضمي" في "العلوم".\nمتوسط الانتباه: 0% | لحظات التشتت: 0.\nننصح بتدخل فوري: يمكنك مساعدة ابنك على التركيز أو تأجيل الجلسة لوقت أنسب.	t	2026-05-27 21:55:36.614343+03	167	5	\N
227	parent_attention	🚨 تنبيه انتباه: ahmed ali	تشتت حرج لدى ابنك "ahmed ali" أثناء دراسة "الجهاز الهضمي" في "العلوم".\nمتوسط الانتباه: 0% | لحظات التشتت: 0.\nننصح بتدخل فوري: يمكنك مساعدة ابنك على التركيز أو تأجيل الجلسة لوقت أنسب.	t	2026-05-27 22:41:18.947068+03	167	5	\N
228	parent_attention	🚨 تنبيه انتباه: ahmed ali	تشتت حرج لدى ابنك "ahmed ali" أثناء دراسة "الجهاز الهضمي" في "العلوم".\nمتوسط الانتباه: 0% | لحظات التشتت: 0.\nننصح بتدخل فوري: يمكنك مساعدة ابنك على التركيز أو تأجيل الجلسة لوقت أنسب.	t	2026-05-27 23:03:07.418307+03	167	5	\N
229	parent_attention	🚨 تنبيه انتباه: ahmed ali	تشتت حرج لدى ابنك "ahmed ali" أثناء دراسة "الجهاز الهضمي" في "العلوم".\nمتوسط الانتباه: 0% | لحظات التشتت: 0.\nننصح بتدخل فوري: يمكنك مساعدة ابنك على التركيز أو تأجيل الجلسة لوقت أنسب.	t	2026-05-27 23:19:12.864599+03	167	5	\N
230	parent_attention	🚨 تنبيه انتباه: ahmed ali	تشتت حرج لدى ابنك "ahmed ali" أثناء دراسة "الجهاز الهضمي" في "العلوم".\nمتوسط الانتباه: 0% | لحظات التشتت: 0.\nننصح بتدخل فوري: يمكنك مساعدة ابنك على التركيز أو تأجيل الجلسة لوقت أنسب.	t	2026-05-27 23:33:04.689709+03	167	5	\N
231	parent_attention	🚨 تنبيه انتباه: ahmed ali	تشتت حرج لدى ابنك "ahmed ali" أثناء دراسة "الجهاز الهضمي" في "العلوم".\nمتوسط الانتباه: 0% | لحظات التشتت: 0.\nننصح بتدخل فوري: يمكنك مساعدة ابنك على التركيز أو تأجيل الجلسة لوقت أنسب.	t	2026-05-27 23:44:02.332352+03	167	5	\N
232	parent_attention	🚨 تنبيه انتباه: ahmed ali	تشتت حرج لدى ابنك "ahmed ali" أثناء دراسة "الجهاز الهضمي" في "العلوم".\nمتوسط الانتباه: 0% | لحظات التشتت: 0.\nننصح بتدخل فوري: يمكنك مساعدة ابنك على التركيز أو تأجيل الجلسة لوقت أنسب.	t	2026-05-28 11:55:01.960407+03	167	5	\N
233	parent_attention	🚨 تنبيه انتباه: ahmed ali	تشتت حرج لدى ابنك "ahmed ali" أثناء دراسة "الجهاز الهضمي" في "العلوم".\nمتوسط الانتباه: 0% | لحظات التشتت: 0.\nننصح بتدخل فوري: يمكنك مساعدة ابنك على التركيز أو تأجيل الجلسة لوقت أنسب.	t	2026-05-28 12:12:43.224691+03	167	5	\N
234	parent_attention	🚨 تنبيه انتباه: ahmed ali	تشتت حرج لدى ابنك "ahmed ali" أثناء دراسة "الجهاز الهضمي" في "العلوم".\nمتوسط الانتباه: 0% | لحظات التشتت: 0.\nننصح بتدخل فوري: يمكنك مساعدة ابنك على التركيز أو تأجيل الجلسة لوقت أنسب.	t	2026-05-28 13:03:51.327524+03	167	5	\N
235	parent_attention	🚨 تنبيه انتباه: ahmed ali	تشتت حرج لدى ابنك "ahmed ali" أثناء دراسة "الجهاز الهضمي" في "العلوم".\nمتوسط الانتباه: 0% | لحظات التشتت: 0.\nننصح بتدخل فوري: يمكنك مساعدة ابنك على التركيز أو تأجيل الجلسة لوقت أنسب.	t	2026-05-28 13:18:30.219576+03	167	5	\N
239	parent_attention	تنبيه تشتت من المستوى الثالث	وصل الطالب "ahmed ali" إلى مستوى تشتت مرتفع أثناء درس "الجهاز الهضمي" في جلسة video. يُنصح بتوفير بيئة أكثر هدوءاً ودعماً قبل متابعة التعلم.	t	2026-05-29 18:12:44.893859+03	167	5	\N
259	parent_test	📝 اختبار جديد لابنك: اختبار درس التعاون	أضاف المعلم "ليان خالد محمود" اختباراً جديداً لابنك "نور علي طقاطقة" في مادة "لغة عربية" لدرس "التعاون": اختبار درس التعاون	f	2026-06-09 22:28:25.669678+03	\N	19	32
126	parent_attention	⚠️ تنبيه انتباه: ahmed ali	تشتت ملحوظ لدى ابنك "ahmed ali" أثناء دراسة "الجهاز الهضمي" في "العلوم".\nمتوسط الانتباه: 38% | لحظات التشتت: 2.\nربما يحتاج ابنك استراحة قصيرة أو بيئة أهدأ. يمكنك الاطمئنان عليه.	t	2026-05-16 02:28:47.118552+03	\N	5	\N
127	parent_attention	🚨 تنبيه انتباه: ahmed ali	تشتت حرج لدى ابنك "ahmed ali" أثناء دراسة "الجهاز الهضمي" في "العلوم".\nمتوسط الانتباه: 29% | لحظات التشتت: 6.\nننصح بتدخل فوري: يمكنك مساعدة ابنك على التركيز أو تأجيل الجلسة لوقت أنسب.	t	2026-05-16 08:11:46.17698+03	\N	5	\N
128	parent_attention	⚠️ تنبيه انتباه: ahmed ali	تشتت ملحوظ لدى ابنك "ahmed ali" أثناء دراسة "الجهاز الهضمي" في "العلوم".\nمتوسط الانتباه: 47% | لحظات التشتت: 2.\nربما يحتاج ابنك استراحة قصيرة أو بيئة أهدأ. يمكنك الاطمئنان عليه.	t	2026-05-16 08:35:00.103241+03	\N	5	\N
129	parent_attention	🚨 تنبيه انتباه: ahmed ali	تشتت حرج لدى ابنك "ahmed ali" أثناء دراسة "الجهاز الهضمي" في "العلوم".\nمتوسط الانتباه: 11% | لحظات التشتت: 9.\nننصح بتدخل فوري: يمكنك مساعدة ابنك على التركيز أو تأجيل الجلسة لوقت أنسب.	t	2026-05-16 15:41:05.528508+03	\N	5	\N
130	parent_attention	🚨 تنبيه انتباه: ahmed ali	تشتت حرج لدى ابنك "ahmed ali" أثناء دراسة "الجهاز الهضمي" في "العلوم".\nمتوسط الانتباه: 30% | لحظات التشتت: 21.\nننصح بتدخل فوري: يمكنك مساعدة ابنك على التركيز أو تأجيل الجلسة لوقت أنسب.	t	2026-05-16 15:58:28.696365+03	\N	5	\N
131	parent_attention	⚠️ تنبيه انتباه: ahmed ali	تشتت ملحوظ لدى ابنك "ahmed ali" أثناء دراسة "الجهاز الهضمي" في "العلوم".\nمتوسط الانتباه: 46% | لحظات التشتت: 6.\nربما يحتاج ابنك استراحة قصيرة أو بيئة أهدأ. يمكنك الاطمئنان عليه.	t	2026-05-16 16:17:42.392692+03	\N	5	\N
137	parent_attention	🚨 تنبيه انتباه: ahmed ali	تشتت حرج لدى ابنك "ahmed ali" أثناء دراسة "الجهاز الهضمي" في "العلوم".\nمتوسط الانتباه: 26% | لحظات التشتت: 3.\nننصح بتدخل فوري: يمكنك مساعدة ابنك على التركيز أو تأجيل الجلسة لوقت أنسب.	t	2026-05-17 06:24:27.083181+03	\N	5	\N
169	parent_attention	🚨 تنبيه انتباه: ahmed ali	تشتت حرج لدى ابنك "ahmed ali" أثناء دراسة "الجهاز الهضمي" في "العلوم".\nمتوسط الانتباه: 0% | لحظات التشتت: 0.\nننصح بتدخل فوري: يمكنك مساعدة ابنك على التركيز أو تأجيل الجلسة لوقت أنسب.	t	2026-05-21 18:50:11.75282+03	\N	5	\N
281	parent_attention	تنبيه تشتت من المستوى الثالث	وصل الطالب "أحمد علي" إلى مستوى تشتت مرتفع أثناء درس "الجهاز الهضمي" في جلسة video. يُنصح بتوفير بيئة أكثر هدوءاً ودعماً قبل متابعة التعلم.	t	2026-07-19 14:45:48.210833+03	167	5	\N
279	parent_attention	تنبيه تشتت من المستوى الثالث	وصل الطالب "أحمد علي" إلى مستوى تشتت مرتفع أثناء درس "الجهاز الهضمي" في جلسة audio. يُنصح بتوفير بيئة أكثر هدوءاً ودعماً قبل متابعة التعلم.	t	2026-07-19 11:04:46.96255+03	167	5	\N
285	parent_attention	تنبيه تشتت من المستوى الثالث	وصل الطالب "أحمد علي" إلى مستوى تشتت مرتفع أثناء درس "الجهاز الهضمي" في جلسة video. يُنصح بتوفير بيئة أكثر هدوءاً ودعماً قبل متابعة التعلم.	t	2026-07-19 14:53:51.122679+03	167	5	\N
\.


--
-- Data for Name: Parent; Type: TABLE DATA; Schema: public; Owner: postgres
--

COPY public."Parent" ("ParentID", "UserID", "ChildID", "Gender") FROM stdin;
3	10	\N	
4	19	6	
5	23	9	
2	5	2	M
\.


--
-- Data for Name: PerformanceReport; Type: TABLE DATA; Schema: public; Owner: postgres
--

COPY public."PerformanceReport" ("ReportID", "AvgAttentionScore", "TestScore", "TotalTimeSpent", "TeacherComments", "ReportDate", "LessonID", "StudentID") FROM stdin;
7	0	0	0	\N	2026-05-16 18:32:19.719515+03	167	2
\.


--
-- Data for Name: Question; Type: TABLE DATA; Schema: public; Owner: postgres
--

COPY public."Question" ("QuestionID", "QuestionText", "OptionA", "OptionB", "OptionC", "OptionD", "CorrectAnswer", "Points", "TestID") FROM stdin;
26	سؤال	صح	غلط			صح	1	31
27	ما الذي دفع أحمد وأصدقاءه للقيام بمبادرة تنظيف الساحة؟	شعور أحمد بالحزن لرؤية النفايات والأكياس متناثرة في المدرسة.	طلب مدير المدرسة منهم ذلك كعقوبة يومية.	رغبتهم في الهروب من الحصص الدراسية واللعب.	هطول الأمطار الغزيرة التي وسخت المكان.	شعور أحمد بالحزن لرؤية النفايات والأكياس متناثرة في المدرسة.	2	32
28	بمَ وصف أحمد المدرسة لتشجيع زملائه، وكيف استجابوا له؟	وصفها بأنها مكان للعب فقط، ورفض الأطفال مساعدته.	وصفها بأنها بيتنا الثاني، ووافق الأطفال على مساعدته دون تردد.	وصفها بأنها مكان ممل، واشتكى الأطفال لمدير المدرسة.	وصفها بأنها حديقة عامة، وتكاسل الأطفال عن العمل.	وصفها بأنها بيتنا الثاني، ووافق الأطفال على مساعدته دون تردد.	2	32
29	ما هي الفائدة الرئيسية للتعاون التي أكّد عليها مدير المدرسة وتعلمها الأطفال في النهاية؟	يجعل العمل أطول ويسبب التعب والإرهاق للجميع.	يهدف فقط إلى نيل مكافأة مالية من إدارة المدرسة.	يقوي الصداقة ويجعل إنجاز الأعمال أسهل وأفضل ويساعد المجتمع على التقدم.	يؤدي إلى الخلافات بين الأصدقاء بسبب توزيع المهام.	يقوي الصداقة ويجعل إنجاز الأعمال أسهل وأفضل ويساعد المجتمع على التقدم.	1	32
33	ما هو المميز في العدد صفر	زوجي	فردي	له اشارة	ليس له اشارة	ليس له اشارة	5	34
34	ما هو الجهاز المسؤول عن عملية التنفس؟	الجهاز العصبي	الجهاز التنفسي	الجهاز الهضمي		الجهاز التنفسي	1	35
35	ما هو الجهاز المسؤول عن هضم الطعام وتحويله للطاقة؟	الجهاز التنفسي	الجهاز العصبي	الجهاز الهضمي		الجهاز الهضمي	1	35
32	ايها عدد سالب؟	0	7	5-	2	5-	5	34
\.


--
-- Data for Name: ScheduleEntry; Type: TABLE DATA; Schema: public; Owner: postgres
--

COPY public."ScheduleEntry" (entry_id, "EntryType", "EntryDate", "StartTime", "EndTime", "Notes", "CreatedAt", "UpdatedAt", "ClassID", "SubjectID", "TeacherID", "OnlineLink") FROM stdin;
8	lesson	2026-03-19	20:00:00	21:00:00	رابط اللقاء للحصة يجب الدخول اليه في الوقت المعلن\n	2026-03-19 18:47:15.203909+03	2026-03-19 21:55:52.578505+03	18	6	1	\N
11	lesson	2026-05-19	08:00:00	09:00:00		2026-05-19 16:46:30.990654+03	2026-05-19 16:46:30.990654+03	18	6	1	https://teams.live.com/meet/9327953131573?p=FtPG9RUKP8lTLyBthq
12	lesson	2026-05-31	10:00:00	11:00:00		2026-05-30 23:11:27.70559+03	2026-05-30 23:11:27.70559+03	18	6	1	https://teams.live.com/meet/9327953131573?p=FtPG9RUKP8lTLyBthq
13	lesson	2026-07-21	16:00:00	17:00:00	يرجى الحضور لشرح المحتوى الذي طلبت تخصيصه	2026-07-21 14:12:44.876155+03	2026-07-21 14:14:19.617943+03	18	6	1	https://teams.live.com/meet/9327953131573?p=FtPG9RUKP8lTLyBthq
\.


--
-- Data for Name: Student; Type: TABLE DATA; Schema: public; Owner: postgres
--

COPY public."Student" ("StudentID", "Age", "CurrentFocusLevel", "ClassID", "UserID", "Chat_API_Key", "ChatsToday", "DailyChatLimit", "LastChatReset", directorate, address, school_name, "Student_Gemini_API_Key") FROM stdin;
9	12	\N	8	22	\N	0	20	2026-05-31	مديرية تربية وتعليم شمال الخليل	خاراس , السافرية	مدرسة نوبا خاراس الاساسية للبنين	\N
10	1	\N	\N	24	\N	0	20	2026-06-10		\N	\N	\N
11	1	\N	\N	25	\N	0	20	2026-06-10		\N	\N	\N
12	1	\N	\N	26	\N	0	20	2026-06-10		\N	\N	\N
13	1	\N	\N	27	\N	0	20	2026-06-10		\N	\N	\N
14	1	\N	\N	28	\N	0	20	2026-06-12		\N	\N	\N
7	12	\N	\N	17	\N	0	20	2026-05-18		\N	\N	\N
5	1	\N	\N	12	\N	0	20	2026-02-18		\N	\N	\N
6	7	\N	3	15	\N	0	20	2026-04-25	مديرية تربية وتعليم بيت لحم	بيت لحم	مدرسة الفجر الاساسية المختلطة	\N
2	10	\N	18	6	\N	2	20	2026-07-24	مديرية تربية وتعليم شمال الخليل	حلحول	شهداء حلحول الأساسية	\N
\.


--
-- Data for Name: StudentAnswer; Type: TABLE DATA; Schema: public; Owner: postgres
--

COPY public."StudentAnswer" ("AnswerID", "SelectedOption", "IsCorrect", "ResponseTimeSeconds", "QuestionID", "AttemptID") FROM stdin;
18	صح	t	\N	26	17
22	الجهاز التنفسي	t	\N	34	20
23	الجهاز الهضمي	t	\N	35	20
24	5-	t	\N	32	21
25	ليس له اشارة	t	\N	33	21
\.


--
-- Data for Name: StudentCheckpointAnswer; Type: TABLE DATA; Schema: public; Owner: postgres
--

COPY public."StudentCheckpointAnswer" ("AnswerID", "SelectedAnswer", "AnsweredAt", "CheckpointID", "SessionID", "StudentID", "ResponseTime", "CognitiveConnectionState", "CurrentParagraphIndex", "CurrentVideoPosition", "IsCorrect", "SupportInterventionTriggered") FROM stdin;
352	A	2026-06-20 18:53:03.887556+03	6	8	2	6.219	strong	\N	\N	t	f
79	A	2026-05-28 14:26:59.70808+03	6	8	2	3.725	strong	0	\N	t	f
80	B	2026-05-28 14:27:26.70767+03	7	8	2	11.077	weak	0	\N	f	t
81	B	2026-05-28 14:28:10.098878+03	10	8	2	9.099	weak	0	\N	f	t
353	A	2026-06-20 18:53:03.888595+03	6	8	2	6.219	strong	\N	\N	t	f
10	A	2026-05-27 19:02:04.068223+03	6	8	2	6.638	strong	0	\N	t	f
11	B	2026-05-27 19:03:08.076465+03	7	8	2	55.301	weak	0	\N	f	t
12	A	2026-05-27 19:15:26.167898+03	6	8	2	8.705	strong	0	\N	t	f
13	B	2026-05-27 19:15:52.665637+03	7	8	2	17.685	weak	0	\N	f	t
14	A	2026-05-27 20:05:00.009895+03	6	8	2	5.6	strong	0	\N	t	f
15	B	2026-05-27 20:05:59.400662+03	10	8	2	9.05	weak	0	\N	f	t
16	A	2026-05-27 20:23:38.871442+03	6	8	2	4.361	strong	0	\N	t	f
17	B	2026-05-27 20:24:13.832269+03	7	8	2	7.196	weak	0	\N	f	t
18	B	2026-05-27 20:24:50.465915+03	10	8	2	16.819	weak	0	\N	f	t
19	A	2026-05-27 20:29:05.192932+03	6	8	2	5.472	strong	0	\N	t	f
20	B	2026-05-27 20:30:10.498528+03	7	8	2	33.746	weak	0	\N	f	t
21	B	2026-05-27 20:30:51.371709+03	10	8	2	23.795	weak	0	\N	f	t
22	A	2026-05-27 20:31:27.553964+03	6	8	2	4.982	strong	0	\N	t	f
23	B	2026-05-27 20:32:13.09828+03	7	8	2	19.8	weak	0	\N	f	t
24	A	2026-05-27 20:37:01.402682+03	6	8	2	12.2	strong	0	\N	t	f
25	B	2026-05-27 20:37:48.796212+03	7	8	2	26.98	weak	0	\N	f	t
26	B	2026-05-27 20:38:50.926419+03	10	8	2	17.14	weak	0	\N	f	t
27	A	2026-05-27 20:51:34.182521+03	6	8	2	4.531	strong	0	\N	t	f
28	B	2026-05-27 20:52:02.824123+03	7	8	2	12.849	weak	0	\N	f	t
29	A	2026-05-27 21:21:16.142572+03	6	8	2	2.919	strong	0	\N	t	f
30	B	2026-05-27 21:21:36.605147+03	7	8	2	7.798	weak	0	\N	f	t
31	A	2026-05-27 21:33:17.112042+03	6	8	2	5.015	strong	0	\N	t	f
32	B	2026-05-27 21:33:50.895312+03	7	8	2	8.98	weak	0	\N	f	t
33	A	2026-05-27 21:42:39.721783+03	6	8	2	4.051	strong	0	\N	t	f
34	B	2026-05-27 21:43:05.797779+03	7	8	2	14.726	weak	0	\N	f	t
35	A	2026-05-27 21:46:16.947248+03	6	8	2	4.582	strong	0	\N	t	f
36	B	2026-05-27 21:46:47.997568+03	7	8	2	13.66	weak	0	\N	f	t
37	A	2026-05-27 21:55:38.17905+03	6	8	2	3.818	strong	0	\N	t	f
38	B	2026-05-27 21:56:04.19513+03	7	8	2	6.858	weak	0	\N	f	t
39	A	2026-05-27 22:41:21.204066+03	6	8	2	4.381	strong	0	\N	t	f
40	A	2026-05-27 22:43:11.243795+03	6	8	2	3.872	strong	0	\N	t	f
41	B	2026-05-27 22:43:22.113146+03	7	8	2	7.315	weak	0	\N	f	t
42	A	2026-05-27 22:43:59.946163+03	6	8	2	4.735	strong	0	\N	t	f
43	A	2026-05-27 23:03:08.931619+03	6	8	2	3.903	strong	0	\N	t	f
44	B	2026-05-27 23:03:34.498582+03	7	8	2	10.798	weak	0	\N	f	t
45	A	2026-05-27 23:04:25.703565+03	6	8	2	10.569	strong	0	\N	t	f
46	B	2026-05-27 23:04:47.779515+03	7	8	2	10.967	weak	0	\N	f	t
47	A	2026-05-27 23:07:43.086399+03	6	8	2	4.302	strong	0	\N	t	f
48	B	2026-05-27 23:08:55.120004+03	10	8	2	20.731	weak	0	\N	f	t
82	A	2026-05-28 14:32:23.737429+03	6	8	2	3.718	strong	0	\N	t	f
51	A	2026-05-27 23:19:15.063784+03	6	8	2	4.781	strong	0	\N	t	f
52	B	2026-05-27 23:19:29.488584+03	7	8	2	3.979	weak	0	\N	f	t
53	B	2026-05-27 23:26:19.072878+03	10	8	2	369.928	weak	0	\N	f	t
54	B	2026-05-27 23:26:39.252818+03	6	8	2	6	weak	0	\N	f	t
55	B	2026-05-27 23:26:55.001186+03	7	8	2	2.536	weak	0	\N	f	t
56	A	2026-05-27 23:28:02.204298+03	10	8	2	24.607	strong	0	\N	t	f
57	B	2026-05-27 23:33:28.957957+03	6	8	2	3.635	weak	0	\N	f	t
58	B	2026-05-27 23:33:39.023104+03	7	8	2	3.83	weak	0	\N	f	t
59	A	2026-05-27 23:44:29.668279+03	6	8	2	8.837	strong	0	\N	t	f
60	B	2026-05-27 23:44:38.15468+03	7	8	2	4.937	weak	0	\N	f	t
61	B	2026-05-27 23:45:54.421605+03	10	8	2	29.509	weak	0	\N	f	t
62	A	2026-05-28 11:55:10.546607+03	6	8	2	10.818	strong	0	\N	t	f
63	A	2026-05-28 11:57:55.655776+03	6	8	2	4.11	strong	0	\N	t	f
64	B	2026-05-28 11:58:43.131715+03	7	8	2	36.965	weak	0	\N	f	t
65	A	2026-05-28 12:00:05.909979+03	6	8	2	3.446	strong	0	\N	t	f
66	B	2026-05-28 12:00:42.942677+03	7	8	2	25.902	weak	0	\N	f	t
67	A	2026-05-28 12:12:54.79266+03	6	8	2	14.164	strong	0	\N	t	f
68	B	2026-05-28 12:13:53.797862+03	6	8	2	1.278	weak	0	\N	f	t
69	B	2026-05-28 12:14:04.001126+03	7	8	2	3.983	weak	0	\N	f	t
70	B	2026-05-28 12:15:36.505139+03	6	8	2	1.819	weak	0	\N	f	t
71	B	2026-05-28 12:15:55.714825+03	7	8	2	4.974	weak	0	\N	f	t
72	A	2026-05-28 13:04:03.157918+03	6	8	2	14.24	strong	0	\N	t	f
73	A	2026-05-28 13:04:44.503765+03	6	8	2	2.891	strong	0	\N	t	f
74	A	2026-05-28 13:05:25.702139+03	6	8	2	2.431	strong	0	\N	t	f
75	A	2026-05-28 13:18:33.927679+03	6	8	2	6.121	strong	0	\N	t	f
76	B	2026-05-28 13:18:59.450717+03	6	8	2	1.894	weak	0	\N	f	t
77	A	2026-05-28 13:30:39.058009+03	6	8	2	4.98	strong	0	\N	t	f
78	B	2026-05-28 13:31:15.739595+03	7	8	2	24.524	weak	0	\N	f	t
83	B	2026-05-28 14:32:41.425335+03	7	8	2	7.05	weak	0	\N	f	t
84	A	2026-05-28 14:48:26.988592+03	6	8	2	3.669	strong	0	\N	t	f
85	B	2026-05-28 14:48:52.77664+03	7	8	2	14.875	weak	0	\N	f	t
86	B	2026-05-28 14:49:41.667305+03	10	8	2	8.809	weak	0	\N	f	t
87	A	2026-05-28 14:57:24.297623+03	6	8	2	4.22	strong	0	\N	t	f
88	B	2026-05-28 14:58:09.819073+03	7	8	2	9.087	weak	0	\N	f	t
89	A	2026-05-28 15:20:17.033896+03	6	8	2	4.631	strong	0	\N	t	f
90	B	2026-05-28 15:20:45.191016+03	7	8	2	9.456	weak	0	\N	f	t
91	B	2026-05-28 15:21:30.38468+03	10	8	2	11.424	weak	0	\N	f	t
92	A	2026-05-28 15:35:34.474917+03	6	8	2	4.238	strong	0	\N	t	f
93	B	2026-05-28 15:36:24.789127+03	7	8	2	46.801	weak	0	\N	f	t
94	A	2026-05-28 15:37:08.203144+03	6	8	2	2.751	strong	0	\N	t	f
95	B	2026-05-28 15:38:00.345719+03	7	8	2	40.18	weak	0	\N	f	t
96	A	2026-05-28 15:50:45.251372+03	6	8	2	3.602	strong	0	\N	t	f
97	A	2026-05-28 15:51:53.466117+03	6	8	2	4.558	strong	0	\N	t	f
98	B	2026-05-28 15:52:47.555387+03	7	8	2	14.98	weak	0	\N	f	t
99	A	2026-05-28 15:53:31.347158+03	6	8	2	3.282	strong	0	\N	t	f
100	B	2026-05-28 15:54:08.804245+03	7	8	2	20.24	weak	0	\N	f	t
101	B	2026-05-28 15:54:57.306022+03	10	8	2	5.728	weak	0	\N	f	t
102	A	2026-05-28 16:08:13.374559+03	6	8	2	1.919	strong	0	\N	t	f
103	B	2026-05-28 16:08:26.594136+03	7	8	2	9.809	weak	0	\N	f	t
104	B	2026-05-28 16:11:10.01721+03	6	8	2	2.515	weak	0	\N	f	t
105	A	2026-05-28 16:37:50.234153+03	6	8	2	4.405	strong	0	\N	t	f
106	A	2026-05-28 16:38:47.358669+03	6	8	2	4.035	strong	0	\N	t	f
107	A	2026-05-28 16:39:57.483278+03	6	8	2	3.17	strong	0	\N	t	f
108	B	2026-05-28 16:40:54.655249+03	10	8	2	14.745	weak	0	\N	f	t
109	A	2026-05-28 16:41:18.725734+03	6	8	2	2.04	strong	0	\N	t	f
110	B	2026-05-28 16:41:52.787675+03	7	8	2	18.686	weak	0	\N	f	t
111	B	2026-05-28 16:42:33.389908+03	10	8	2	5.173	weak	0	\N	f	t
112	A	2026-05-28 16:52:09.295594+03	6	8	2	3.117	strong	0	\N	t	f
113	B	2026-05-28 16:52:30.499737+03	7	8	2	5.083	weak	0	\N	f	t
114	A	2026-05-28 17:11:43.541045+03	6	8	2	3.477	strong	0	\N	t	f
115	B	2026-05-28 17:12:06.615609+03	7	8	2	6.561	weak	0	\N	f	t
354	A	2026-06-20 23:38:40.091632+03	6	8	2	7.011	strong	\N	\N	t	f
357	A	2026-06-20 23:56:50.379368+03	6	8	2	2.772	strong	\N	\N	t	f
360	A	2026-06-21 00:53:49.270785+03	6	8	2	2.02	strong	\N	\N	t	f
363	A	2026-06-21 02:20:22.223684+03	6	8	2	2.495	strong	\N	\N	t	f
366	A	2026-06-21 03:12:37.658595+03	6	8	2	2.55	strong	\N	\N	t	f
369	B	2026-06-21 03:18:19.321879+03	6	8	2	5.322	weak	\N	\N	f	t
372	B	2026-06-21 03:38:16.494975+03	6	8	2	4.917	weak	\N	\N	f	t
373	B	2026-06-21 03:38:16.496169+03	6	8	2	4.917	weak	\N	\N	f	t
378	A	2026-06-21 04:39:19.944562+03	6	8	2	2.498	strong	\N	\N	t	f
381	A	2026-06-21 04:51:14.274648+03	6	8	2	3.857	strong	\N	\N	t	f
384	A	2026-06-21 04:59:41.168356+03	6	8	2	3.178	strong	\N	\N	t	f
387	A	2026-06-21 05:16:04.391364+03	6	8	2	3.647	strong	\N	\N	t	f
391	B	2026-06-21 05:25:48.260268+03	6	8	2	2.775	weak	\N	\N	f	t
395	A	2026-06-21 05:29:54.264804+03	6	8	2	4.234	strong	\N	\N	t	f
394	A	2026-06-21 05:29:54.26244+03	6	8	2	4.234	strong	\N	\N	t	f
398	A	2026-06-21 05:40:07.555389+03	6	8	2	2.704	strong	\N	\N	t	f
401	A	2026-06-21 05:55:52.114658+03	6	8	2	18.676	strong	\N	\N	t	f
404	A	2026-06-21 06:05:17.074429+03	6	8	2	4.027	strong	\N	\N	t	f
407	A	2026-06-21 06:14:30.782142+03	6	8	2	3.287	strong	\N	\N	t	f
409	A	2026-06-21 06:39:25.265484+03	6	8	2	2.273	strong	\N	\N	t	f
411	A	2026-06-21 06:46:32.09988+03	6	8	2	2.745	strong	\N	\N	t	f
413	A	2026-06-21 06:52:42.805357+03	6	8	2	4.617	strong	\N	\N	t	f
415	A	2026-06-21 06:55:52.386459+03	6	8	2	2.887	strong	\N	\N	t	f
417	A	2026-06-21 14:07:04.847385+03	6	8	2	5.176	strong	\N	\N	t	f
419	B	2026-06-21 14:07:54.993788+03	6	8	2	5.761	weak	\N	\N	f	t
421	A	2026-06-21 14:31:10.935786+03	6	8	2	2.359	strong	\N	\N	t	f
423	A	2026-06-21 15:25:12.793864+03	6	8	2	2.228	strong	\N	\N	t	f
424	A	2026-06-21 15:32:53.302148+03	6	8	2	2.635	strong	\N	\N	t	f
427	A	2026-06-21 15:37:26.771819+03	6	8	2	3.103	strong	\N	\N	t	f
429	A	2026-06-21 15:40:21.881664+03	6	8	2	2.085	strong	\N	\N	t	f
431	A	2026-06-21 15:42:44.512358+03	6	8	2	2.837	strong	\N	\N	t	f
433	A	2026-06-21 15:50:19.927413+03	6	8	2	1.631	strong	\N	\N	t	f
435	A	2026-06-21 15:57:04.560322+03	6	8	2	2.215	strong	\N	\N	t	f
437	A	2026-06-21 16:02:33.899984+03	6	8	2	1.28	strong	\N	\N	t	f
439	A	2026-06-21 16:23:06.514811+03	6	8	2	4.183	strong	\N	\N	t	f
441	A	2026-06-21 16:58:49.135114+03	6	8	2	2.139	strong	\N	\N	t	f
443	B	2026-06-21 16:59:07.528924+03	7	8	2	6.327	weak	\N	\N	f	t
444	A	2026-06-21 17:57:17.008927+03	25	12	2	3.508	weak	\N	\N	f	t
447	A	2026-06-21 19:19:25.176678+03	6	8	2	3.767	strong	\N	\N	t	f
449	B	2026-06-21 19:19:32.294377+03	7	8	2	3.189	weak	\N	\N	f	t
451	B	2026-06-22 14:01:27.65494+03	6	8	2	17.621	weak	\N	\N	f	t
453	A	2026-06-22 14:02:58.020664+03	6	8	2	2.574	strong	\N	\N	t	f
455	B	2026-06-22 14:03:20.417488+03	7	8	2	7.818	weak	\N	\N	f	t
457	B	2026-06-29 16:41:49.951816+03	6	8	2	30.552	weak	\N	\N	f	t
459	A	2026-07-05 12:03:31.869+03	6	8	2	4.83	strong	\N	\N	t	f
461	A	2026-07-05 12:06:01.278804+03	6	8	2	3.439	strong	\N	\N	t	f
463	A	2026-07-08 19:22:35.411078+03	6	8	2	5.1	strong	\N	\N	t	f
465	B	2026-07-08 19:23:22.128793+03	7	8	2	8.615	weak	\N	\N	f	t
466	A	2026-07-08 20:04:20.806025+03	6	8	2	1.785	strong	\N	\N	t	f
467	A	2026-07-08 20:04:20.804406+03	6	8	2	1.785	strong	\N	\N	t	f
469	A	2026-07-08 20:16:38.820014+03	6	8	2	1.473	strong	\N	\N	t	f
468	A	2026-07-08 20:16:38.818963+03	6	8	2	1.473	strong	\N	\N	t	f
470	A	2026-07-08 20:17:18.295872+03	6	8	2	1.736	strong	\N	\N	t	f
471	A	2026-07-08 20:17:18.298426+03	6	8	2	1.736	strong	\N	\N	t	f
472	A	2026-07-17 15:33:38.546949+03	6	8	2	3.55	strong	\N	\N	t	f
473	A	2026-07-17 15:33:38.553123+03	6	8	2	3.55	strong	\N	\N	t	f
475	B	2026-07-17 16:19:00.139983+03	6	8	2	10.611	weak	\N	\N	f	t
474	B	2026-07-17 16:19:00.139095+03	6	8	2	10.611	weak	\N	\N	f	t
476	A	2026-07-17 16:21:25.612998+03	6	8	2	4.214	strong	\N	\N	t	f
477	A	2026-07-17 16:21:25.61455+03	6	8	2	4.214	strong	\N	\N	t	f
478	A	2026-07-17 16:21:46.82847+03	6	8	2	11.699	strong	\N	\N	t	f
479	A	2026-07-17 16:21:46.8297+03	6	8	2	11.699	strong	\N	\N	t	f
480	A	2026-07-17 16:34:03.139323+03	6	8	2	1.113	strong	\N	\N	t	f
481	A	2026-07-17 16:34:03.140661+03	6	8	2	1.113	strong	\N	\N	t	f
483	A	2026-07-17 19:13:32.767445+03	6	8	2	2.598	strong	\N	\N	t	f
482	A	2026-07-17 19:13:32.767445+03	6	8	2	2.598	strong	\N	\N	t	f
484	A	2026-07-17 23:07:08.498939+03	6	8	2	1.835	strong	\N	\N	t	f
485	A	2026-07-17 23:07:08.592562+03	6	8	2	1.835	strong	\N	\N	t	f
486	A	2026-07-18 17:40:36.335201+03	6	8	2	2.157	strong	\N	\N	t	f
487	A	2026-07-18 17:40:36.34312+03	6	8	2	2.157	strong	\N	\N	t	f
488	A	2026-07-18 17:48:22.456524+03	6	8	2	1.374	strong	\N	\N	t	f
489	A	2026-07-18 17:48:22.461116+03	6	8	2	1.374	strong	\N	\N	t	f
355	A	2026-06-20 23:38:40.095769+03	6	8	2	7.011	strong	\N	\N	t	f
358	A	2026-06-21 00:17:55.622862+03	6	8	2	2.186	strong	\N	\N	t	f
361	A	2026-06-21 00:53:49.27314+03	6	8	2	2.02	strong	\N	\N	t	f
364	A	2026-06-21 02:42:52.360755+03	6	8	2	1.814	strong	\N	\N	t	f
367	A	2026-06-21 03:12:37.660741+03	6	8	2	2.55	strong	\N	\N	t	f
370	A	2026-06-21 03:33:50.240252+03	6	8	2	4.853	strong	\N	\N	t	f
374	A	2026-06-21 03:58:53.257546+03	6	8	2	7.066	strong	\N	\N	t	f
377	A	2026-06-21 04:29:12.763582+03	6	8	2	5.784	strong	\N	\N	t	f
379	A	2026-06-21 04:39:19.944562+03	6	8	2	2.498	strong	\N	\N	t	f
382	A	2026-06-21 04:56:17.112498+03	6	8	2	2.806	strong	\N	\N	t	f
385	A	2026-06-21 04:59:41.170459+03	6	8	2	3.178	strong	\N	\N	t	f
388	A	2026-06-21 05:21:44.599732+03	6	8	2	4.246	strong	\N	\N	t	f
389	A	2026-06-21 05:21:44.6076+03	6	8	2	4.246	strong	\N	\N	t	f
392	A	2026-06-21 05:27:38.661645+03	6	8	2	3.809	strong	\N	\N	t	f
396	A	2026-06-21 05:33:02.082685+03	6	8	2	2.356	strong	\N	\N	t	f
399	A	2026-06-21 05:40:07.556943+03	6	8	2	2.704	strong	\N	\N	t	f
402	A	2026-06-21 06:01:27.356739+03	6	8	2	3.615	strong	\N	\N	t	f
405	A	2026-06-21 06:05:17.07634+03	6	8	2	4.027	strong	\N	\N	t	f
408	A	2026-06-21 06:39:25.159156+03	6	8	2	2.273	strong	\N	\N	t	f
410	A	2026-06-21 06:46:31.98762+03	6	8	2	2.745	strong	\N	\N	t	f
412	A	2026-06-21 06:52:42.80953+03	6	8	2	4.617	strong	\N	\N	t	f
414	A	2026-06-21 06:55:52.293534+03	6	8	2	2.887	strong	\N	\N	t	f
416	A	2026-06-21 14:07:04.841699+03	6	8	2	5.176	strong	\N	\N	t	f
418	B	2026-06-21 14:07:54.991663+03	6	8	2	5.761	weak	\N	\N	f	t
420	A	2026-06-21 14:31:10.926924+03	6	8	2	2.359	strong	\N	\N	t	f
422	A	2026-06-21 15:25:12.788724+03	6	8	2	2.228	strong	\N	\N	t	f
425	A	2026-06-21 15:32:53.30328+03	6	8	2	2.635	strong	\N	\N	t	f
426	A	2026-06-21 15:37:26.769246+03	6	8	2	3.103	strong	\N	\N	t	f
428	A	2026-06-21 15:40:21.880471+03	6	8	2	2.085	strong	\N	\N	t	f
430	A	2026-06-21 15:42:44.424834+03	6	8	2	2.837	strong	\N	\N	t	f
432	A	2026-06-21 15:50:19.840257+03	6	8	2	1.631	strong	\N	\N	t	f
434	A	2026-06-21 15:57:04.5588+03	6	8	2	2.215	strong	\N	\N	t	f
436	A	2026-06-21 16:02:33.890917+03	6	8	2	1.28	strong	\N	\N	t	f
438	A	2026-06-21 16:23:06.399018+03	6	8	2	4.183	strong	\N	\N	t	f
440	A	2026-06-21 16:58:49.134097+03	6	8	2	2.139	strong	\N	\N	t	f
442	B	2026-06-21 16:59:07.41443+03	7	8	2	6.327	weak	\N	\N	f	t
445	A	2026-06-21 17:57:17.008927+03	25	12	2	3.508	weak	\N	\N	f	t
446	A	2026-06-21 19:19:25.122667+03	6	8	2	3.767	strong	\N	\N	t	f
448	B	2026-06-21 19:19:32.270874+03	7	8	2	3.189	weak	\N	\N	f	t
220	A	2026-05-30 13:53:21.105678+03	6	8	2	2.552	strong	\N	\N	t	f
221	A	2026-05-30 13:53:21.106201+03	6	8	2	2.552	strong	\N	\N	t	f
222	B	2026-05-30 13:53:59.98676+03	7	8	2	17.344	weak	\N	\N	f	t
223	B	2026-05-30 13:53:59.99047+03	7	8	2	17.344	weak	\N	\N	f	t
224	B	2026-05-30 13:55:09.475731+03	10	8	2	7.496	weak	\N	\N	f	t
225	B	2026-05-30 13:55:09.568842+03	10	8	2	7.496	weak	\N	\N	f	t
450	B	2026-06-22 14:01:27.65494+03	6	8	2	17.621	weak	\N	\N	f	t
452	A	2026-06-22 14:02:58.020664+03	6	8	2	2.574	strong	\N	\N	t	f
454	B	2026-06-22 14:03:20.413738+03	7	8	2	7.818	weak	\N	\N	f	t
456	B	2026-06-29 16:41:49.939989+03	6	8	2	30.552	weak	\N	\N	f	t
230	A	2026-05-30 14:35:41.966938+03	6	8	2	3.385	strong	\N	\N	t	f
231	A	2026-05-30 14:35:42.100903+03	6	8	2	3.385	strong	\N	\N	t	f
232	B	2026-05-30 14:35:56.391686+03	7	8	2	10.631	weak	\N	\N	f	t
233	B	2026-05-30 14:35:56.494209+03	7	8	2	10.631	weak	\N	\N	f	t
234	B	2026-05-30 14:37:18.077555+03	10	8	2	8.333	weak	\N	\N	f	t
235	B	2026-05-30 14:37:18.079069+03	10	8	2	8.333	weak	\N	\N	f	t
236	A	2026-05-30 15:06:48.213695+03	6	8	2	2.656	strong	\N	\N	t	f
237	A	2026-05-30 15:06:48.216369+03	6	8	2	2.656	strong	\N	\N	t	f
238	B	2026-05-30 15:07:17.959302+03	7	8	2	5.577	weak	\N	\N	f	t
239	B	2026-05-30 15:07:17.973867+03	7	8	2	5.577	weak	\N	\N	f	t
240	A	2026-05-30 15:12:43.657737+03	6	8	2	2.778	strong	\N	\N	t	f
241	A	2026-05-30 15:12:43.666436+03	6	8	2	2.778	strong	\N	\N	t	f
242	B	2026-05-30 15:13:12.076267+03	7	8	2	12.022	weak	\N	\N	f	t
243	B	2026-05-30 15:13:12.080075+03	7	8	2	12.022	weak	\N	\N	f	t
244	A	2026-05-30 15:13:34.036403+03	6	8	2	2.478	strong	\N	\N	t	f
245	A	2026-05-30 15:13:34.052096+03	6	8	2	2.478	strong	\N	\N	t	f
246	B	2026-05-30 15:13:56.539374+03	7	8	2	5.2	weak	\N	\N	f	t
247	B	2026-05-30 15:13:56.638433+03	7	8	2	5.2	weak	\N	\N	f	t
248	A	2026-05-30 15:23:31.687932+03	6	8	2	5.27	strong	\N	\N	t	f
249	A	2026-05-30 15:23:31.691048+03	6	8	2	5.27	strong	\N	\N	t	f
250	B	2026-05-30 15:23:59.880583+03	7	8	2	5.166	weak	\N	\N	f	t
251	B	2026-05-30 15:23:59.973501+03	7	8	2	5.166	weak	\N	\N	f	t
252	A	2026-05-30 15:26:55.20113+03	6	8	2	1.429	strong	\N	\N	t	f
253	A	2026-05-30 15:26:55.20559+03	6	8	2	1.429	strong	\N	\N	t	f
254	B	2026-05-30 15:27:21.676462+03	7	8	2	10.286	weak	\N	\N	f	t
255	B	2026-05-30 15:27:21.68579+03	7	8	2	10.286	weak	\N	\N	f	t
256	A	2026-05-30 15:44:42.335333+03	6	8	2	5.13	strong	\N	\N	t	f
257	A	2026-05-30 15:44:42.485355+03	6	8	2	5.13	strong	\N	\N	t	f
258	B	2026-05-30 15:45:22.264863+03	7	8	2	2.69	weak	\N	\N	f	t
259	B	2026-05-30 15:45:22.378188+03	7	8	2	2.69	weak	\N	\N	f	t
260	A	2026-05-30 16:17:43.013086+03	6	8	2	3.14	strong	\N	\N	t	f
261	A	2026-05-30 16:17:43.01563+03	6	8	2	3.14	strong	\N	\N	t	f
262	B	2026-05-30 16:18:13.452196+03	7	8	2	3.871	weak	\N	\N	f	t
263	B	2026-05-30 16:18:13.454134+03	7	8	2	3.871	weak	\N	\N	f	t
264	A	2026-05-30 16:44:19.838184+03	6	8	2	2.002	strong	\N	\N	t	f
265	A	2026-05-30 16:44:19.838184+03	6	8	2	2.002	strong	\N	\N	t	f
266	B	2026-05-30 16:44:48.487361+03	7	8	2	7.231	weak	\N	\N	f	t
267	B	2026-05-30 16:44:48.487361+03	7	8	2	7.231	weak	\N	\N	f	t
458	A	2026-07-05 12:03:31.869+03	6	8	2	4.83	strong	\N	\N	t	f
460	A	2026-07-05 12:06:01.277615+03	6	8	2	3.439	strong	\N	\N	t	f
462	A	2026-07-08 19:22:35.405924+03	6	8	2	5.1	strong	\N	\N	t	f
464	B	2026-07-08 19:23:22.118408+03	7	8	2	8.615	weak	\N	\N	f	t
356	A	2026-06-20 23:56:50.378732+03	6	8	2	2.772	strong	\N	\N	t	f
359	A	2026-06-21 00:17:55.624735+03	6	8	2	2.186	strong	\N	\N	t	f
270	A	2026-05-30 17:24:10.174021+03	6	8	2	1.204	strong	\N	\N	t	f
271	A	2026-05-30 17:24:10.183432+03	6	8	2	1.204	strong	\N	\N	t	f
272	B	2026-05-30 17:24:35.496125+03	7	8	2	4.075	weak	\N	\N	f	t
273	B	2026-05-30 17:24:35.504025+03	7	8	2	4.075	weak	\N	\N	f	t
274	A	2026-05-30 17:44:07.293553+03	6	8	2	2.313	strong	\N	\N	t	f
275	A	2026-05-30 17:44:07.298232+03	6	8	2	2.313	strong	\N	\N	t	f
276	B	2026-05-30 17:44:29.399539+03	7	8	2	5.606	weak	\N	\N	f	t
277	B	2026-05-30 17:44:29.399539+03	7	8	2	5.606	weak	\N	\N	f	t
278	A	2026-05-30 17:47:48.801698+03	6	8	2	2.685	strong	\N	\N	t	f
279	A	2026-05-30 17:47:48.803216+03	6	8	2	2.685	strong	\N	\N	t	f
280	B	2026-05-30 17:47:56.820759+03	7	8	2	4.577	weak	\N	\N	f	t
281	B	2026-05-30 17:47:56.821269+03	7	8	2	4.577	weak	\N	\N	f	t
282	B	2026-05-30 17:50:07.078673+03	10	8	2	13.68	weak	\N	\N	f	t
283	B	2026-05-30 17:50:07.080305+03	10	8	2	13.68	weak	\N	\N	f	t
285	A	2026-05-30 18:01:17.784203+03	6	8	2	150.658	strong	\N	\N	t	f
284	A	2026-05-30 18:01:17.784786+03	6	8	2	150.658	strong	\N	\N	t	f
286	B	2026-05-30 18:01:32.254311+03	7	8	2	2.797	weak	\N	\N	f	t
287	B	2026-05-30 18:01:32.256702+03	7	8	2	2.797	weak	\N	\N	f	t
288	B	2026-05-30 18:03:16.693377+03	10	8	2	8.687	weak	\N	\N	f	t
289	B	2026-05-30 18:03:16.707621+03	10	8	2	8.687	weak	\N	\N	f	t
290	A	2026-05-30 18:08:41.672794+03	6	8	2	2.349	strong	\N	\N	t	f
291	A	2026-05-30 18:08:41.67698+03	6	8	2	2.349	strong	\N	\N	t	f
292	A	2026-05-30 18:08:51.266064+03	7	8	2	6.041	strong	\N	\N	t	f
293	A	2026-05-30 18:08:51.272074+03	7	8	2	6.041	strong	\N	\N	t	f
294	A	2026-05-30 21:51:53.499173+03	6	8	2	2.387	strong	\N	\N	t	f
295	A	2026-05-30 21:51:53.500895+03	6	8	2	2.387	strong	\N	\N	t	f
296	B	2026-05-30 21:52:33.120265+03	7	8	2	4.054	weak	\N	\N	f	t
297	B	2026-05-30 21:52:33.212445+03	7	8	2	4.054	weak	\N	\N	f	t
298	B	2026-05-30 21:54:13.461596+03	10	8	2	14.247	weak	\N	\N	f	t
299	B	2026-05-30 21:54:13.465127+03	10	8	2	14.247	weak	\N	\N	f	t
362	A	2026-06-21 02:20:22.222583+03	6	8	2	2.495	strong	\N	\N	t	f
365	A	2026-06-21 02:42:52.365838+03	6	8	2	1.814	strong	\N	\N	t	f
302	A	2026-05-30 22:10:45.737695+03	6	8	2	2.005	strong	\N	\N	t	f
303	A	2026-05-30 22:10:45.74021+03	6	8	2	2.005	strong	\N	\N	t	f
305	A	2026-05-30 22:36:44.143457+03	6	8	2	2.762	strong	\N	\N	t	f
304	A	2026-05-30 22:36:44.14426+03	6	8	2	2.762	strong	\N	\N	t	f
306	A	2026-05-30 22:43:44.183507+03	6	8	2	2.527	strong	\N	\N	t	f
307	A	2026-05-30 22:43:44.187683+03	6	8	2	2.527	strong	\N	\N	t	f
308	B	2026-05-30 22:44:03.988982+03	7	8	2	4.038	weak	\N	\N	f	t
309	B	2026-05-30 22:44:03.994082+03	7	8	2	4.038	weak	\N	\N	f	t
310	A	2026-05-30 22:48:09.673058+03	6	8	2	2.927	strong	\N	\N	t	f
311	A	2026-05-30 22:48:09.67343+03	6	8	2	2.927	strong	\N	\N	t	f
312	B	2026-05-30 22:48:26.910266+03	7	8	2	13.156	weak	\N	\N	f	t
313	B	2026-05-30 22:48:26.912943+03	7	8	2	13.156	weak	\N	\N	f	t
368	B	2026-06-21 03:18:19.319395+03	6	8	2	5.322	weak	\N	\N	f	t
371	A	2026-06-21 03:33:50.2434+03	6	8	2	4.853	strong	\N	\N	t	f
317	A	2026-06-01 11:38:59.688804+03	6	8	2	3.97	strong	\N	\N	t	f
316	A	2026-06-01 11:38:59.687263+03	6	8	2	3.97	strong	\N	\N	t	f
318	A	2026-06-01 11:39:05.195114+03	7	8	2	0.935	strong	\N	\N	t	f
319	A	2026-06-01 11:39:05.196926+03	7	8	2	0.935	strong	\N	\N	t	f
320	A	2026-06-01 11:39:31.881091+03	6	8	2	3.343	strong	\N	\N	t	f
321	A	2026-06-01 11:39:31.889905+03	6	8	2	3.343	strong	\N	\N	t	f
322	A	2026-06-01 11:40:06.137466+03	6	8	2	2.221	strong	\N	\N	t	f
323	A	2026-06-01 11:40:06.140849+03	6	8	2	2.221	strong	\N	\N	t	f
325	A	2026-06-01 13:26:13.83188+03	6	8	2	20.201	strong	\N	\N	t	f
324	A	2026-06-01 13:26:13.836773+03	6	8	2	20.201	strong	\N	\N	t	f
326	A	2026-06-01 13:47:54.104802+03	6	8	2	3.229	strong	\N	\N	t	f
327	A	2026-06-01 13:47:54.104055+03	6	8	2	3.229	strong	\N	\N	t	f
328	A	2026-06-01 13:56:33.163153+03	6	8	2	1.63	strong	\N	\N	t	f
329	A	2026-06-01 13:56:33.272896+03	6	8	2	1.63	strong	\N	\N	t	f
330	B	2026-06-01 13:57:54.374831+03	10	8	2	3.028	weak	\N	\N	f	t
331	B	2026-06-01 13:57:54.424155+03	10	8	2	3.028	weak	\N	\N	f	t
375	A	2026-06-21 03:58:53.259267+03	6	8	2	7.066	strong	\N	\N	t	f
333	A	2026-06-01 14:24:19.995774+03	6	8	2	3.203	strong	\N	\N	t	f
334	A	2026-06-01 14:24:19.992287+03	6	8	2	3.203	strong	\N	\N	t	f
376	A	2026-06-21 04:29:12.765647+03	6	8	2	5.784	strong	\N	\N	t	f
337	A	2026-06-01 14:36:41.525902+03	6	8	2	1.382	strong	\N	\N	t	f
336	A	2026-06-01 14:36:41.517483+03	6	8	2	1.382	strong	\N	\N	t	f
380	A	2026-06-21 04:51:14.271855+03	6	8	2	3.857	strong	\N	\N	t	f
339	A	2026-06-04 13:15:04.086686+03	6	8	2	12.619	strong	\N	\N	t	f
340	A	2026-06-04 13:15:04.220604+03	6	8	2	12.619	strong	\N	\N	t	f
341	B	2026-06-04 13:16:00.517167+03	10	8	2	12.341	weak	\N	\N	f	t
342	B	2026-06-04 13:16:00.521203+03	10	8	2	12.341	weak	\N	\N	f	t
383	A	2026-06-21 04:56:17.120711+03	6	8	2	2.806	strong	\N	\N	t	f
345	A	2026-06-05 02:24:29.249907+03	15	9	9	8.685	weak	\N	\N	f	t
344	A	2026-06-05 02:24:29.248152+03	15	9	9	8.685	weak	\N	\N	f	t
346	B	2026-06-05 02:36:06.67363+03	6	8	2	2.301	weak	\N	\N	f	t
347	B	2026-06-05 02:36:06.67646+03	6	8	2	2.301	weak	\N	\N	f	t
348	A	2026-06-05 02:51:34.088305+03	15	9	9	6.254	weak	\N	\N	f	t
349	A	2026-06-05 02:51:34.179016+03	15	9	9	6.254	weak	\N	\N	f	t
350	B	2026-06-05 02:52:09.65341+03	6	8	2	2.273	weak	\N	\N	f	t
351	B	2026-06-05 02:52:09.651374+03	6	8	2	2.273	weak	\N	\N	f	t
386	A	2026-06-21 05:16:04.388654+03	6	8	2	3.647	strong	\N	\N	t	f
390	B	2026-06-21 05:25:48.14332+03	6	8	2	2.775	weak	\N	\N	f	t
393	A	2026-06-21 05:27:38.799575+03	6	8	2	3.809	strong	\N	\N	t	f
397	A	2026-06-21 05:33:02.086024+03	6	8	2	2.356	strong	\N	\N	t	f
400	A	2026-06-21 05:55:52.112581+03	6	8	2	18.676	strong	\N	\N	t	f
403	A	2026-06-21 06:01:27.355407+03	6	8	2	3.615	strong	\N	\N	t	f
406	A	2026-06-21 06:14:30.778574+03	6	8	2	3.287	strong	\N	\N	t	f
491	A	2026-07-18 18:02:45.31441+03	6	8	2	1.599	strong	\N	\N	t	f
490	A	2026-07-18 18:02:45.317496+03	6	8	2	1.599	strong	\N	\N	t	f
492	A	2026-07-19 10:08:10.160838+03	6	8	2	2.345	strong	\N	\N	t	f
493	A	2026-07-19 10:08:10.161975+03	6	8	2	2.345	strong	\N	\N	t	f
494	B	2026-07-19 10:54:04.46315+03	6	8	2	89.608	weak	\N	\N	f	t
495	B	2026-07-19 10:54:04.46315+03	6	8	2	89.608	weak	\N	\N	f	t
496	B	2026-07-19 10:54:33.406641+03	7	8	2	5.034	weak	\N	\N	f	t
497	B	2026-07-19 10:54:33.409249+03	7	8	2	5.034	weak	\N	\N	f	t
498	A	2026-07-19 10:54:54.726586+03	6	8	2	6.263	strong	\N	\N	t	f
499	A	2026-07-19 10:54:54.738781+03	6	8	2	6.263	strong	\N	\N	t	f
500	A	2026-07-19 10:55:04.30635+03	7	8	2	5.903	strong	\N	\N	t	f
501	A	2026-07-19 10:55:04.307126+03	7	8	2	5.903	strong	\N	\N	t	f
502	A	2026-07-19 10:57:05.950846+03	6	8	2	1.47	strong	\N	\N	t	f
503	A	2026-07-19 10:57:05.95993+03	6	8	2	1.47	strong	\N	\N	t	f
504	A	2026-07-19 10:57:13.502883+03	7	8	2	3.386	strong	\N	\N	t	f
505	A	2026-07-19 10:57:13.505007+03	7	8	2	3.386	strong	\N	\N	t	f
506	A	2026-07-19 10:57:32.787499+03	6	8	2	1.44	strong	\N	\N	t	f
507	A	2026-07-19 10:57:32.797443+03	6	8	2	1.44	strong	\N	\N	t	f
508	B	2026-07-19 10:57:54.423561+03	7	8	2	11.74	weak	\N	\N	f	t
509	B	2026-07-19 10:57:54.434127+03	7	8	2	11.74	weak	\N	\N	f	t
511	B	2026-07-22 22:15:41.181193+03	6	8	2	1.158	weak	\N	\N	f	t
510	B	2026-07-22 22:15:41.177529+03	6	8	2	1.158	weak	\N	\N	f	t
512	A	2026-07-23 14:39:43.635631+03	6	8	2	2.499	strong	\N	\N	t	f
513	A	2026-07-23 14:39:43.652003+03	6	8	2	2.499	strong	\N	\N	t	f
514	A	2026-07-23 14:52:40.098776+03	6	8	2	1.167	strong	\N	\N	t	f
515	A	2026-07-23 14:52:40.099292+03	6	8	2	1.167	strong	\N	\N	t	f
516	A	2026-07-23 15:20:44.696757+03	6	8	2	2.005	strong	\N	\N	t	f
517	A	2026-07-23 15:20:44.701061+03	6	8	2	2.005	strong	\N	\N	t	f
518	B	2026-07-23 15:23:58.4438+03	6	8	2	1.448	weak	\N	\N	f	t
519	B	2026-07-23 15:23:58.453581+03	6	8	2	1.448	weak	\N	\N	f	t
520	A	2026-07-23 19:23:07.642393+03	6	8	2	9.849	strong	\N	\N	t	f
521	A	2026-07-23 19:23:07.662323+03	6	8	2	9.849	strong	\N	\N	t	f
522	A	2026-07-23 19:34:59.362167+03	25	12	2	11.15	weak	\N	\N	f	t
523	A	2026-07-23 19:34:59.364942+03	25	12	2	11.15	weak	\N	\N	f	t
525	A	2026-07-24 13:25:34.264598+03	6	8	2	10.908	strong	\N	\N	t	f
524	A	2026-07-24 13:25:34.259288+03	6	8	2	10.908	strong	\N	\N	t	f
526	B	2026-07-24 13:27:00.121824+03	7	8	2	25.658	weak	\N	\N	f	t
527	B	2026-07-24 13:27:00.123176+03	7	8	2	25.658	weak	\N	\N	f	t
\.


--
-- Data for Name: StudentCheckpointResponse; Type: TABLE DATA; Schema: public; Owner: postgres
--

COPY public."StudentCheckpointResponse" ("ResponseID", "ParagraphIndex", "SelectedOption", "IsCorrect", "ResponseTimeSeconds", "AnsweredAt", "CheckpointID", "LessonID", "SessionID", "StudentID") FROM stdin;
\.


--
-- Data for Name: StudentTeacherAssignment; Type: TABLE DATA; Schema: public; Owner: postgres
--

COPY public."StudentTeacherAssignment" ("AssignmentID", assigned_at, is_active, "StudentID", "TeacherID", "ClassID", "SubjectID") FROM stdin;
6	2026-06-01 01:44:31.304877+03	t	6	8	3	\N
7	2026-06-01 20:52:41.41495+03	t	9	9	8	\N
12	2026-06-03 01:43:12.707696+03	t	9	1	26	\N
13	2026-06-03 01:43:31.733078+03	t	2	1	18	\N
14	2026-06-03 01:44:26.869098+03	t	2	9	6	\N
15	2026-06-03 09:44:20.104408+03	t	2	7	27	\N
16	2026-06-03 09:44:50.81825+03	t	9	7	28	\N
\.


--
-- Data for Name: StudentVRInteraction; Type: TABLE DATA; Schema: public; Owner: postgres
--

COPY public."StudentVRInteraction" (id, "HasDownloadedAttachment", "HasExploredVR", "DownloadTimestamp", "ExploreTimestamp", "CreatedAt", "UpdatedAt", "StudentID", "VRLessonID") FROM stdin;
1	f	t	\N	2026-07-19 14:35:49.336842+03	2026-07-04 13:01:03.622392+03	2026-07-19 14:35:49.336842+03	2	1
\.


--
-- Data for Name: Subject; Type: TABLE DATA; Schema: public; Owner: postgres
--

COPY public."Subject" ("SubjectID", "SubjectName", "ClassID", "TeacherID") FROM stdin;
6	العلوم	18	1
12	جغرافيا	10	7
16	رياضيات	8	9
18	رياضيات	6	9
19	علوم عامة	26	1
20	اجتماعيات	27	7
21	اجتماعيات	28	7
22	لغة عربية	3	8
\.


--
-- Data for Name: Teacher; Type: TABLE DATA; Schema: public; Owner: postgres
--

COPY public."Teacher" ("TeacherID", "Specialization", "UserID", "DailyLessonLimit", "DailyVideoLimit", "Gemini_API_Key", "LastResetDate", "LessonsToday", "VideosToday", "Directorate", "DailyGeminiLimit", "GeminiAttemptsToday", "GeminiLastResetDate") FROM stdin;
3	General	11	10	2	\N	2026-02-18	0	0		100	0	2026-06-05
1	العلوم	4	15	2	gAAAAABqN_KrdhHOD_hh5DDQgab7mEMx0vCCEgNYwH5jxnWc5eLFLB00_XtomxnYOZ5D6c9ePRcbNXQFspdwjbw-VwBUj7A51-JjzYAqIqTTfGtYvfGb9GtWLUftS9FQ-DLxSqxT5WOC	2026-07-23	0	0	مديرية تربية وتعليم شمال الخليل	100	0	2026-06-05
7	الدراسات الاجتماعية	16	15	2	\N	2026-06-04	0	0	مديرية تربية وتعليم بيت لحم	100	0	2026-06-05
8	اللغة العربية وآدابها	18	15	2	gAAAAABqIe-n_CpB15ga4qSovkWOrkA_7h6o4qyEBOV9Us_--6JSKZupcr7vjh-K0guTaXUOkztK7VD6pzBNEDmI9t-rWQFIBKrKlqX41JuU8dDmeY9Btol37cAypFShe4bDO41tBtMRuAulmMJ0y_E6EymYC-rogw==	2026-06-09	1	0	مديرية تربية وتعليم بيت لحم	100	0	2026-06-05
9	الرياضيات	20	15	2	gAAAAABqIfaOv-xMr-GYDErsAC0RV6mnlTONRE1IRGE-4iH5-1QxBVpA9GzsFPEo4YKH0Z0sS8o3Yj9RFLaV0KP7tRJW6BHot9Lqr30q0LsvErIYe22QPkLsTR8ahfpEvb5TWCrb2WgdEwqPIQ99mg885TuTM7gWjw==	2026-06-09	1	0	مديرية تربية وتعليم شمال الخليل	100	0	2026-06-05
6		9	10	2	\N	2026-03-18	0	0		100	0	2026-06-05
\.


--
-- Data for Name: Teacher_assigned_classes; Type: TABLE DATA; Schema: public; Owner: postgres
--

COPY public."Teacher_assigned_classes" (id, teacher_id, class_id) FROM stdin;
5	1	18
10	1	21
12	7	9
13	7	10
14	8	3
15	8	4
16	8	5
17	8	6
18	9	8
19	9	6
20	9	7
23	1	26
24	7	27
25	7	28
\.


--
-- Data for Name: Test; Type: TABLE DATA; Schema: public; Owner: postgres
--

COPY public."Test" ("TestID", "TestTitle", "TotalQuestions", "DurationTaken", "LessonID", "TeacherID", "SubjectID") FROM stdin;
31	اختبار سريع	1	15	167	1	6
32	اختبار درس التعاون	3	30	187	8	22
35	اختبار يومي	2	10	\N	1	6
34	امتحان مفاجئ	2	10	188	9	16
\.


--
-- Data for Name: TestAttempt; Type: TABLE DATA; Schema: public; Owner: postgres
--

COPY public."TestAttempt" ("AttemptID", "Score", "TeacherFeedback", "AttemptDate", "DurationTaken", "StudentID", "TestID") FROM stdin;
17	1	\N	2026-05-18 14:08:33.757998+03	15	2	31
20	2	\N	2026-07-05 12:01:05.291344+03	11	2	35
21	10	\N	2026-07-20 23:25:30.892755+03	61	9	34
\.


--
-- Data for Name: User; Type: TABLE DATA; Schema: public; Owner: postgres
--

COPY public."User" (password, last_login, is_superuser, "UserID", "Username", "FullName", "Email", "UserRole", "IdentityNumber", is_active, is_staff, avatar, bio, "EmailVerificationCode", "EmailVerificationSentAt", "IsEmailVerified") FROM stdin;
pbkdf2_sha256$1000000$rHmHveoUVw9Coy1pR0dy8j$hDtrBhNHmh77BefZ0ED9WHL03jWpZZ8UdklSNpLZSJo=	\N	f	26	sa45	salma yousf	sara.09@gmail.com	Student	876543323	f	f			63441928	2026-06-10 17:42:46.360065+03	f
pbkdf2_sha256$870000$idVgJxMafDxnPa6mrKlL7B$hT2pq6RaejXLJrSn7jeSb5kw/s97ymyPIG5PYB/C6B4=	2026-02-18 19:52:32.273854+03	f	2	أحمد	أحمد علي	usersomh532@gmail.com	Student	222222222	t	f	\N		\N	\N	f
pbkdf2_sha256$870000$op139jyMLJnnhdqOjnhQHc$oCZEx35tzvm3clYf+kG/Jtiweay+P/sMIFksTlRXY9g=	2026-05-18 16:38:57.818357+03	f	17	teststudent	محمد أحمد	test@example.com	\N	\N	t	f			\N	\N	f
pbkdf2_sha256$1000000$c1l4SWv7gX0JAdunrFDKM4$AOODYvehy3Vz2f7PM8nNhA0WLlSPr9BWuidWkHC1LKU=	\N	f	27	يوسف	يوسف احمد مراد	yousef111111111111@gmail.com	Student	546941254	f	f			29087930	2026-06-10 18:33:12.773864+03	f
pbkdf2_sha256$870000$DfCBa6bn3QHLXY30jIpRjY$YBtZZP98vygy6KXEWYdM2f4JnnAIGaGlFlwOoauZIQQ=	2026-04-07 11:43:37.605331+03	f	8	a.ali	ahmed ali	ahmed_ali123@gmail.com	Student	111111111	t	f	\N		\N	\N	f
pbkdf2_sha256$870000$X9NjTuiqSD0twZLSgprz9h$1Ttq1cJpFb7vVLcOa0SHSHsNRo2USTKn03DPnCFy57U=	2026-07-23 18:33:46.708906+03	f	5	ali	ali mohammad	sara.o.hroub2020@gmail.com	Parent	999999999	t	f	avatars/parent_5.png		\N	\N	f
pbkdf2_sha256$1000000$nMLoKvaclSU3mh9B1uQSvg$+sxrxjLg7p7Em/DJL0VXk+tQVGquMywx9ESRVOwntW4=	2026-06-09 22:58:24.681404+03	f	15	نور	نور علي طقاطقة	taqnoor6@gmail.com	Student	987654321	t	f			\N	\N	f
pbkdf2_sha256$870000$Eq0xnypIDegEOOBGIkXn1y$yn6Z3X/QzPR8G2fR0h5K9gZcB3MvuEnsq4FQS5fuYmo=	2026-07-20 23:30:46.245077+03	f	22	qais	قيس عمر	sara.o.hroub2020@gmail.com	Student	988765413	t	f			\N	\N	f
pbkdf2_sha256$1000000$oJUktUWyacKsutS65UKwVz$NgG/oE9lK9cADL9B+AuJiCwHRAgQ1kvyGjl5fZVoiTk=	2026-06-09 23:08:40.560763+03	f	19	علي	علي عيسى طقاطقة	ali_issa@gmail.com	Parent	122345678	t	f			\N	\N	f
pbkdf2_sha256$1000000$GQH1bkFfmeeGFewIdDAsfL$+pQ/C9kkDkj7nJJ87TbuFw67nF8OU2BSKtNW0MEXYow=	2026-07-05 14:04:03.212531+03	t	1	admin	sara hroub	admin@gmail.com	Admin	\N	t	t			\N	\N	f
pbkdf2_sha256$1000000$fsWYa8rGYwJSk17LH3vqyR$7MJLxDmKINPpa6WlI0ET3tBN4jTE0r1UDukKVtDADQc=	2026-06-05 01:14:39.611353+03	f	14	manager	Supervisor and manager	sara.o.hroub2020@gmail.com	SysAdmin	123456789	t	f			\N	\N	f
pbkdf2_sha256$1000000$FkZHhAzrE3cYrNDBafdII3$PUOhGTKSOuxyA/TQFcz92TVP/KzmZrW9JwR2QmfwG5w=	2026-06-05 00:37:21.521672+03	f	16	amal	amal yousif mousa	sara.o.hroub2020@gmail.com	Teacher	135792468	t	f			\N	\N	f
pbkdf2_sha256$870000$63BKzAHOw6RbwfCcpWrKE7$rMR1D3UaE6NJyCiXk0xM6z5Vu2Uttiufq7ZKGcOwzps=	2026-07-22 10:41:53.208526+03	f	12	test_student	test student	test_student123@gmail.com	Student	333444555	t	f	\N		\N	\N	f
pbkdf2_sha256$870000$Kk57tOzDjOfvuZiURy1VEd$mtSxizbvtInVwJ6cRVOpAhaadGLxrpydUppZqldL6HU=	2026-02-18 19:38:18.629529+03	f	11	khaled	khaled mousa	khaled_mousa123@gmail.com	Teacher	111222333	t	f	\N		\N	\N	f
pbkdf2_sha256$1000000$DvuMuA1uPsUh6IiebPYzqo$TPkFlFisDrAY1TV0xlL5IYJfg4AP/myoJm4Sh22NJ8I=	2026-06-10 16:26:16.634179+03	f	24	محمد	محمد قيس كمال	mohtaq00@gmail.com	Student	112233445	t	f			\N	\N	f
pbkdf2_sha256$870000$31sB6TUhW9fKRcCqqIAwNC$3Lod1E2fLuvOrTiaheZSXwXYi+ZKTsncXYCIdQ3qK9U=	2026-07-22 10:42:04.903993+03	f	9	teacher2026	I am test teacher	test_teacher2026@gmail.com	Teacher	333333333	t	f			\N	\N	f
pbkdf2_sha256$1000000$TMuqgRzVFUrDdDi0diAmTT$KScevCw3Na9R9rFEErt9dbBBI/tEnuEv2DKV+SfhEQY=	2026-06-12 11:36:43.858435+03	f	28	adham	ahmad adham ademat	sarahroub072@gmail.com	Student	676767676	t	f			\N	\N	t
pbkdf2_sha256$1000000$dA2eTgSOOe0mxT47FramcA$3DbsUVgZGPXjuyZ3cgzEdvnGgpCfLtMHo0tkV9lqJRs=	2026-06-10 16:56:22.876905+03	f	25	sa.2004	saad m hroub	exam9@sa.com	Student	654332799	t	f			\N	\N	f
pbkdf2_sha256$870000$PtUZFKCCCTcN04Ic5CWOLe$Zj/rcmmhY+fc70YXBjscDOTfpALQfYhIdkScEuLScfQ=	2026-07-24 19:46:39.270958+03	f	4	s.o.hroub	سارة عمر	sarahroub1@gmail.com	Teacher	444444444	t	f	avatars/teacher_4.png		\N	\N	f
pbkdf2_sha256$870000$nAro7yXtZJHeVWukofOEuw$pHGl3pjQTkpSpn33SZKNFFA4U2nM7HjfeQwhe6iWWl8=	2026-07-24 20:43:01.31676+03	f	6	ahmed	أحمد علي	ahmed123@gmail.com	Student	555555555	t	f	avatars/student_2.png		\N	\N	f
pbkdf2_sha256$1000000$QhJ7rXE2I8DAr8zKIjenKe$qi9MyueYID3iwmuj3HGkdl3LC91HWjIqDCSV64f7j9c=	2026-06-09 22:44:51.725172+03	f	18	ليان	ليان خالد محمود	ntaq692@gmail.com	Teacher	987654322	t	f			\N	\N	f
pbkdf2_sha256$870000$RDxv4K9us2E1Eo7dUD4M5E$6HDmObjkE5Ik4W7hHvXWt56E+0e15VrHJcwayo5hJx0=	2026-07-20 23:17:46.103863+03	f	20	aya	aya abdallah atawna	sara.o.hroub2020@gmail.com	Teacher	312465679	t	f		انا معلمة رياضيات لصفوف من الصف الخامس للصف السابع	\N	\N	f
pbkdf2_sha256$870000$oDTJf8DItHvyaKwewp4GkX$Uf417ZomZJBIB2qOVg7sezwkgesusQaiuFrk8GHMbUU=	2026-07-17 23:26:12.868931+03	f	23	omar	OMAR M HROUB	sara.o.hroub2020@gmail.com	Parent	956454443	t	f			\N	\N	f
pbkdf2_sha256$870000$RezCn3Ppb96M8Q1IWCOXEh$6W27qhV4QVKghV8DQKvb7YK3U+Q2zuL49QNbrFTZBaE=	2026-07-22 10:42:18.803319+03	f	10	test_parent2026	I am test parent	test_parent2026@gmail.com	Parent	666666666	t	f	\N		\N	\N	f
\.


--
-- Data for Name: User_groups; Type: TABLE DATA; Schema: public; Owner: postgres
--

COPY public."User_groups" (id, user_id, group_id) FROM stdin;
\.


--
-- Data for Name: User_user_permissions; Type: TABLE DATA; Schema: public; Owner: postgres
--

COPY public."User_user_permissions" (id, user_id, permission_id) FROM stdin;
\.


--
-- Data for Name: VRLesson; Type: TABLE DATA; Schema: public; Owner: postgres
--

COPY public."VRLesson" ("VR_ID", "VR_URL", "DesignPlatformURL", "IsPublished", "CreatedAt", "UpdatedAt", "ClassID", "LessonID", "SubjectID", "TeacherID", "VR_Attachment") FROM stdin;
1	https://aistudio.google.com/apps/ea0032ea-b331-4cc8-a5fd-e59bbce58fbe?fullscreenApplet=true&showPreview=true&showAssistant=true	https://ai.studio/apps/84df996b-346c-484f-a8e5-23b34c70a90d	t	2026-07-03 21:31:11.295654+03	2026-07-18 21:23:47.17467+03	18	167	6	1	vr_attachments/رحلة_في_أعماق_الجهاز_الهضمي__القناة_الحيوية_vr_lesson_1.json
\.


--
-- Data for Name: auth_group; Type: TABLE DATA; Schema: public; Owner: postgres
--

COPY public.auth_group (id, name) FROM stdin;
\.


--
-- Data for Name: auth_group_permissions; Type: TABLE DATA; Schema: public; Owner: postgres
--

COPY public.auth_group_permissions (id, group_id, permission_id) FROM stdin;
\.


--
-- Data for Name: auth_permission; Type: TABLE DATA; Schema: public; Owner: postgres
--

COPY public.auth_permission (id, name, content_type_id, codename) FROM stdin;
1	Can add log entry	1	add_logentry
2	Can change log entry	1	change_logentry
3	Can delete log entry	1	delete_logentry
4	Can view log entry	1	view_logentry
5	Can add permission	3	add_permission
6	Can change permission	3	change_permission
7	Can delete permission	3	delete_permission
8	Can view permission	3	view_permission
9	Can add group	2	add_group
10	Can change group	2	change_group
11	Can delete group	2	delete_group
12	Can view group	2	view_group
13	Can add content type	4	add_contenttype
14	Can change content type	4	change_contenttype
15	Can delete content type	4	delete_contenttype
16	Can view content type	4	view_contenttype
17	Can add session	5	add_session
18	Can change session	5	change_session
19	Can delete session	5	delete_session
20	Can view session	5	view_session
21	Can add user	21	add_user
22	Can change user	21	change_user
23	Can delete user	21	delete_user
24	Can view user	21	view_user
25	Can add teacher	18	add_teacher
26	Can change teacher	18	change_teacher
27	Can delete teacher	18	delete_teacher
28	Can view teacher	18	view_teacher
29	Can add class	9	add_class
30	Can change class	9	change_class
31	Can delete class	9	delete_class
32	Can view class	9	view_class
33	Can add student	15	add_student
34	Can change student	15	change_student
35	Can delete student	15	delete_student
36	Can view student	15	view_student
37	Can add parent	12	add_parent
38	Can change parent	12	change_parent
39	Can delete parent	12	delete_parent
40	Can view parent	12	view_parent
41	Can add subject	17	add_subject
42	Can change subject	17	change_subject
43	Can delete subject	17	delete_subject
44	Can view subject	17	view_subject
45	Can add ai agent	6	add_aiagent
46	Can change ai agent	6	change_aiagent
47	Can delete ai agent	6	delete_aiagent
48	Can view ai agent	6	view_aiagent
49	Can add lessoncontent	11	add_lessoncontent
50	Can change lessoncontent	11	change_lessoncontent
51	Can delete lessoncontent	11	delete_lessoncontent
52	Can view lessoncontent	11	view_lessoncontent
53	Can add learningsession	10	add_learningsession
54	Can change learningsession	10	change_learningsession
55	Can delete learningsession	10	delete_learningsession
56	Can view learningsession	10	view_learningsession
57	Can add attentionlog	8	add_attentionlog
58	Can change attentionlog	8	change_attentionlog
59	Can delete attentionlog	8	delete_attentionlog
60	Can view attentionlog	8	view_attentionlog
61	Can add ai interaction	7	add_aiinteraction
62	Can change ai interaction	7	change_aiinteraction
63	Can delete ai interaction	7	delete_aiinteraction
64	Can view ai interaction	7	view_aiinteraction
65	Can add test	19	add_test
66	Can change test	19	change_test
67	Can delete test	19	delete_test
68	Can view test	19	view_test
69	Can add question	14	add_question
70	Can change question	14	change_question
71	Can delete question	14	delete_question
72	Can view question	14	view_question
73	Can add testattempt	20	add_testattempt
74	Can change testattempt	20	change_testattempt
75	Can delete testattempt	20	delete_testattempt
76	Can view testattempt	20	view_testattempt
77	Can add studentanswer	16	add_studentanswer
78	Can change studentanswer	16	change_studentanswer
79	Can delete studentanswer	16	delete_studentanswer
80	Can view studentanswer	16	view_studentanswer
81	Can add performancereport	13	add_performancereport
82	Can change performancereport	13	change_performancereport
83	Can delete performancereport	13	delete_performancereport
84	Can view performancereport	13	view_performancereport
85	Can add conversation	22	add_conversation
86	Can change conversation	22	change_conversation
87	Can delete conversation	22	delete_conversation
88	Can view conversation	22	view_conversation
89	Can add message	23	add_message
90	Can change message	23	change_message
91	Can delete message	23	delete_message
92	Can view message	23	view_message
93	Can add notification	24	add_notification
94	Can change notification	24	change_notification
95	Can delete notification	24	delete_notification
96	Can view notification	24	view_notification
97	Can add schedule entry	25	add_scheduleentry
98	Can change schedule entry	25	change_scheduleentry
99	Can delete schedule entry	25	delete_scheduleentry
100	Can view schedule entry	25	view_scheduleentry
101	Can add activity grade	26	add_activitygrade
102	Can change activity grade	26	change_activitygrade
103	Can delete activity grade	26	delete_activitygrade
104	Can view activity grade	26	view_activitygrade
105	Can add grade override	27	add_gradeoverride
106	Can change grade override	27	change_gradeoverride
107	Can delete grade override	27	delete_gradeoverride
108	Can view grade override	27	view_gradeoverride
109	Can add lesson watch record	28	add_lessonwatchrecord
110	Can change lesson watch record	28	change_lessonwatchrecord
111	Can delete lesson watch record	28	delete_lessonwatchrecord
112	Can view lesson watch record	28	view_lessonwatchrecord
113	Can add lesson checkpoint	29	add_lessoncheckpoint
114	Can change lesson checkpoint	29	change_lessoncheckpoint
115	Can delete lesson checkpoint	29	delete_lessoncheckpoint
116	Can view lesson checkpoint	29	view_lessoncheckpoint
117	Can add student checkpoint response	30	add_studentcheckpointresponse
118	Can change student checkpoint response	30	change_studentcheckpointresponse
119	Can delete student checkpoint response	30	delete_studentcheckpointresponse
120	Can view student checkpoint response	30	view_studentcheckpointresponse
121	Can add checkpoint	31	add_checkpoint
122	Can change checkpoint	31	change_checkpoint
123	Can delete checkpoint	31	delete_checkpoint
124	Can view checkpoint	31	view_checkpoint
125	Can add student checkpoint answer	32	add_studentcheckpointanswer
126	Can change student checkpoint answer	32	change_studentcheckpointanswer
127	Can delete student checkpoint answer	32	delete_studentcheckpointanswer
128	Can view student checkpoint answer	32	view_studentcheckpointanswer
129	Can add learning state	33	add_learningstate
130	Can change learning state	33	change_learningstate
131	Can delete learning state	33	delete_learningstate
132	Can view learning state	33	view_learningstate
133	Can add learning state snapshot	34	add_learningstatesnapshot
134	Can change learning state snapshot	34	change_learningstatesnapshot
135	Can delete learning state snapshot	34	delete_learningstatesnapshot
136	Can view learning state snapshot	34	view_learningstatesnapshot
137	Can add جلسة معايرة	35	add_calibrationsession
138	Can change جلسة معايرة	35	change_calibrationsession
139	Can delete جلسة معايرة	35	delete_calibrationsession
140	Can view جلسة معايرة	35	view_calibrationsession
141	Can add النموذج السلوكي الشخصي	36	add_behavioralbaseline
142	Can change النموذج السلوكي الشخصي	36	change_behavioralbaseline
143	Can delete النموذج السلوكي الشخصي	36	delete_behavioralbaseline
144	Can view النموذج السلوكي الشخصي	36	view_behavioralbaseline
145	Can add CPTLS State Snapshot	37	add_cptlsstatesnapshot
146	Can change CPTLS State Snapshot	37	change_cptlsstatesnapshot
147	Can delete CPTLS State Snapshot	37	delete_cptlsstatesnapshot
148	Can view CPTLS State Snapshot	37	view_cptlsstatesnapshot
149	Can add CPTLS Baseline	38	add_cptlsbaseline
150	Can change CPTLS Baseline	38	change_cptlsbaseline
151	Can delete CPTLS Baseline	38	delete_cptlsbaseline
152	Can view CPTLS Baseline	38	view_cptlsbaseline
153	Can add CPTLS Session	39	add_cptlssession
154	Can change CPTLS Session	39	change_cptlssession
155	Can delete CPTLS Session	39	delete_cptlssession
156	Can view CPTLS Session	39	view_cptlssession
157	Can add CPTLS Calibration Sample	40	add_cptlscalibrationsample
158	Can change CPTLS Calibration Sample	40	change_cptlscalibrationsample
159	Can delete CPTLS Calibration Sample	40	delete_cptlscalibrationsample
160	Can view CPTLS Calibration Sample	40	view_cptlscalibrationsample
161	Can add جلسة تعليمية	41	add_learningsession
162	Can change جلسة تعليمية	41	change_learningsession
163	Can delete جلسة تعليمية	41	delete_learningsession
164	Can view جلسة تعليمية	41	view_learningsession
165	Can add مؤشر التشتت المركب	42	add_adaptivedisengagementscore
166	Can change مؤشر التشتت المركب	42	change_adaptivedisengagementscore
167	Can delete مؤشر التشتت المركب	42	delete_adaptivedisengagementscore
168	Can view مؤشر التشتت المركب	42	view_adaptivedisengagementscore
169	Can add بيانات جلسة المعايرة	43	add_baselinesessiondata
170	Can change بيانات جلسة المعايرة	43	change_baselinesessiondata
171	Can delete بيانات جلسة المعايرة	43	delete_baselinesessiondata
172	Can view بيانات جلسة المعايرة	43	view_baselinesessiondata
173	Can add المعايرة السلوكية	44	add_behavioralbaseline
174	Can change المعايرة السلوكية	44	change_behavioralbaseline
175	Can delete المعايرة السلوكية	44	delete_behavioralbaseline
176	Can view المعايرة السلوكية	44	view_behavioralbaseline
177	Can add student teacher assignment	45	add_studentteacherassignment
178	Can change student teacher assignment	45	change_studentteacherassignment
179	Can delete student teacher assignment	45	delete_studentteacherassignment
180	Can view student teacher assignment	45	view_studentteacherassignment
181	Can add vr lesson	46	add_vrlesson
182	Can change vr lesson	46	change_vrlesson
183	Can delete vr lesson	46	delete_vrlesson
184	Can view vr lesson	46	view_vrlesson
185	Can add student vr interaction	47	add_studentvrinteraction
186	Can change student vr interaction	47	change_studentvrinteraction
187	Can delete student vr interaction	47	delete_studentvrinteraction
188	Can view student vr interaction	47	view_studentvrinteraction
\.


--
-- Data for Name: django_admin_log; Type: TABLE DATA; Schema: public; Owner: postgres
--

COPY public.django_admin_log (id, action_time, object_id, object_repr, action_flag, change_message, content_type_id, user_id) FROM stdin;
1	2026-02-09 19:21:15.740585+03	1	الصف الخامس	1	[{"added": {}}]	9	1
2	2026-02-10 21:18:39.341665+03	1	AiAgent object (1)	1	[{"added": {}}]	6	1
3	2026-02-10 21:42:01.49548+03	1	AiAgent object (1)	2	[]	6	1
4	2026-02-10 22:36:15.473316+03	1	Subject object (1)	1	[{"added": {}}]	17	1
5	2026-02-10 23:37:33.630544+03	3	sara_hroub	3		21	1
6	2026-02-12 18:28:51.14794+03	7	a.ali	3		21	1
7	2026-02-13 20:09:44.7749+03	1	Teacher: sara omar	2	[{"changed": {"fields": ["Assigned classes"]}}]	18	1
8	2026-02-13 20:15:53.966866+03	1	Teacher: sara omar	2	[]	18	1
9	2026-02-14 00:16:14.405676+03	1	Lessoncontent object (1)	3		11	1
10	2026-02-14 00:16:22.85641+03	2	Lessoncontent object (2)	3		11	1
11	2026-02-14 00:16:39.771595+03	8	Lessoncontent object (8)	3		11	1
12	2026-02-14 00:16:39.771666+03	7	Lessoncontent object (7)	3		11	1
13	2026-02-14 00:16:39.77171+03	6	Lessoncontent object (6)	3		11	1
14	2026-02-14 00:16:39.771746+03	5	Lessoncontent object (5)	3		11	1
15	2026-02-14 00:16:39.771781+03	4	Lessoncontent object (4)	3		11	1
16	2026-02-14 00:16:39.771816+03	3	Lessoncontent object (3)	3		11	1
17	2026-02-14 16:22:24.487526+03	30	Lessoncontent object (30)	3		11	1
18	2026-02-14 16:22:24.487526+03	29	Lessoncontent object (29)	3		11	1
19	2026-02-14 16:22:24.487526+03	28	Lessoncontent object (28)	3		11	1
20	2026-02-14 16:22:24.488556+03	27	Lessoncontent object (27)	3		11	1
21	2026-02-14 16:22:24.488556+03	26	Lessoncontent object (26)	3		11	1
22	2026-02-14 16:22:24.488556+03	25	Lessoncontent object (25)	3		11	1
23	2026-02-14 16:22:24.488556+03	24	Lessoncontent object (24)	3		11	1
24	2026-02-14 16:22:24.488556+03	23	Lessoncontent object (23)	3		11	1
25	2026-02-14 16:22:24.488556+03	22	Lessoncontent object (22)	3		11	1
26	2026-02-14 16:22:24.488556+03	21	Lessoncontent object (21)	3		11	1
27	2026-02-14 16:22:24.488556+03	20	Lessoncontent object (20)	3		11	1
28	2026-02-14 16:22:24.488556+03	19	Lessoncontent object (19)	3		11	1
29	2026-02-14 16:22:24.488556+03	18	Lessoncontent object (18)	3		11	1
30	2026-02-14 16:22:24.488556+03	17	Lessoncontent object (17)	3		11	1
31	2026-02-14 16:22:24.488556+03	16	Lessoncontent object (16)	3		11	1
32	2026-02-14 16:22:24.488556+03	15	Lessoncontent object (15)	3		11	1
33	2026-02-14 16:22:24.488556+03	14	Lessoncontent object (14)	3		11	1
34	2026-02-14 16:22:24.488556+03	13	Lessoncontent object (13)	3		11	1
35	2026-02-14 16:22:24.488556+03	12	Lessoncontent object (12)	3		11	1
36	2026-02-14 16:22:24.488556+03	11	Lessoncontent object (11)	3		11	1
37	2026-02-14 16:22:24.488556+03	10	Lessoncontent object (10)	3		11	1
38	2026-02-14 16:22:24.488556+03	9	Lessoncontent object (9)	3		11	1
39	2026-02-14 16:23:35.967719+03	1	AiAgent object (1)	2	[{"changed": {"fields": ["Api key"]}}]	6	1
40	2026-02-14 16:25:54.2265+03	1	AiAgent object (1)	2	[{"changed": {"fields": ["Api key"]}}]	6	1
41	2026-02-20 19:53:52.751059+03	47	Lessoncontent object (47)	3		11	1
42	2026-02-20 19:53:52.751059+03	46	Lessoncontent object (46)	3		11	1
43	2026-02-20 19:53:52.751059+03	45	Lessoncontent object (45)	3		11	1
44	2026-02-20 19:53:52.751059+03	44	Lessoncontent object (44)	3		11	1
45	2026-02-20 19:53:52.751059+03	43	Lessoncontent object (43)	3		11	1
46	2026-02-20 19:53:52.751059+03	42	Lessoncontent object (42)	3		11	1
47	2026-02-20 19:53:52.751059+03	41	Lessoncontent object (41)	3		11	1
48	2026-02-20 19:53:52.751059+03	40	Lessoncontent object (40)	3		11	1
49	2026-02-20 19:53:52.751059+03	39	Lessoncontent object (39)	3		11	1
50	2026-02-20 19:53:52.751059+03	38	Lessoncontent object (38)	3		11	1
51	2026-02-20 19:53:52.751059+03	37	Lessoncontent object (37)	3		11	1
52	2026-02-20 19:53:52.751059+03	36	Lessoncontent object (36)	3		11	1
53	2026-02-20 19:53:52.751059+03	35	Lessoncontent object (35)	3		11	1
54	2026-02-20 19:53:52.751059+03	34	Lessoncontent object (34)	3		11	1
55	2026-02-20 19:53:52.751059+03	33	Lessoncontent object (33)	3		11	1
56	2026-02-20 19:53:52.75927+03	32	Lessoncontent object (32)	3		11	1
57	2026-02-20 19:53:52.75927+03	31	Lessoncontent object (31)	3		11	1
58	2026-03-06 22:18:43.150702+03	2	Teacher: I am test teacher	3		18	1
59	2026-03-18 00:42:35.221125+03	1	Teacher: sara omar	2	[{"changed": {"fields": ["Specialization"]}}]	18	1
60	2026-03-19 00:03:56.378404+03	4	Teacher: I am test teacher	3		18	1
61	2026-03-19 00:04:17.954486+03	5	Teacher: I am test teacher	3		18	1
62	2026-03-19 00:04:38.155396+03	13	test_teacher	3		21	1
63	2026-03-19 00:04:57.555402+03	9	teacher2026	2	[]	21	1
64	2026-04-03 11:54:18.351701+03	1	AiAgent object (1)	2	[{"changed": {"fields": ["Api key"]}}]	6	1
65	2026-04-03 16:45:25.482326+03	1	AiAgent object (1)	2	[{"changed": {"fields": ["Version"]}}]	6	1
66	2026-04-05 16:32:48.942379+03	1	AiAgent object (1)	2	[{"changed": {"fields": ["Version"]}}]	6	1
67	2026-04-05 16:35:11.24919+03	1	AiAgent object (1)	2	[]	6	1
68	2026-04-05 17:02:59.148393+03	1	AiAgent object (1)	2	[{"changed": {"fields": ["Version"]}}]	6	1
69	2026-04-05 17:31:11.424681+03	1	AiAgent object (1)	2	[{"changed": {"fields": ["Version"]}}]	6	1
70	2026-04-05 19:41:06.915354+03	1	AiAgent object (1)	2	[{"changed": {"fields": ["Api key"]}}]	6	1
71	2026-04-13 22:05:14.520588+03	14	manager	1	[{"added": {}}]	21	1
72	2026-04-13 22:13:46.913733+03	14	manager	2	[{"changed": {"fields": ["password"]}}]	21	1
73	2026-05-15 21:35:17.274166+03	4	ahmed ali	3		15	1
74	2026-05-15 21:35:29.269881+03	1	أحمد علي	3		15	1
75	2026-05-15 21:36:22.725448+03	6	نور علي طقاطقة	2	[{"changed": {"fields": ["\\u0627\\u0633\\u0645 \\u0627\\u0644\\u0645\\u062f\\u0631\\u0633\\u0629"]}}]	15	1
76	2026-05-31 10:41:30.585315+03	21	qais	2	[{"changed": {"fields": ["password"]}}]	21	1
77	2026-05-31 10:57:38.073304+03	21	qais	3		21	1
78	2026-05-31 12:10:32.614004+03	22	qais	2	[{"changed": {"fields": ["Fullname"]}}]	21	1
79	2026-05-31 14:56:39.448329+03	23	omar	2	[{"changed": {"fields": ["Fullname"]}}]	21	1
80	2026-06-03 00:29:01.123926+03	2	ahmed ali	2	[{"changed": {"fields": ["Classid"]}}]	15	1
113	2026-06-03 00:57:36.432974+03	2	ahmed ali	2	[{"changed": {"fields": ["Classid"]}}]	15	1
114	2026-06-05 01:36:15.641486+03	1	admin	2	[{"changed": {"fields": ["password"]}}]	21	1
115	2026-06-21 04:12:42.431322+03	2	Parent object (2)	2	[{"changed": {"fields": ["Gender"]}}]	12	1
\.


--
-- Data for Name: django_cache_table; Type: TABLE DATA; Schema: public; Owner: postgres
--

COPY public.django_cache_table (cache_key, value, expires) FROM stdin;
:1:login_attempts:24_42_72_83	gAWVFwAAAAAAAABdlChHQdp49heYjLNHQdp49hzfO9NlLg==	2026-04-18 22:21:04+03
:1:pwd_reset_sent:aaaaa_at_bbbb_com	gAWILg==	2026-06-22 14:12:56+03
:1:pwd_reset_sent:sara_o_hroub2020_at_gmail_com	gAWILg==	2026-07-22 10:45:16+03
\.


--
-- Data for Name: django_content_type; Type: TABLE DATA; Schema: public; Owner: postgres
--

COPY public.django_content_type (id, app_label, model) FROM stdin;
1	admin	logentry
2	auth	group
3	auth	permission
4	contenttypes	contenttype
5	sessions	session
6	learning	aiagent
7	learning	aiinteraction
8	learning	attentionlog
9	learning	class
10	learning	learningsession
11	learning	lessoncontent
12	learning	parent
13	learning	performancereport
14	learning	question
15	learning	student
16	learning	studentanswer
17	learning	subject
18	learning	teacher
19	learning	test
20	learning	testattempt
21	learning	user
22	accounts	conversation
23	accounts	message
24	accounts	notification
25	accounts	scheduleentry
26	accounts	activitygrade
27	accounts	gradeoverride
28	learning	lessonwatchrecord
29	learning	lessoncheckpoint
30	learning	studentcheckpointresponse
31	learning	checkpoint
32	learning	studentcheckpointanswer
33	learning	learningstate
34	learning	learningstatesnapshot
35	student_app	calibrationsession
36	student_app	behavioralbaseline
37	student_app	cptlsstatesnapshot
38	student_app	cptlsbaseline
39	student_app	cptlssession
40	student_app	cptlscalibrationsample
41	student_app	learningsession
42	student_app	adaptivedisengagementscore
43	parent_app	baselinesessiondata
44	parent_app	behavioralbaseline
45	learning	studentteacherassignment
46	learning	vrlesson
47	learning	studentvrinteraction
\.


--
-- Data for Name: django_migrations; Type: TABLE DATA; Schema: public; Owner: postgres
--

COPY public.django_migrations (id, app, name, applied) FROM stdin;
1	contenttypes	0001_initial	2026-02-09 18:40:47.03548+03
2	contenttypes	0002_remove_content_type_name	2026-02-09 18:40:47.042466+03
3	auth	0001_initial	2026-02-09 18:40:47.092762+03
4	auth	0002_alter_permission_name_max_length	2026-02-09 18:40:47.100951+03
5	auth	0003_alter_user_email_max_length	2026-02-09 18:40:47.10499+03
6	auth	0004_alter_user_username_opts	2026-02-09 18:40:47.108165+03
7	auth	0005_alter_user_last_login_null	2026-02-09 18:40:47.111618+03
8	auth	0006_require_contenttypes_0002	2026-02-09 18:40:47.112881+03
9	auth	0007_alter_validators_add_error_messages	2026-02-09 18:40:47.118304+03
10	auth	0008_alter_user_username_max_length	2026-02-09 18:40:47.124497+03
11	auth	0009_alter_user_last_name_max_length	2026-02-09 18:40:47.127677+03
12	auth	0010_alter_group_name_max_length	2026-02-09 18:40:47.134477+03
13	auth	0011_update_proxy_permissions	2026-02-09 18:40:47.139427+03
14	auth	0012_alter_user_first_name_max_length	2026-02-09 18:40:47.143561+03
15	learning	0001_initial	2026-02-09 18:40:47.472234+03
16	admin	0001_initial	2026-02-09 18:40:47.50697+03
17	admin	0002_logentry_remove_auto_add	2026-02-09 18:40:47.512803+03
18	admin	0003_logentry_add_action_flag_choices	2026-02-09 18:40:47.519801+03
19	learning	0002_alter_user_identitynumber_alter_user_userrole	2026-02-09 18:40:47.531647+03
20	sessions	0001_initial	2026-02-09 18:40:47.541171+03
21	learning	0002_lessoncontent_lessontitle_alter_aiagent_agenttype_and_more	2026-02-10 21:41:20.331319+03
22	learning	0003_teacher_assigned_classes	2026-02-13 19:04:08.019315+03
23	learning	0004_alter_lessoncontent_ai_audiopath_and_more	2026-02-13 22:23:58.055506+03
24	learning	0005_lessoncontent_ai_videopath_student_chat_api_key_and_more	2026-02-14 22:22:45.570114+03
25	learning	0006_alter_lessoncontent_ai_visualpath	2026-02-14 23:17:57.776095+03
26	learning	0007_alter_lessoncontent_ai_visualpath	2026-02-14 23:17:57.784813+03
27	learning	0008_alter_user_userrole	2026-02-15 00:05:50.150349+03
28	learning	0009_alter_user_identitynumber	2026-02-15 00:26:53.331283+03
29	learning	0002_add_performance_indexes	2026-03-06 18:41:13.636816+03
30	learning	0010_alter_user_userrole_and_more	2026-03-06 21:11:47.837648+03
31	learning	0011_user_avatar_user_bio_alter_aiagent_systeminstruction_and_more	2026-03-07 18:18:39.406729+03
32	accounts	0001_initial	2026-03-08 22:43:50.797131+03
33	accounts	0002_notification	2026-03-08 23:58:01.256865+03
34	accounts	0003_alter_notification_notif_type_scheduleentry	2026-03-09 15:14:27.039839+03
35	accounts	0004_alter_notification_notif_type_activitygrade_and_more	2026-03-11 00:25:14.98301+03
36	learning	0012_user_email_unique	2026-03-11 21:47:26.742455+03
37	learning	0013_encrypt_api_keys	2026-03-11 22:10:56.499157+03
38	accounts	0005_alter_notification_notif_type	2026-03-13 12:53:27.321377+03
39	learning	0014_teacher_directorate	2026-03-13 12:53:27.500531+03
40	learning	0015_alter_student_chat_api_key_alter_teacher_directorate_and_more	2026-03-13 12:53:27.639838+03
41	learning	0016_seed_grades	2026-03-13 13:40:31.648864+03
42	learning	0017_parent_gender	2026-03-13 17:58:27.810327+03
43	learning	0018_class_subject_academic_year	2026-03-17 23:26:44.210685+03
44	learning	0019_fix_academic_year_data	2026-03-17 23:39:52.507075+03
45	learning	0020_remove_class_academic_year_and_more	2026-03-17 23:40:45.27606+03
46	accounts	0001_schedule_online_link	2026-03-19 21:48:09.506402+03
47	accounts	0006_merge_20260319_2147	2026-03-19 21:48:09.509706+03
48	accounts	0007_alter_scheduleentry_online_link	2026-03-19 21:49:01.389153+03
49	learning	0021_alter_question_correctanswer_alter_question_optiona_and_more	2026-03-20 21:37:21.395037+03
50	learning	0022_lessoncontent_difficulty_level_and_more	2026-03-21 19:18:46.229424+03
51	learning	0023_studentanswer_selectedoption_300	2026-03-21 23:47:15.285607+03
52	accounts	0008_remove_scheduleentry_online_link_and_more	2026-03-21 23:47:30.797476+03
53	learning	0024_alter_studentanswer_selectedoption	2026-03-21 23:47:30.829948+03
54	accounts	0009_scheduleentry_online_link	2026-03-23 17:53:10.405923+03
55	learning	0025_lessoncontent_simplified_content	2026-04-05 19:29:26.793095+03
56	learning	0026_student_area_student_directorate	2026-04-07 20:27:35.677511+03
57	learning	0027_remove_student_area_student_address	2026-04-09 00:02:55.807762+03
58	learning	0028_learningsession_is_watched_lessonwatchrecord	2026-04-12 15:12:29.056352+03
59	learning	0029_lessoncontent_content_updated_at	2026-04-13 15:57:31.343892+03
60	learning	0030_alter_user_userrole	2026-04-13 16:37:42.91257+03
61	learning	0031_alter_teacher_daily_lesson_limit	2026-04-16 12:36:35.811512+03
62	learning	0032_student_school_name	2026-04-18 11:49:06.080613+03
63	learning	0033_alter_test_lessonid	2026-04-20 10:04:02.190843+03
64	learning	0034_test_subjectid	2026-04-20 11:20:08.822418+03
65	learning	0035_lessoncontent_video_fields	2026-05-17 07:38:18.480052+03
66	learning	0036_lessoncontent_video_published	2026-05-17 08:15:04.296816+03
67	learning	0036_lessoncheckpoint_studentcheckpointresponse_and_more	2026-05-21 18:44:57.737446+03
69	learning	0036_checkpoint_studentcheckpointanswer_and_more	2026-05-21 19:44:24.298924+03
70	learning	0037_studentcheckpointanswer_response_time	2026-05-21 22:03:46.721459+03
71	learning	0038_checkpoint_display_type	2026-05-22 18:45:00.492935+03
72	learning	0039_learningstate_learningstatesnapshot_and_more	2026-05-22 19:18:45.984985+03
73	student_app	0001_initial	2026-05-23 18:16:22.445846+03
74	student_app	0002_calibrationsession_custom_content	2026-05-23 18:59:14.122675+03
75	student_app	0003_remove_calibrationsession_custom_content_and_more	2026-05-23 19:28:05.04234+03
76	learning	0040_checkpoint_display_type	2026-05-23 23:37:01.900303+03
77	student_app	0004_cptlsbaseline_cptlscalibrationsample_cptlssession_and_more	2026-05-24 15:16:20.153306+03
78	learning	0041_checkpoint_video_timestamp_percentage_and_more	2026-05-24 16:55:25.181521+03
79	student_app	0005_behavioralbaseline_ear_mad_and_more	2026-05-24 19:06:06.876627+03
80	student_app	0004_add_probabilistic_fields	2026-05-25 14:19:07.361172+03
81	student_app	0005_add_disengagement_fields	2026-05-25 14:19:56.206117+03
82	student_app	0006_add_ear_threshold_k	2026-05-25 15:16:06.296163+03
83	student_app	0007_add_learning_session	2026-05-25 17:28:28.547213+03
84	student_app	0008_create_adaptive_disengagement_score	2026-05-25 17:31:02.493743+03
85	student_app	0009_cptlsbaseline_cptlscalibrationsample_cptlssession_and_more	2026-05-25 20:59:21.450692+03
86	parent_app	0001_initial	2026-05-27 21:06:38.458667+03
87	student_app	0004_behavioralbaseline_ear_mad_and_more	2026-05-30 12:33:11.940835+03
88	student_app	0005_auto_20260531_1550	2026-05-31 15:52:59.253613+03
89	student_app	0005_behavioralbaseline_blink_rate_mad_and_more	2026-05-31 16:07:51.640643+03
90	learning	0041_studentteacherassignment	2026-05-31 17:25:56.391172+03
91	learning	0042_alter_studentteacherassignment_unique_together_and_more	2026-05-31 17:41:34.603873+03
92	learning	0043_alter_studentteacherassignment_unique_together_and_more	2026-05-31 18:27:46.435136+03
93	learning	0044_student_gemini_api_key_teacher_daily_gemini_limit_and_more	2026-06-05 00:17:20.193897+03
94	learning	0045_alter_teacher_daily_gemini_limit	2026-06-05 00:17:20.242686+03
95	learning	0046_alter_teacher_daily_gemini_limit	2026-06-05 00:24:24.694496+03
96	learning	0047_lessoncontent_video_published_and_more	2026-06-10 17:22:59.757308+03
97	learning	0048_vrlesson	2026-07-02 23:35:05.278647+03
98	learning	0049_lessoncontent_video_published_vrlesson_vr_attachment_and_more	2026-07-03 19:36:45.564415+03
99	learning	0050_lessoncontent_video_published_alter_vrlesson_vr_url	2026-07-03 21:55:45.860305+03
100	learning	0051_lessoncontent_video_published_studentvrinteraction	2026-07-04 12:52:06.969999+03
101	learning	0052_lessoncontent_video_published	2026-07-24 19:43:15.606057+03
\.


--
-- Data for Name: django_session; Type: TABLE DATA; Schema: public; Owner: postgres
--

COPY public.django_session (session_key, session_data, expire_date) FROM stdin;
j0cde7fz02ogpgbk3falcj1lwvjb3vhv	.eJxVjEEOwiAURO_C2hCgIPwu3XsGwodfixowpU00xrvbJl1oZjfz5r2ZD8s8-qXR5HNiPZPs8NthiDcq25CuoVwqj7XMU0a-IXxfGz_XRPfTzv4JxtDG9X0kZ-3gpCONltABCClSigR2jQKFg9OiSxpRys6CUcqA0IpMAEQXNmmj1nItnp6PPL1YLz5faeM-cg:1wPiYD:MWCMcdQIz2Cn0VJj1YOklr1hEsDtIsGQ5s03qihwGEA	2026-05-20 21:09:37.579394+03
eo3tnqtimqve74jzmrrdqabccetmr86y	.eJyrVipLLcpMy0xOLMnMz4tPzU3MzFGyUqrMLy1OTTNEAg7pICm95PxcpVoA-ocRww:1wXKvd:jCnoqE74RXANgrLcuQJnZrFl3ZrGUpOR77eNBQ-8wz0	2026-06-10 21:33:17.493879+03
ubbadzbwpddlmwm9ewbog8slyvu991yl	eyJ2ZXJpZmljYXRpb25fZW1haWwiOiJzYXJhLjA5QGdtYWlsLmNvbSJ9:1wXKPy:LmCB8i8Ow9HmJ2-pnS0FtXUAU7lLatJHPLwV4Tda7z4	2026-06-10 21:00:34.997527+03
u8tca73n9f86ap7xoisq4llxionzzggv	.eJxVjEEOwiAQAP_C2RDYACsevfsGsstSqRqalPZk_Lsh6UGvM5N5q0T7VtPey5pmURdlvTr9Qqb8LG0YeVC7LzovbVtn1iPRh-36tkh5XY_2b1Cp1_EldNaZYEEQ0GQBJgZrcwAXz144OI_T5MmHHBjQxVhMjsaAAAob9fkC4Rc3MQ:1wGXLc:XvDwJCn2vLcu22TKMcglTDuDgZcirppeW6MobLh92YY	2026-04-25 13:22:40.610185+03
roqdwbzk3pdya4aaemiviuhz2n68lcn1	.eJxVjEEOwiAQRe_C2hAYYASX7nsGMgMoVUOT0q6Md7dNutDte-__t4i0LjWuvcxxzOIiUJx-GVN6lraL_KB2n2Sa2jKPLPdEHrbLYcrldT3av4NKvW7rAM7p800bRWB90cAGneWUrFW6ICgoKTNkjZpswI2A94ZdsmwCYxafL7dyNv4:1wbKlq:Vv2FpN6SHilHEapYGdIQex-M4T8XIg7DzDaZ5N2Eqxo	2026-06-21 22:11:42.066225+03
69fqrr1ok1s6vqpa3fsui9legsldxd71	.eJxVjEEOwiAQRe_C2hAYYASX7nsGMgMoVUOT0q6Md7dNutDte-__t4i0LjWuvcxxzOIiUJx-GVN6lraL_KB2n2Sa2jKPLPdEHrbLYcrldT3av4NKvW7rAM7p800bRWB90cAGneWUrFW6ICgoKTNkjZpswI2A94ZdsmwCYxafL7dyNv4:1wbKqW:PKbR3wItNj4Kzj6UiPHjWBcXoxiVxovIFFKkBip03So	2026-06-21 22:16:32.528249+03
d6gbz2jws39x52mubmhbcm8khdfbt9uc	.eJxVjEEOwiAQRe_C2hDKQGm7dO8ZyDCDFjVgSptojHe3TbrQ7Xvv_7fwuMyjX2qcfGIxiFYcfllAusW8Cb5ivhRJJc9TCnJL5G6rPBWO9-Pe_h2MWMd1ja3WpoFzY4MDJGYVHWgHtCJDlnTvOtQ2tEFDz8o0BBw66AFQObS4ndZYayrZx-cjTS8xqM8Xbzo-lQ:1wDrmo:f-h8elq41zzpYHEo2PGqifHIkc_zUXQgVyapsXmaVbE	2026-04-18 04:35:42.263515+03
g9zhk4uj06ne81wghwsgglmmgu9wp5qq	.eJxVjEEOwiAQRe_C2hDKQGm7dO8ZyDCDFjVgSptojHe3TbrQ7Xvv_7fwuMyjX2qcfGIxiFYcfllAusW8Cb5ivhRJJc9TCnJL5G6rPBWO9-Pe_h2MWMd1ja3WpoFzY4MDJGYVHWgHtCJDlnTvOtQ2tEFDz8o0BBw66AFQObS4ndZYayrZx-cjTS8xqM8Xbzo-lQ:1wE6EO:JYpmtbTAxUhCb5HT3iLmXnF0i0pJ0CU9eqWgZdrrMh8	2026-04-18 20:01:08.154256+03
exvu4pq0m5n0zlwbknou5paj79ot1cpc	.eJxVjEEOwiAQRe_C2hDKQGm7dO8ZyDCDFjVgSptojHe3TbrQ7Xvv_7fwuMyjX2qcfGIxiFYcfllAusW8Cb5ivhRJJc9TCnJL5G6rPBWO9-Pe_h2MWMd1ja3WpoFzY4MDJGYVHWgHtCJDlnTvOtQ2tEFDz8o0BBw66AFQObS4ndZYayrZx-cjTS8xqM8Xbzo-lQ:1wNQvv:XgKgFRI6Qmtkqcb2Hem0gHT_i7DPZIX4YHUGE1yc5t4	2026-05-14 13:56:39.320312+03
9knpuetw43gmk56n1v2lw74hnn5750ih	.eJxVjMsKwjAQRf8lawmJebVduu83hJnMYKOSSNOCIv67FrrQ7T3nnpeIsC5TXBvPMZMYhBWH3w0hXblsgC5QzlWmWpY5o9wUudMmx0p8O-3uX2CCNn3fKjnHhikxObA6ke7BouvQWJ9sMsr5YAG1PnZGAaIjbwiC720X0IR-izZuLdcS-XHP81MM6v0Bm5I_BQ:1wEkSL:j2EDWtWfiDfVFUpbnUtGP2ciuJ389P7CqPHHFY697DQ	2026-04-20 14:58:13.110055+03
namgmabr6afhgg2cpuvzb6ak7qqmazd6	.eJxVjMsOwiAQRf-FtSEDHaHTpXu_gfC0qIGmtInG-O_apAvd3nPueTFj12U0a4uzyYENTLHD7-asv8WygXC15VK5r2WZs-Obwnfa-LmGeD_t7l9gtG38vh32iOA8AflEUpIGS-ilho6spOQsdCr0SgqNRwogkITyIuokUo_Kb9EWW8u1mPiY8vxkA7w_T1E9_w:1wQvH3:c7aCpkgw-WpQ4g0Ky-CTol17A2_pexYBd2YF0Ht2VeI	2026-05-24 04:56:53.115538+03
6m8ny748lfub4kssq5c0nzen8qt45ypp	.eJxVjMsOwiAQRf-FtSEwPGy7dO83EAZGixow0CYa47_bmi50e86598Wcn6fRzY2qS5ENzLLdL0MfrpRXES8-nwsPJU81IV8TvtnGjyXS7bC1fwejb-Oy7sEYuT9JJTzojiSgskZjCFoLSRYEUIgIUVrpdW8XAl2n0ASNqkf7PW3UWirZ0eOe6pMN4v0BTaA-Ow:1wT58O:TLZOYOw0i4KLho6DM5xObSj0oYBYi9XFqx10St19_nU	2026-05-30 03:52:52.46025+03
ba9jib3vagg76nw8fhu6osacbmvr2741	.eJxVjMsOwiAQRf-FtSEwPGy7dO83EAZGixow0CYa47_bmi50e86598Wcn6fRzY2qS5ENzLLdL0MfrpRXES8-nwsPJU81IV8TvtnGjyXS7bC1fwejb-Oy7sEYuT9JJTzojiSgskZjCFoLSRYEUIgIUVrpdW8XAl2n0ASNqkf7PW3UWirZ0eOe6pMN4v0BTaA-Ow:1wShiv:283VUDSenm1tvbUktrqrlxX9yfu-HFsRSYvz57ksens	2026-05-29 02:53:01.399356+03
ilgyyh92o3u8m8me6uxbd7fgn8mbzsri	e30:1wNu4G:-ODbdujvx0dkh3jIG054iuub7dz0jh6kgdbuMcZ-Gn8	2026-05-15 21:03:12.966776+03
4fx0owg1ujvl1ox2ju0zeyb16s4n2xgk	.eJxVjMEOwiAQBf-FsyGlSIEevfsNZGEXixow0CYa47_bJj3odWbeezMHyzy5pVF1CdnIBnb4ZR7CjfIm8Ar5Ungoea7J8y3hu238XJDup739O5igTevadEP0fTTRBGEEHr1Vug_SSq_ARgCklQJaJZAIgbQyotPak9TBKyO300atpZIdPR-pvtjYfb62FT_n:1wQWus:fHkYNC5LDAVMt-3MVVJa2Nvv1bQ7I0ZQLnip5rzqD3s	2026-05-23 02:56:22.409646+03
m1fl6pzx4lz3bpdoazzbz5wtkd2wwqwb	eyJfcGFzc3dvcmRfcmVzZXRfdG9rZW4iOiJkYzQ1dHEtOTUwOGVmZDliMDU4ZDVmNjBhZmIyMjQ1ZTY3NGQ1ZDEifQ:1wmSjG:4haZvMwvEqdlB8MnDM6L_gv1J3O_rYVNIvplJS-1RYw	2026-07-22 14:55:02.256448+03
n14zjdlb0pqa1wz48aja1r6cumai0ucl	.eJxVjMsKwjAQRf8lawmJebVduu83hJnMYKOSSNOCIv67FrrQ7T3nnpeIsC5TXBvPMZMYhBWH3w0hXblsgC5QzlWmWpY5o9wUudMmx0p8O-3uX2CCNn3fKjnHhikxObA6ke7BouvQWJ9sMsr5YAG1PnZGAaIjbwiC720X0IR-izZuLdcS-XHP81MM6v0Bm5I_BQ:1wEXtR:aBiPAZs7w7etVCYbMuGp89M3vip78ISd7r2Rwya3AeU	2026-04-20 01:33:21.602184+03
2juxngss3pllzkzchg59xcjred77d0dh	.eJxVjMsOwiAURP-FtSG8SmmX7v0GcoFbixpooE00xn-3JF3objJz5ryJhW2d7Vax2BjISDg5_XYO_B1TG8IN0jVTn9NaoqMNocda6SUHfJwP9k8wQ533NwxcGmQdlwCBIyqH3oQ9S22E1E5BxwAnAQ4GrXvvQLOJBSFFrxQq1qQVa405WXwusbzIyD5ftM4_qg:1wWwQd:kLtajk623deMGZ7-IVVo-ObFJyJufwK5dY3EfFZN72s	2026-06-09 19:23:39.826887+03
2ut79hbq3adv9rtn5rw4o3arwrn5ffss	.eJxVjEEOwiAURO_C2hCgIPwu3XsGwodfixowpU00xrvbJl1oZjfz5r2ZD8s8-qXR5HNiPZPs8NthiDcq25CuoVwqj7XMU0a-IXxfGz_XRPfTzv4JxtDG9X0kZ-3gpCONltABCClSigR2jQKFg9OiSxpRys6CUcqA0IpMAEQXNmmj1nItnp6PPL1YLz5faeM-cg:1wPjBt:W7RxpFRiB51Qn-bjH56Vu4leXdkinztckA2VGy6TtJ0	2026-05-20 21:50:37.132819+03
awjl40iltoocovjxi3k5hkhzpbqei7v5	.eJxVjEEOwiAURO_C2hCgIPwu3XsGwodfixowpU00xrvbJl1oZjfz5r2ZD8s8-qXR5HNiPZPs8NthiDcq25CuoVwqj7XMU0a-IXxfGz_XRPfTzv4JxtDG9X0kZ-3gpCONltABCClSigR2jQKFg9OiSxpRys6CUcqA0IpMAEQXNmmj1nItnp6PPL1YLz5faeM-cg:1wP3wT:WT_jxrX8sqJk5OgpIDB0FXujzmQbtVQWyydOycmyr-E	2026-05-19 01:47:57.394528+03
emm3boaqzp35c1pax8x6idtxe7inlza6	.eJxVjMsOwiAQRf-FtSEwPGy7dO83EAZGixow0CYa47_bmi50e86598Wcn6fRzY2qS5ENzLLdL0MfrpRXES8-nwsPJU81IV8TvtnGjyXS7bC1fwejb-Oy7sEYuT9JJTzojiSgskZjCFoLSRYEUIgIUVrpdW8XAl2n0ASNqkf7PW3UWirZ0eOe6pMN4v0BTaA-Ow:1wSLNN:qFO_eBVdYExgPiHi-AKwF9fGcoTk5Kf7FYpTdD7qXdk	2026-05-28 03:01:17.041484+03
xc2yn7kbuwn8tep2ommti7qtqg9orzqa	.eJxVjEEOwiAQRe_C2hDKQGm7dO8ZyDCDFjVgSptojHe3TbrQ7Xvv_7fwuMyjX2qcfGIxiFYcfllAusW8Cb5ivhRJJc9TCnJL5G6rPBWO9-Pe_h2MWMd1ja3WpoFzY4MDJGYVHWgHtCJDlnTvOtQ2tEFDz8o0BBw66AFQObS4ndZYayrZx-cjTS8xqM8Xbzo-lQ:1wNHRd:_FkJmbxME2Fo8Hi8IRL75nWwFUCmZH5cWKEjlHdY2vA	2026-05-14 03:48:45.127319+03
o30vviq0p4mk34jgi8n97l4cq1icwvzf	.eJxVjMEOwiAQBf-FsyGlsAV79O43kAUWQQ2Y0iYa47_bJj3o9c28eTOLy5zs0miyObCRKXb43Rz6G5UNhCuWS-W-lnnKjm8K32nj5xroftrdv0DClta3I-iVQgXdIDyGCKB1JIpS91KA93GQA5CQK0YD4EgHYSJJQ0FDh8ct2qi1XIul5yNPLzZ2ny-LPz8Y:1waFFG:7VStOfTJIqxFFEq3JDhl8CHdHQ5MKUEAQaShSW265N4	2026-06-18 22:05:34.094416+03
hv1woplqpsjnm4orhm2he6plgw6banut	.eJxVjDsOwjAQBe_iGln-O6akzxms9a6NA8iR4qRC3J1ESgHtm5n3ZhG2tcat5yVOxK5Menb5HRPgM7eD0APafeY4t3WZEj8UftLOx5ny63a6fwcVet3rELwRARG91MVkm6wGjcEZU5xSghINCjyBSjqTLITBCkOkdkUIN0j2-QIHvjgG:1wOyVk:zZJ3NA92329RXRY0JBVs3XSsjw6q6itIxtT3XBWlTwM	2026-05-18 20:00:00.397682+03
e0wared26aq1yhfk2avnqpxeqa761cva	.eJxVjMsOwiAQRf-FtSEwPGy7dO83EAZGixow0CYa47_bmi50e86598Wcn6fRzY2qS5ENzLLdL0MfrpRXES8-nwsPJU81IV8TvtnGjyXS7bC1fwejb-Oy7sEYuT9JJTzojiSgskZjCFoLSRYEUIgIUVrpdW8XAl2n0ASNqkf7PW3UWirZ0eOe6pMN4v0BTaA-Ow:1wTFBM:j50KL96xqdopJoPUmZ_S5sGm87Xia18IeO-EJ7EcBK4	2026-05-30 14:36:36.113511+03
rushdq300yjbdgbe0t7mcqii9hib7dfz	.eJxVjMsOwiAQRf-FtSEwPGy7dO83EAZGixow0CYa47_bmi50e86598Wcn6fRzY2qS5ENzLLdL0MfrpRXES8-nwsPJU81IV8TvtnGjyXS7bC1fwejb-Oy7sEYuT9JJTzojiSgskZjCFoLSRYEUIgIUVrpdW8XAl2n0ASNqkf7PW3UWirZ0eOe6pMN4v0BTaA-Ow:1wdCbm:9s2nPbwKMr51UJyMstiB7P_8IcJRdurgiBdqSk37Mxo	2026-06-27 01:53:02.179362+03
gva17b4l4g9xn73u2atd3dt2wf7j176l	.eJxVjMsOwiAQRf-FtSE8Bmm7dO83EBgGixpoSptojP-uTbrQ7T3nnhdzfl1GtzaaXY5sYEqxw-8YPN6obCRefblUjrUscw58U_hOGz_XSPfT7v4FRt_G79tqqQAlqIgUO9150EqCOAqjUVgDvaYUekIIMiUFyVgfBQbore6kMnKLNmot1-LoMeX5yQbx_gB_Rz5y:1wX4i8:Cy9mLpM7FE79gYdWbRmtWuELjDIdykZXYfTal1NY5Cc	2026-06-10 04:14:16.31013+03
qla4i1x851sj35lrchhlovtuh8iw2czi	.eJxVjMEOwiAQBf-FsyGlsAV79O43kAUWQQ2Y0iYa47_bJj3o9c28eTOLy5zs0miyObCRKXb43Rz6G5UNhCuWS-W-lnnKjm8K32nj5xroftrdv0DClta3I-iVQgXdIDyGCKB1JIpS91KA93GQA5CQK0YD4EgHYSJJQ0FDh8ct2qi1XIul5yNPLzZ2ny-LPz8Y:1wg1oN:TRMbu_mbfc4TKKZHQIMPsLgXinVG0nYBQhxzfq6Z1QY	2026-07-04 20:57:43.251497+03
0xda0tu6vfcsenmu6rgqwhxaznx883fi	.eJxVjMsOwiAQRf-FtSE8Bmm7dO83EBgGixpoSptojP-uTbrQ7T3nnhdzfl1GtzaaXY5sYEqxw-8YPN6obCRefblUjrUscw58U_hOGz_XSPfT7v4FRt_G79tqqQAlqIgUO9150EqCOAqjUVgDvaYUekIIMiUFyVgfBQbore6kMnKLNmot1-LoMeX5yQbx_gB_Rz5y:1wUYxo:EXGYgadP1COycquhAKW67RY2FiOaHh0t1lxoHiuuPeA	2026-06-03 05:56:04.52986+03
l7tqs86v34wlos0xwsq4ox4cj8i0d2zk	.eJxVjMsOwiAQRf-FtSEwPGy7dO83EAZGixow0CYa47_bmi50e86598Wcn6fRzY2qS5ENzLLdL0MfrpRXES8-nwsPJU81IV8TvtnGjyXS7bC1fwejb-Oy7sEYuT9JJTzojiSgskZjCFoLSRYEUIgIUVrpdW8XAl2n0ASNqkf7PW3UWirZ0eOe6pMN4v0BTaA-Ow:1wbAC7:PUxrbXGijphJGsygyS8W04U48V4YZnH3x6JIrlPE_Pw	2026-06-21 10:54:07.100939+03
oa6cxy4gko5yjnrpyym375iuu00570li	.eJxVjMsOwiAURP-FtSG8SmmX7v0GcoFbixpooE00xn-3JF3objJz5ryJhW2d7Vax2BjISDg5_XYO_B1TG8IN0jVTn9NaoqMNocda6SUHfJwP9k8wQ533NwxcGmQdlwCBIyqH3oQ9S22E1E5BxwAnAQ4GrXvvQLOJBSFFrxQq1qQVa405WXwusbzIyD5ftM4_qg:1wWxdC:Ju_0Utr2Hy7jdzUZ-KiMxfaezUKYkN7t5Ptweq9_Tqw	2026-06-09 20:40:42.011536+03
bas26cnf4a9mpvcgz7p6rtv8nyqzqgn8	.eJxVjEEOwiAQRe_C2hCgU0q7dO8ZCDOMFjVgSptojHc3JF3o9r_331v4sK2z3yovPkUxCaPE4XfEQDfOjcRryJciqeR1SSibInda5alEvh939y8whzq3N1genVOAPVtmMEgd6xEJXRxtVKDpbK1RaHTXU0eDGnBwGgJwtKaHFq1cayrZ8_ORlpeY1OcLs20_Dw:1wUr5e:_cFrvvbZVwqtKikQoOTjLG2sAgOjKRtBH94Pi6xKASI	2026-06-04 01:17:22.767776+03
01yn122isv088z7vxexydzcsr0xprntk	.eJxVjMEOwiAQBf-FsyGlsAV79O43kAUWQQ2Y0iYa47_bJj3o9c28eTOLy5zs0miyObCRKXb43Rz6G5UNhCuWS-W-lnnKjm8K32nj5xroftrdv0DClta3I-iVQgXdIDyGCKB1JIpS91KA93GQA5CQK0YD4EgHYSJJQ0FDh8ct2qi1XIul5yNPLzZ2ny-LPz8Y:1wfPcm:Vw3poskjfM1azhI9oA9VxoMYi2KwJ58kodi78cSBCoU	2026-07-03 04:11:12.187194+03
jcekns6nvm3nkudbc4bp1r7dpnkoo9l3	.eJxVjMsOwiAQRf-FtSEMfQBduvcbyJSZWtSAgTbRGP9dm3Sh23vOPS_hcV1mv1YuPpIYBFhx-B1HDFdOG6ELpnOWIaelxFFuitxpladMfDvu7l9gxjp_3yYQ4BTITD0ZaxqHYEbgnkMTnGJoUKvOtBp71WkEh1pbO3VGO3ZALW_RyrXGnDw_7rE8xaDeH8ByPxs:1wTqTj:R3qPicAIof7IUZ1x4Q-hEQPtmMOsoqLmeOZ3vpfaCxI	2026-06-01 06:26:03.360749+03
nvqpyviywfwhj444b50l9xev878oyv67	.eJxVjMsOwiAQRf-FtSEwPGy7dO83EAZGixow0CYa47_bmi50e86598Wcn6fRzY2qS5ENzLLdL0MfrpRXES8-nwsPJU81IV8TvtnGjyXS7bC1fwejb-Oy7sEYuT9JJTzojiSgskZjCFoLSRYEUIgIUVrpdW8XAl2n0ASNqkf7PW3UWirZ0eOe6pMN4v0BTaA-Ow:1wV5wj:ansI4ZeUmWHYhkOMoD3WnH-vP4uquMnlkC7tQgRocvI	2026-06-04 17:09:09.124735+03
a8hle7m6mjg554ov2b7aeuvmzpj06fiy	.eJxVjMsOwiAQRf-FtSEwPGy7dO83EAZGixow0CYa47_bmi50e86598Wcn6fRzY2qS5ENzLLdL0MfrpRXES8-nwsPJU81IV8TvtnGjyXS7bC1fwejb-Oy7sEYuT9JJTzojiSgskZjCFoLSRYEUIgIUVrpdW8XAl2n0ASNqkf7PW3UWirZ0eOe6pMN4v0BTaA-Ow:1wecQv:Yx2Gwx6dUlY-1-l-wxKKabjDqSNf24upVObnau1pM5Q	2026-06-30 23:39:41.117037+03
vwxbnnl4ltwryzqarex50h7b3mrxjjan	.eJxVjMsOwiAQRf-FtSGUlleX7v0GwjCDRQ2Y0iYa479rky50e8-558V8WJfJr41mn5GNTPbs8DtCiFcqG8FLKOfKYy3LnIFvCt9p46eKdDvu7l9gCm36vh0YHHRAHDBG3SVUKilrnE7O6CiTlcJ04EgF0oO0fZKE1OkIVoCAYLdoo9ZyLZ4e9zw_2SjeH9jeP-s:1wkpeU:HwLxTGR_MpzaClbK_ZRcfO4gRLA-iW_5WT7cG1Z8Ffo	2026-07-18 02:59:22.162987+03
ty7xm4obapa1ylcivwabz8275hzy2516	.eJxVjMsOwiAQRf-FtSEwPGy7dO83EAZGixow0CYa47_bmi50e86598Wcn6fRzY2qS5ENzLLdL0MfrpRXES8-nwsPJU81IV8TvtnGjyXS7bC1fwejb-Oy7sEYuT9JJTzojiSgskZjCFoLSRYEUIgIUVrpdW8XAl2n0ASNqkf7PW3UWirZ0eOe6pMN4v0BTaA-Ow:1wU2x9:OQ3RVB8jjRi9E1S743exPPCeaNSSgOVsyRDb-UU-hz0	2026-06-01 19:45:15.260922+03
9mkm2guhz2zres4i4brgmf6r41ow2izz	.eJxVjMsOgjAQRf-la9MMU6gDS_d-Q9PHVKqmJRQSjfHflYSFbu8597yEsesymrXybFIQg9Di8Ls562-cNxCuNl-K9CUvc3JyU-ROqzyXwPfT7v4FRlvH7xuIe-qYKEKDfesjo2ojAragFCvVOYLYsVXIQUenvSUdPBwJkHts3BatXGsq2fBjSvNTDPD-AGurPrI:1whbRj:S51U-VHBfbEflDN1pAsnfDjMJ47YE9BgQ4GlfTqDx4A	2026-07-09 05:12:51.488868+03
b8xfat79w7r77jgd7c8lmb5zu99azvxj	.eJxVjMsOwiAURP-FtSG8SmmX7v0GcoFbixpooE00xn-3JF3objJz5ryJhW2d7Vax2BjISDg5_XYO_B1TG8IN0jVTn9NaoqMNocda6SUHfJwP9k8wQ533NwxcGmQdlwCBIyqH3oQ9S22E1E5BxwAnAQ4GrXvvQLOJBSFFrxQq1qQVa405WXwusbzIyD5ftM4_qg:1wgKzO:ow8GE6MgiuhIo3hze-AG-wlwbnOQ_yRpavXyNY5V7hw	2026-07-05 17:26:22.911391+03
b0ga38jr2ephviu7zssmxzk9j6ihi3lk	.eJxVjMEOwiAQBf-FsyGlsAV79O43kAUWQQ2Y0iYa47_bJj3o9c28eTOLy5zs0miyObCRKXb43Rz6G5UNhCuWS-W-lnnKjm8K32nj5xroftrdv0DClta3I-iVQgXdIDyGCKB1JIpS91KA93GQA5CQK0YD4EgHYSJJQ0FDh8ct2qi1XIul5yNPLzZ2ny-LPz8Y:1wfjwK:uPmuppv9jKlJwDGZYf54IaU7AesNvesFAj2MoGlUK7c	2026-07-04 01:52:44.796835+03
ksqlrahl1eaf8awapjfxxdjt1wmthcva	.eJxVjMEOwiAQBf-FsyGFFhZ69O43kAUWixowpU00xn_XJj3o9c28eTGH6zK5tdHscmQjk5IdfkeP4UplI_GC5Vx5qGWZs-ebwnfa-KlGuh139y8wYZu-b2ET2GQoghl8CqAFGNvLOMhBQa8hdVJ5OwgAi9pr9ERRhd5ghySjUFu0UWu5FkePe56fbOzeH5isPwE:1wlvxv:udTNUh40lM_iayOGcbK3rKS4VZ-4g2iqeKhXVF5yMjI	2026-07-21 03:55:59.50012+03
\.


--
-- Data for Name: learning_lessonwatchrecord; Type: TABLE DATA; Schema: public; Owner: postgres
--

COPY public.learning_lessonwatchrecord (id, watched_at, lesson_id, student_id) FROM stdin;
2	2026-05-18 06:33:55.692859+03	167	7
3	2026-07-20 23:27:20.500556+03	188	9
1	2026-07-23 16:01:27.541158+03	167	2
\.


--
-- Data for Name: parent_app_baselinesessiondata; Type: TABLE DATA; Schema: public; Owner: postgres
--

COPY public.parent_app_baselinesessiondata (id, "timestamp", is_attentive, attention_score, gaze_score, head_pose_score, blink_rate, baseline_id) FROM stdin;
\.


--
-- Data for Name: parent_app_behavioralbaseline; Type: TABLE DATA; Schema: public; Owner: postgres
--

COPY public.parent_app_behavioralbaseline (id, session_date, session_duration, avg_attention_score, avg_gaze_score, avg_head_pose_score, avg_blink_rate, is_completed, notes, student_id) FROM stdin;
\.


--
-- Data for Name: student_app_adaptivedisengagementscore; Type: TABLE DATA; Schema: public; Owner: postgres
--

COPY public.student_app_adaptivedisengagementscore (id, eye_gaze_deviation, head_pose_deviation, blink_rate_deviation, checkpoint_fail_rate, interaction_score, behavior_probability, cognitive_probability, composite_probability, behavior_weight, cognitive_weight, temporal_window, adaptive_level, cumulative_disengagement, time_in_window, session_progress, "timestamp", session_id) FROM stdin;
\.


--
-- Data for Name: student_app_behavioralbaseline; Type: TABLE DATA; Schema: public; Owner: postgres
--

COPY public.student_app_behavioralbaseline (id, calibration_sessions_count, is_active, is_locked, ear_mean, ear_std, ear_min, ear_max, head_yaw_mean, head_yaw_std, head_pitch_mean, head_pitch_std, head_roll_mean, head_roll_std, gaze_horizontal_mean, gaze_horizontal_std, gaze_vertical_mean, gaze_vertical_std, nose_ear_ratio_mean, nose_ear_ratio_std, head_turn_frequency, gaze_away_frequency, drowsy_frequency, ear_threshold_personal, yaw_threshold_personal, pitch_threshold_personal, roll_threshold_personal, gaze_horizontal_threshold_personal, gaze_vertical_threshold_personal, last_updated, calibration_completed_at, student_id, ear_mad, ear_median, gaze_horizontal_mad, gaze_horizontal_median, gaze_vertical_mad, gaze_vertical_median, head_pitch_mad, head_pitch_median, head_roll_mad, head_roll_median, head_yaw_mad, head_yaw_median, blink_rate_mean, blink_rate_std, blink_rate_median, blink_rate_mad, level1_probability_threshold, level2_probability_threshold, level3_probability_threshold, eye_gaze_weight, head_pose_weight, blink_rate_weight, checkpoint_fail_weight, interaction_weight, temporal_smoothing_alpha, ear_threshold_k) FROM stdin;
1	2	t	t	0.3505817173312962	0.02973896780860261	0.30061439966302933	0.3999697672283863	0.6373378821669538	5.564406012220734	-0.5985668323978844	4.485907965540091	0.2091923010993245	2.8987679092689103	0.42541560768637965	4.556664205717614	-0.48170009380658635	2.8425630342408836	2.741685941321646	0.1371398254325338	0	0	0	0.291103781714091	11.76614990660842	8.373249098682297	6.006728119637145	9.538744019121609	5.203425974675181	2026-05-27 14:07:36.068462+03	2026-05-25 17:42:53.396814+03	6	\N	\N	\N	\N	\N	\N	\N	\N	\N	\N	\N	\N	\N	\N	\N	\N	0.55	0.7	0.8	0.4	0.4	0.2	0.7	0.3	0.3	1.5
11	0	f	f	\N	\N	\N	\N	\N	\N	\N	\N	\N	\N	\N	\N	\N	\N	\N	\N	\N	\N	\N	\N	\N	\N	\N	\N	\N	2026-05-31 16:10:01.987012+03	\N	22	\N	\N	\N	\N	\N	\N	\N	\N	\N	\N	\N	\N	\N	\N	\N	\N	0.3	0.5	0.7	0.3	0.25	0.2	0.15	0.1	0.85	2
12	0	f	f	\N	\N	\N	\N	\N	\N	\N	\N	\N	\N	\N	\N	\N	\N	\N	\N	\N	\N	\N	\N	\N	\N	\N	\N	\N	2026-06-09 23:09:59.953265+03	\N	15	\N	\N	\N	\N	\N	\N	\N	\N	\N	\N	\N	\N	\N	\N	\N	\N	0.3	0.5	0.7	0.3	0.25	0.2	0.15	0.1	0.85	2
\.


--
-- Data for Name: student_app_calibrationsession; Type: TABLE DATA; Schema: public; Owner: postgres
--

COPY public.student_app_calibrationsession (id, session_number, duration_minutes, start_time, end_time, is_completed, time_of_day, environment_notes, behavioral_data, created_at, updated_at, student_id, calibration_video) FROM stdin;
2	2	3	2026-05-25 17:39:35.138932+03	2026-05-25 17:42:35.376186+03	t	afternoon	اضاءة ممتازة وجوء هادئ	{"ear_values": [], "drowsy_count": 0, "total_frames": 180, "gaze_away_count": 0, "head_turn_count": 0, "head_yaw_values": [], "head_roll_values": [], "head_pitch_values": [], "gaze_vertical_values": [], "nose_ear_ratio_values": [], "gaze_horizontal_values": []}	2026-05-24 16:44:08.200755+03	2026-05-25 17:18:25.294018+03	6	calibration_videos/جار_تسجيل_الشاشة_2026-04-29_095823.mp4
3	3	4	2026-07-19 10:24:41.897598+03	\N	f	morning		{"ear_values": [], "drowsy_count": 0, "total_frames": 170, "gaze_away_count": 0, "head_turn_count": 0, "head_yaw_values": [], "head_roll_values": [], "head_pitch_values": [], "gaze_vertical_values": [], "nose_ear_ratio_values": [], "gaze_horizontal_values": []}	2026-05-27 14:08:17.878349+03	2026-07-19 10:20:37.955201+03	6	calibration_videos/كلام_new_1.webm
1	1	2	2026-05-27 14:05:35.957443+03	2026-05-27 14:07:36.049165+03	t	evening	اضاءة جيدة وجوء هادئ بالأغلب	{"ear_values": [], "drowsy_count": 0, "total_frames": 120, "gaze_away_count": 0, "head_turn_count": 0, "head_yaw_values": [], "head_roll_values": [], "head_pitch_values": [], "gaze_vertical_values": [], "nose_ear_ratio_values": [], "gaze_horizontal_values": []}	2026-05-23 18:28:27.117827+03	2026-05-24 16:19:57.426673+03	6	calibration_videos/مجرات_وراء_الأفق_1.mp4
4	1	5	2026-07-17 23:29:23.973101+03	\N	f	night	اضاءة قوية ضوضاء خفيفة	{"ear_values": [], "drowsy_count": 0, "total_frames": 60, "gaze_away_count": 0, "head_turn_count": 0, "head_yaw_values": [], "head_roll_values": [], "head_pitch_values": [], "gaze_vertical_values": [], "nose_ear_ratio_values": [], "gaze_horizontal_values": []}	2026-05-31 16:10:09.341111+03	2026-07-17 23:31:00.607771+03	22	
5	4	3	2026-07-18 16:27:18.849101+03	\N	f			{}	2026-07-18 16:27:18.849101+03	2026-07-18 16:27:18.849101+03	6	
\.


--
-- Data for Name: student_app_cptlsbaseline; Type: TABLE DATA; Schema: public; Owner: postgres
--

COPY public.student_app_cptlsbaseline (id, gaze_mean, head_mean, ear_mean, gaze_std, head_std, ear_std, calibration_samples, calibration_sessions_count, gaze_weight, head_weight, ear_weight, alpha, is_active, is_locked, created_at, last_updated, calibration_completed_at, student_id, response_std, response_weight) FROM stdin;
\.


--
-- Data for Name: student_app_cptlscalibrationsample; Type: TABLE DATA; Schema: public; Owner: postgres
--

COPY public.student_app_cptlscalibrationsample (id, gaze, head, ear, "timestamp", calibration_session_id) FROM stdin;
\.


--
-- Data for Name: student_app_cptlssession; Type: TABLE DATA; Schema: public; Owner: postgres
--

COPY public.student_app_cptlssession (id, lesson_id, session_type, content_mode, start_time, end_time, duration_seconds, total_samples, average_engagement, final_temporal_state, sustained_distraction_detected, distraction_episodes_count, risk_level, total_questions_asked, correct_answers, incorrect_answers, adaptive_suggestion_made, adaptive_suggestion_type, consecutive_video_failures, is_active, is_completed, created_at, updated_at, student_id) FROM stdin;
1	\N	lesson	text	2026-05-25 22:19:46.104886+03	\N	600	0	\N	\N	f	0	0	0	0	0	f	none	0	t	f	2026-05-25 22:19:46.104886+03	2026-05-25 22:19:46.104886+03	1
\.


--
-- Data for Name: student_app_cptlsstatesnapshot; Type: TABLE DATA; Schema: public; Owner: postgres
--

COPY public.student_app_cptlsstatesnapshot (id, "timestamp", gaze_raw, head_raw, ear_raw, gaze_normalized, head_normalized, ear_normalized, gaze_probability, head_probability, ear_probability, fused_probability, temporal_state, engagement_percentage, session_id, behavior_probability, cognitive_probability, composite_probability, behavior_weight, cognitive_weight, temporal_window, adaptive_level, cumulative_disengagement, time_in_window, session_progress) FROM stdin;
\.


--
-- Data for Name: student_app_learningsession; Type: TABLE DATA; Schema: public; Owner: postgres
--

COPY public.student_app_learningsession (id, lesson_id, session_type, content_mode, start_time, end_time, duration_seconds, total_samples, average_engagement, sustained_distraction_detected, distraction_episodes_count, risk_level, total_questions_asked, correct_answers, incorrect_answers, adaptive_suggestion_made, adaptive_suggestion_type, consecutive_video_failures, is_active, is_completed, created_at, updated_at, student_id) FROM stdin;
\.


--
-- Name: AI_Agent_AgentID_seq; Type: SEQUENCE SET; Schema: public; Owner: postgres
--

SELECT pg_catalog.setval('public."AI_Agent_AgentID_seq"', 1, true);


--
-- Name: AI_Interaction_InteractionID_seq; Type: SEQUENCE SET; Schema: public; Owner: postgres
--

SELECT pg_catalog.setval('public."AI_Interaction_InteractionID_seq"', 91, true);


--
-- Name: ActivityGrade_activity_id_seq; Type: SEQUENCE SET; Schema: public; Owner: postgres
--

SELECT pg_catalog.setval('public."ActivityGrade_activity_id_seq"', 1, true);


--
-- Name: AttentionLog_LogID_seq; Type: SEQUENCE SET; Schema: public; Owner: postgres
--

SELECT pg_catalog.setval('public."AttentionLog_LogID_seq"', 54, true);


--
-- Name: Checkpoint_CheckpointID_seq; Type: SEQUENCE SET; Schema: public; Owner: postgres
--

SELECT pg_catalog.setval('public."Checkpoint_CheckpointID_seq"', 25, true);


--
-- Name: Class_ClassID_seq; Type: SEQUENCE SET; Schema: public; Owner: postgres
--

SELECT pg_catalog.setval('public."Class_ClassID_seq"', 28, true);


--
-- Name: Conversation_id_seq; Type: SEQUENCE SET; Schema: public; Owner: postgres
--

SELECT pg_catalog.setval('public."Conversation_id_seq"', 4, true);


--
-- Name: GradeOverride_override_id_seq; Type: SEQUENCE SET; Schema: public; Owner: postgres
--

SELECT pg_catalog.setval('public."GradeOverride_override_id_seq"', 9, true);


--
-- Name: LearningSession_SessionID_seq; Type: SEQUENCE SET; Schema: public; Owner: postgres
--

SELECT pg_catalog.setval('public."LearningSession_SessionID_seq"', 28, true);


--
-- Name: LearningStateSnapshot_SnapshotID_seq; Type: SEQUENCE SET; Schema: public; Owner: postgres
--

SELECT pg_catalog.setval('public."LearningStateSnapshot_SnapshotID_seq"', 16241, true);


--
-- Name: LearningState_StateID_seq; Type: SEQUENCE SET; Schema: public; Owner: postgres
--

SELECT pg_catalog.setval('public."LearningState_StateID_seq"', 577, true);


--
-- Name: LessonCheckpoint_CheckpointID_seq; Type: SEQUENCE SET; Schema: public; Owner: postgres
--

SELECT pg_catalog.setval('public."LessonCheckpoint_CheckpointID_seq"', 1, false);


--
-- Name: LessonContent_LessonID_seq; Type: SEQUENCE SET; Schema: public; Owner: postgres
--

SELECT pg_catalog.setval('public."LessonContent_LessonID_seq"', 197, true);


--
-- Name: Message_id_seq; Type: SEQUENCE SET; Schema: public; Owner: postgres
--

SELECT pg_catalog.setval('public."Message_id_seq"', 26, true);


--
-- Name: Notification_notif_id_seq; Type: SEQUENCE SET; Schema: public; Owner: postgres
--

SELECT pg_catalog.setval('public."Notification_notif_id_seq"', 295, true);


--
-- Name: Parent_ParentID_seq; Type: SEQUENCE SET; Schema: public; Owner: postgres
--

SELECT pg_catalog.setval('public."Parent_ParentID_seq"', 5, true);


--
-- Name: PerformanceReport_ReportID_seq; Type: SEQUENCE SET; Schema: public; Owner: postgres
--

SELECT pg_catalog.setval('public."PerformanceReport_ReportID_seq"', 7, true);


--
-- Name: Question_QuestionID_seq; Type: SEQUENCE SET; Schema: public; Owner: postgres
--

SELECT pg_catalog.setval('public."Question_QuestionID_seq"', 35, true);


--
-- Name: ScheduleEntry_entry_id_seq; Type: SEQUENCE SET; Schema: public; Owner: postgres
--

SELECT pg_catalog.setval('public."ScheduleEntry_entry_id_seq"', 13, true);


--
-- Name: StudentAnswer_AnswerID_seq; Type: SEQUENCE SET; Schema: public; Owner: postgres
--

SELECT pg_catalog.setval('public."StudentAnswer_AnswerID_seq"', 25, true);


--
-- Name: StudentCheckpointAnswer_AnswerID_seq; Type: SEQUENCE SET; Schema: public; Owner: postgres
--

SELECT pg_catalog.setval('public."StudentCheckpointAnswer_AnswerID_seq"', 527, true);


--
-- Name: StudentCheckpointResponse_ResponseID_seq; Type: SEQUENCE SET; Schema: public; Owner: postgres
--

SELECT pg_catalog.setval('public."StudentCheckpointResponse_ResponseID_seq"', 1, false);


--
-- Name: StudentTeacherAssignment_AssignmentID_seq; Type: SEQUENCE SET; Schema: public; Owner: postgres
--

SELECT pg_catalog.setval('public."StudentTeacherAssignment_AssignmentID_seq"', 16, true);


--
-- Name: StudentVRInteraction_id_seq; Type: SEQUENCE SET; Schema: public; Owner: postgres
--

SELECT pg_catalog.setval('public."StudentVRInteraction_id_seq"', 1, true);


--
-- Name: Student_StudentID_seq; Type: SEQUENCE SET; Schema: public; Owner: postgres
--

SELECT pg_catalog.setval('public."Student_StudentID_seq"', 14, true);


--
-- Name: Subject_SubjectID_seq; Type: SEQUENCE SET; Schema: public; Owner: postgres
--

SELECT pg_catalog.setval('public."Subject_SubjectID_seq"', 22, true);


--
-- Name: Teacher_TeacherID_seq; Type: SEQUENCE SET; Schema: public; Owner: postgres
--

SELECT pg_catalog.setval('public."Teacher_TeacherID_seq"', 9, true);


--
-- Name: Teacher_assigned_classes_id_seq; Type: SEQUENCE SET; Schema: public; Owner: postgres
--

SELECT pg_catalog.setval('public."Teacher_assigned_classes_id_seq"', 25, true);


--
-- Name: TestAttempt_AttemptID_seq; Type: SEQUENCE SET; Schema: public; Owner: postgres
--

SELECT pg_catalog.setval('public."TestAttempt_AttemptID_seq"', 21, true);


--
-- Name: Test_TestID_seq; Type: SEQUENCE SET; Schema: public; Owner: postgres
--

SELECT pg_catalog.setval('public."Test_TestID_seq"', 35, true);


--
-- Name: User_UserID_seq; Type: SEQUENCE SET; Schema: public; Owner: postgres
--

SELECT pg_catalog.setval('public."User_UserID_seq"', 28, true);


--
-- Name: User_groups_id_seq; Type: SEQUENCE SET; Schema: public; Owner: postgres
--

SELECT pg_catalog.setval('public."User_groups_id_seq"', 1, false);


--
-- Name: User_user_permissions_id_seq; Type: SEQUENCE SET; Schema: public; Owner: postgres
--

SELECT pg_catalog.setval('public."User_user_permissions_id_seq"', 1, false);


--
-- Name: VRLesson_VR_ID_seq; Type: SEQUENCE SET; Schema: public; Owner: postgres
--

SELECT pg_catalog.setval('public."VRLesson_VR_ID_seq"', 1, true);


--
-- Name: auth_group_id_seq; Type: SEQUENCE SET; Schema: public; Owner: postgres
--

SELECT pg_catalog.setval('public.auth_group_id_seq', 1, false);


--
-- Name: auth_group_permissions_id_seq; Type: SEQUENCE SET; Schema: public; Owner: postgres
--

SELECT pg_catalog.setval('public.auth_group_permissions_id_seq', 1, false);


--
-- Name: auth_permission_id_seq; Type: SEQUENCE SET; Schema: public; Owner: postgres
--

SELECT pg_catalog.setval('public.auth_permission_id_seq', 188, true);


--
-- Name: django_admin_log_id_seq; Type: SEQUENCE SET; Schema: public; Owner: postgres
--

SELECT pg_catalog.setval('public.django_admin_log_id_seq', 115, true);


--
-- Name: django_content_type_id_seq; Type: SEQUENCE SET; Schema: public; Owner: postgres
--

SELECT pg_catalog.setval('public.django_content_type_id_seq', 47, true);


--
-- Name: django_migrations_id_seq; Type: SEQUENCE SET; Schema: public; Owner: postgres
--

SELECT pg_catalog.setval('public.django_migrations_id_seq', 101, true);


--
-- Name: learning_lessonwatchrecord_id_seq; Type: SEQUENCE SET; Schema: public; Owner: postgres
--

SELECT pg_catalog.setval('public.learning_lessonwatchrecord_id_seq', 3, true);


--
-- Name: parent_app_baselinesessiondata_id_seq; Type: SEQUENCE SET; Schema: public; Owner: postgres
--

SELECT pg_catalog.setval('public.parent_app_baselinesessiondata_id_seq', 1, false);


--
-- Name: parent_app_behavioralbaseline_id_seq; Type: SEQUENCE SET; Schema: public; Owner: postgres
--

SELECT pg_catalog.setval('public.parent_app_behavioralbaseline_id_seq', 1, false);


--
-- Name: student_app_adaptivedisengagementscore_id_seq; Type: SEQUENCE SET; Schema: public; Owner: postgres
--

SELECT pg_catalog.setval('public.student_app_adaptivedisengagementscore_id_seq', 1, true);


--
-- Name: student_app_behavioralbaseline_id_seq; Type: SEQUENCE SET; Schema: public; Owner: postgres
--

SELECT pg_catalog.setval('public.student_app_behavioralbaseline_id_seq', 12, true);


--
-- Name: student_app_calibrationsession_id_seq; Type: SEQUENCE SET; Schema: public; Owner: postgres
--

SELECT pg_catalog.setval('public.student_app_calibrationsession_id_seq', 5, true);


--
-- Name: student_app_cptlsbaseline_id_seq; Type: SEQUENCE SET; Schema: public; Owner: postgres
--

SELECT pg_catalog.setval('public.student_app_cptlsbaseline_id_seq', 1, false);


--
-- Name: student_app_cptlscalibrationsample_id_seq; Type: SEQUENCE SET; Schema: public; Owner: postgres
--

SELECT pg_catalog.setval('public.student_app_cptlscalibrationsample_id_seq', 1, false);


--
-- Name: student_app_cptlssession_id_seq; Type: SEQUENCE SET; Schema: public; Owner: postgres
--

SELECT pg_catalog.setval('public.student_app_cptlssession_id_seq', 1, true);


--
-- Name: student_app_cptlsstatesnapshot_id_seq; Type: SEQUENCE SET; Schema: public; Owner: postgres
--

SELECT pg_catalog.setval('public.student_app_cptlsstatesnapshot_id_seq', 1, false);


--
-- Name: student_app_learningsession_id_seq; Type: SEQUENCE SET; Schema: public; Owner: postgres
--

SELECT pg_catalog.setval('public.student_app_learningsession_id_seq', 1, false);


--
-- Name: AI_Agent AI_Agent_pkey; Type: CONSTRAINT; Schema: public; Owner: postgres
--

ALTER TABLE ONLY public."AI_Agent"
    ADD CONSTRAINT "AI_Agent_pkey" PRIMARY KEY ("AgentID");


--
-- Name: AI_Interaction AI_Interaction_pkey; Type: CONSTRAINT; Schema: public; Owner: postgres
--

ALTER TABLE ONLY public."AI_Interaction"
    ADD CONSTRAINT "AI_Interaction_pkey" PRIMARY KEY ("InteractionID");


--
-- Name: ActivityGrade ActivityGrade_pkey; Type: CONSTRAINT; Schema: public; Owner: postgres
--

ALTER TABLE ONLY public."ActivityGrade"
    ADD CONSTRAINT "ActivityGrade_pkey" PRIMARY KEY (activity_id);


--
-- Name: AttentionLog AttentionLog_pkey; Type: CONSTRAINT; Schema: public; Owner: postgres
--

ALTER TABLE ONLY public."AttentionLog"
    ADD CONSTRAINT "AttentionLog_pkey" PRIMARY KEY ("LogID");


--
-- Name: Checkpoint Checkpoint_pkey; Type: CONSTRAINT; Schema: public; Owner: postgres
--

ALTER TABLE ONLY public."Checkpoint"
    ADD CONSTRAINT "Checkpoint_pkey" PRIMARY KEY ("CheckpointID");


--
-- Name: Class Class_pkey; Type: CONSTRAINT; Schema: public; Owner: postgres
--

ALTER TABLE ONLY public."Class"
    ADD CONSTRAINT "Class_pkey" PRIMARY KEY ("ClassID");


--
-- Name: Conversation Conversation_participant_1_id_participant_2_id_2408e298_uniq; Type: CONSTRAINT; Schema: public; Owner: postgres
--

ALTER TABLE ONLY public."Conversation"
    ADD CONSTRAINT "Conversation_participant_1_id_participant_2_id_2408e298_uniq" UNIQUE (participant_1_id, participant_2_id);


--
-- Name: Conversation Conversation_pkey; Type: CONSTRAINT; Schema: public; Owner: postgres
--

ALTER TABLE ONLY public."Conversation"
    ADD CONSTRAINT "Conversation_pkey" PRIMARY KEY (id);


--
-- Name: GradeOverride GradeOverride_AttemptID_key; Type: CONSTRAINT; Schema: public; Owner: postgres
--

ALTER TABLE ONLY public."GradeOverride"
    ADD CONSTRAINT "GradeOverride_AttemptID_key" UNIQUE ("AttemptID");


--
-- Name: GradeOverride GradeOverride_pkey; Type: CONSTRAINT; Schema: public; Owner: postgres
--

ALTER TABLE ONLY public."GradeOverride"
    ADD CONSTRAINT "GradeOverride_pkey" PRIMARY KEY (override_id);


--
-- Name: LearningSession LearningSession_pkey; Type: CONSTRAINT; Schema: public; Owner: postgres
--

ALTER TABLE ONLY public."LearningSession"
    ADD CONSTRAINT "LearningSession_pkey" PRIMARY KEY ("SessionID");


--
-- Name: LearningStateSnapshot LearningStateSnapshot_pkey; Type: CONSTRAINT; Schema: public; Owner: postgres
--

ALTER TABLE ONLY public."LearningStateSnapshot"
    ADD CONSTRAINT "LearningStateSnapshot_pkey" PRIMARY KEY ("SnapshotID");


--
-- Name: LearningState LearningState_pkey; Type: CONSTRAINT; Schema: public; Owner: postgres
--

ALTER TABLE ONLY public."LearningState"
    ADD CONSTRAINT "LearningState_pkey" PRIMARY KEY ("StateID");


--
-- Name: LessonCheckpoint LessonCheckpoint_pkey; Type: CONSTRAINT; Schema: public; Owner: postgres
--

ALTER TABLE ONLY public."LessonCheckpoint"
    ADD CONSTRAINT "LessonCheckpoint_pkey" PRIMARY KEY ("CheckpointID");


--
-- Name: LessonContent LessonContent_pkey; Type: CONSTRAINT; Schema: public; Owner: postgres
--

ALTER TABLE ONLY public."LessonContent"
    ADD CONSTRAINT "LessonContent_pkey" PRIMARY KEY ("LessonID");


--
-- Name: Message Message_pkey; Type: CONSTRAINT; Schema: public; Owner: postgres
--

ALTER TABLE ONLY public."Message"
    ADD CONSTRAINT "Message_pkey" PRIMARY KEY (id);


--
-- Name: Notification Notification_pkey; Type: CONSTRAINT; Schema: public; Owner: postgres
--

ALTER TABLE ONLY public."Notification"
    ADD CONSTRAINT "Notification_pkey" PRIMARY KEY (notif_id);


--
-- Name: Parent Parent_UserID_key; Type: CONSTRAINT; Schema: public; Owner: postgres
--

ALTER TABLE ONLY public."Parent"
    ADD CONSTRAINT "Parent_UserID_key" UNIQUE ("UserID");


--
-- Name: Parent Parent_pkey; Type: CONSTRAINT; Schema: public; Owner: postgres
--

ALTER TABLE ONLY public."Parent"
    ADD CONSTRAINT "Parent_pkey" PRIMARY KEY ("ParentID");


--
-- Name: PerformanceReport PerformanceReport_pkey; Type: CONSTRAINT; Schema: public; Owner: postgres
--

ALTER TABLE ONLY public."PerformanceReport"
    ADD CONSTRAINT "PerformanceReport_pkey" PRIMARY KEY ("ReportID");


--
-- Name: Question Question_pkey; Type: CONSTRAINT; Schema: public; Owner: postgres
--

ALTER TABLE ONLY public."Question"
    ADD CONSTRAINT "Question_pkey" PRIMARY KEY ("QuestionID");


--
-- Name: ScheduleEntry ScheduleEntry_pkey; Type: CONSTRAINT; Schema: public; Owner: postgres
--

ALTER TABLE ONLY public."ScheduleEntry"
    ADD CONSTRAINT "ScheduleEntry_pkey" PRIMARY KEY (entry_id);


--
-- Name: StudentAnswer StudentAnswer_pkey; Type: CONSTRAINT; Schema: public; Owner: postgres
--

ALTER TABLE ONLY public."StudentAnswer"
    ADD CONSTRAINT "StudentAnswer_pkey" PRIMARY KEY ("AnswerID");


--
-- Name: StudentCheckpointAnswer StudentCheckpointAnswer_pkey; Type: CONSTRAINT; Schema: public; Owner: postgres
--

ALTER TABLE ONLY public."StudentCheckpointAnswer"
    ADD CONSTRAINT "StudentCheckpointAnswer_pkey" PRIMARY KEY ("AnswerID");


--
-- Name: StudentCheckpointResponse StudentCheckpointResponse_pkey; Type: CONSTRAINT; Schema: public; Owner: postgres
--

ALTER TABLE ONLY public."StudentCheckpointResponse"
    ADD CONSTRAINT "StudentCheckpointResponse_pkey" PRIMARY KEY ("ResponseID");


--
-- Name: StudentTeacherAssignment StudentTeacherAssignment_StudentID_TeacherID_Subj_7201e944_uniq; Type: CONSTRAINT; Schema: public; Owner: postgres
--

ALTER TABLE ONLY public."StudentTeacherAssignment"
    ADD CONSTRAINT "StudentTeacherAssignment_StudentID_TeacherID_Subj_7201e944_uniq" UNIQUE ("StudentID", "TeacherID", "SubjectID");


--
-- Name: StudentTeacherAssignment StudentTeacherAssignment_pkey; Type: CONSTRAINT; Schema: public; Owner: postgres
--

ALTER TABLE ONLY public."StudentTeacherAssignment"
    ADD CONSTRAINT "StudentTeacherAssignment_pkey" PRIMARY KEY ("AssignmentID");


--
-- Name: StudentVRInteraction StudentVRInteraction_VRLessonID_StudentID_5e1f509b_uniq; Type: CONSTRAINT; Schema: public; Owner: postgres
--

ALTER TABLE ONLY public."StudentVRInteraction"
    ADD CONSTRAINT "StudentVRInteraction_VRLessonID_StudentID_5e1f509b_uniq" UNIQUE ("VRLessonID", "StudentID");


--
-- Name: StudentVRInteraction StudentVRInteraction_pkey; Type: CONSTRAINT; Schema: public; Owner: postgres
--

ALTER TABLE ONLY public."StudentVRInteraction"
    ADD CONSTRAINT "StudentVRInteraction_pkey" PRIMARY KEY (id);


--
-- Name: Student Student_UserID_key; Type: CONSTRAINT; Schema: public; Owner: postgres
--

ALTER TABLE ONLY public."Student"
    ADD CONSTRAINT "Student_UserID_key" UNIQUE ("UserID");


--
-- Name: Student Student_pkey; Type: CONSTRAINT; Schema: public; Owner: postgres
--

ALTER TABLE ONLY public."Student"
    ADD CONSTRAINT "Student_pkey" PRIMARY KEY ("StudentID");


--
-- Name: Subject Subject_pkey; Type: CONSTRAINT; Schema: public; Owner: postgres
--

ALTER TABLE ONLY public."Subject"
    ADD CONSTRAINT "Subject_pkey" PRIMARY KEY ("SubjectID");


--
-- Name: Teacher Teacher_UserID_key; Type: CONSTRAINT; Schema: public; Owner: postgres
--

ALTER TABLE ONLY public."Teacher"
    ADD CONSTRAINT "Teacher_UserID_key" UNIQUE ("UserID");


--
-- Name: Teacher_assigned_classes Teacher_assigned_classes_pkey; Type: CONSTRAINT; Schema: public; Owner: postgres
--

ALTER TABLE ONLY public."Teacher_assigned_classes"
    ADD CONSTRAINT "Teacher_assigned_classes_pkey" PRIMARY KEY (id);


--
-- Name: Teacher_assigned_classes Teacher_assigned_classes_teacher_id_class_id_c4a993ba_uniq; Type: CONSTRAINT; Schema: public; Owner: postgres
--

ALTER TABLE ONLY public."Teacher_assigned_classes"
    ADD CONSTRAINT "Teacher_assigned_classes_teacher_id_class_id_c4a993ba_uniq" UNIQUE (teacher_id, class_id);


--
-- Name: Teacher Teacher_pkey; Type: CONSTRAINT; Schema: public; Owner: postgres
--

ALTER TABLE ONLY public."Teacher"
    ADD CONSTRAINT "Teacher_pkey" PRIMARY KEY ("TeacherID");


--
-- Name: TestAttempt TestAttempt_pkey; Type: CONSTRAINT; Schema: public; Owner: postgres
--

ALTER TABLE ONLY public."TestAttempt"
    ADD CONSTRAINT "TestAttempt_pkey" PRIMARY KEY ("AttemptID");


--
-- Name: Test Test_pkey; Type: CONSTRAINT; Schema: public; Owner: postgres
--

ALTER TABLE ONLY public."Test"
    ADD CONSTRAINT "Test_pkey" PRIMARY KEY ("TestID");


--
-- Name: User User_IdentityNumber_key; Type: CONSTRAINT; Schema: public; Owner: postgres
--

ALTER TABLE ONLY public."User"
    ADD CONSTRAINT "User_IdentityNumber_key" UNIQUE ("IdentityNumber");


--
-- Name: User User_Username_key; Type: CONSTRAINT; Schema: public; Owner: postgres
--

ALTER TABLE ONLY public."User"
    ADD CONSTRAINT "User_Username_key" UNIQUE ("Username");


--
-- Name: User_groups User_groups_pkey; Type: CONSTRAINT; Schema: public; Owner: postgres
--

ALTER TABLE ONLY public."User_groups"
    ADD CONSTRAINT "User_groups_pkey" PRIMARY KEY (id);


--
-- Name: User_groups User_groups_user_id_group_id_d63e199e_uniq; Type: CONSTRAINT; Schema: public; Owner: postgres
--

ALTER TABLE ONLY public."User_groups"
    ADD CONSTRAINT "User_groups_user_id_group_id_d63e199e_uniq" UNIQUE (user_id, group_id);


--
-- Name: User User_pkey; Type: CONSTRAINT; Schema: public; Owner: postgres
--

ALTER TABLE ONLY public."User"
    ADD CONSTRAINT "User_pkey" PRIMARY KEY ("UserID");


--
-- Name: User_user_permissions User_user_permissions_pkey; Type: CONSTRAINT; Schema: public; Owner: postgres
--

ALTER TABLE ONLY public."User_user_permissions"
    ADD CONSTRAINT "User_user_permissions_pkey" PRIMARY KEY (id);


--
-- Name: User_user_permissions User_user_permissions_user_id_permission_id_af0f54ec_uniq; Type: CONSTRAINT; Schema: public; Owner: postgres
--

ALTER TABLE ONLY public."User_user_permissions"
    ADD CONSTRAINT "User_user_permissions_user_id_permission_id_af0f54ec_uniq" UNIQUE (user_id, permission_id);


--
-- Name: VRLesson VRLesson_LessonID_key; Type: CONSTRAINT; Schema: public; Owner: postgres
--

ALTER TABLE ONLY public."VRLesson"
    ADD CONSTRAINT "VRLesson_LessonID_key" UNIQUE ("LessonID");


--
-- Name: VRLesson VRLesson_pkey; Type: CONSTRAINT; Schema: public; Owner: postgres
--

ALTER TABLE ONLY public."VRLesson"
    ADD CONSTRAINT "VRLesson_pkey" PRIMARY KEY ("VR_ID");


--
-- Name: auth_group auth_group_name_key; Type: CONSTRAINT; Schema: public; Owner: postgres
--

ALTER TABLE ONLY public.auth_group
    ADD CONSTRAINT auth_group_name_key UNIQUE (name);


--
-- Name: auth_group_permissions auth_group_permissions_group_id_permission_id_0cd325b0_uniq; Type: CONSTRAINT; Schema: public; Owner: postgres
--

ALTER TABLE ONLY public.auth_group_permissions
    ADD CONSTRAINT auth_group_permissions_group_id_permission_id_0cd325b0_uniq UNIQUE (group_id, permission_id);


--
-- Name: auth_group_permissions auth_group_permissions_pkey; Type: CONSTRAINT; Schema: public; Owner: postgres
--

ALTER TABLE ONLY public.auth_group_permissions
    ADD CONSTRAINT auth_group_permissions_pkey PRIMARY KEY (id);


--
-- Name: auth_group auth_group_pkey; Type: CONSTRAINT; Schema: public; Owner: postgres
--

ALTER TABLE ONLY public.auth_group
    ADD CONSTRAINT auth_group_pkey PRIMARY KEY (id);


--
-- Name: auth_permission auth_permission_content_type_id_codename_01ab375a_uniq; Type: CONSTRAINT; Schema: public; Owner: postgres
--

ALTER TABLE ONLY public.auth_permission
    ADD CONSTRAINT auth_permission_content_type_id_codename_01ab375a_uniq UNIQUE (content_type_id, codename);


--
-- Name: auth_permission auth_permission_pkey; Type: CONSTRAINT; Schema: public; Owner: postgres
--

ALTER TABLE ONLY public.auth_permission
    ADD CONSTRAINT auth_permission_pkey PRIMARY KEY (id);


--
-- Name: django_admin_log django_admin_log_pkey; Type: CONSTRAINT; Schema: public; Owner: postgres
--

ALTER TABLE ONLY public.django_admin_log
    ADD CONSTRAINT django_admin_log_pkey PRIMARY KEY (id);


--
-- Name: django_cache_table django_cache_table_pkey; Type: CONSTRAINT; Schema: public; Owner: postgres
--

ALTER TABLE ONLY public.django_cache_table
    ADD CONSTRAINT django_cache_table_pkey PRIMARY KEY (cache_key);


--
-- Name: django_content_type django_content_type_app_label_model_76bd3d3b_uniq; Type: CONSTRAINT; Schema: public; Owner: postgres
--

ALTER TABLE ONLY public.django_content_type
    ADD CONSTRAINT django_content_type_app_label_model_76bd3d3b_uniq UNIQUE (app_label, model);


--
-- Name: django_content_type django_content_type_pkey; Type: CONSTRAINT; Schema: public; Owner: postgres
--

ALTER TABLE ONLY public.django_content_type
    ADD CONSTRAINT django_content_type_pkey PRIMARY KEY (id);


--
-- Name: django_migrations django_migrations_pkey; Type: CONSTRAINT; Schema: public; Owner: postgres
--

ALTER TABLE ONLY public.django_migrations
    ADD CONSTRAINT django_migrations_pkey PRIMARY KEY (id);


--
-- Name: django_session django_session_pkey; Type: CONSTRAINT; Schema: public; Owner: postgres
--

ALTER TABLE ONLY public.django_session
    ADD CONSTRAINT django_session_pkey PRIMARY KEY (session_key);


--
-- Name: learning_lessonwatchrecord learning_lessonwatchrecord_pkey; Type: CONSTRAINT; Schema: public; Owner: postgres
--

ALTER TABLE ONLY public.learning_lessonwatchrecord
    ADD CONSTRAINT learning_lessonwatchrecord_pkey PRIMARY KEY (id);


--
-- Name: learning_lessonwatchrecord learning_lessonwatchrecord_student_id_lesson_id_3a5f6a99_uniq; Type: CONSTRAINT; Schema: public; Owner: postgres
--

ALTER TABLE ONLY public.learning_lessonwatchrecord
    ADD CONSTRAINT learning_lessonwatchrecord_student_id_lesson_id_3a5f6a99_uniq UNIQUE (student_id, lesson_id);


--
-- Name: parent_app_baselinesessiondata parent_app_baselinesessiondata_pkey; Type: CONSTRAINT; Schema: public; Owner: postgres
--

ALTER TABLE ONLY public.parent_app_baselinesessiondata
    ADD CONSTRAINT parent_app_baselinesessiondata_pkey PRIMARY KEY (id);


--
-- Name: parent_app_behavioralbaseline parent_app_behavioralbaseline_pkey; Type: CONSTRAINT; Schema: public; Owner: postgres
--

ALTER TABLE ONLY public.parent_app_behavioralbaseline
    ADD CONSTRAINT parent_app_behavioralbaseline_pkey PRIMARY KEY (id);


--
-- Name: student_app_adaptivedisengagementscore student_app_adaptivedisengagementscore_pkey; Type: CONSTRAINT; Schema: public; Owner: postgres
--

ALTER TABLE ONLY public.student_app_adaptivedisengagementscore
    ADD CONSTRAINT student_app_adaptivedisengagementscore_pkey PRIMARY KEY (id);


--
-- Name: student_app_behavioralbaseline student_app_behavioralbaseline_pkey; Type: CONSTRAINT; Schema: public; Owner: postgres
--

ALTER TABLE ONLY public.student_app_behavioralbaseline
    ADD CONSTRAINT student_app_behavioralbaseline_pkey PRIMARY KEY (id);


--
-- Name: student_app_behavioralbaseline student_app_behavioralbaseline_student_id_key; Type: CONSTRAINT; Schema: public; Owner: postgres
--

ALTER TABLE ONLY public.student_app_behavioralbaseline
    ADD CONSTRAINT student_app_behavioralbaseline_student_id_key UNIQUE (student_id);


--
-- Name: student_app_calibrationsession student_app_calibrationsession_pkey; Type: CONSTRAINT; Schema: public; Owner: postgres
--

ALTER TABLE ONLY public.student_app_calibrationsession
    ADD CONSTRAINT student_app_calibrationsession_pkey PRIMARY KEY (id);


--
-- Name: student_app_cptlsbaseline student_app_cptlsbaseline_pkey; Type: CONSTRAINT; Schema: public; Owner: postgres
--

ALTER TABLE ONLY public.student_app_cptlsbaseline
    ADD CONSTRAINT student_app_cptlsbaseline_pkey PRIMARY KEY (id);


--
-- Name: student_app_cptlsbaseline student_app_cptlsbaseline_student_id_key; Type: CONSTRAINT; Schema: public; Owner: postgres
--

ALTER TABLE ONLY public.student_app_cptlsbaseline
    ADD CONSTRAINT student_app_cptlsbaseline_student_id_key UNIQUE (student_id);


--
-- Name: student_app_cptlscalibrationsample student_app_cptlscalibrationsample_pkey; Type: CONSTRAINT; Schema: public; Owner: postgres
--

ALTER TABLE ONLY public.student_app_cptlscalibrationsample
    ADD CONSTRAINT student_app_cptlscalibrationsample_pkey PRIMARY KEY (id);


--
-- Name: student_app_cptlssession student_app_cptlssession_pkey; Type: CONSTRAINT; Schema: public; Owner: postgres
--

ALTER TABLE ONLY public.student_app_cptlssession
    ADD CONSTRAINT student_app_cptlssession_pkey PRIMARY KEY (id);


--
-- Name: student_app_cptlsstatesnapshot student_app_cptlsstatesnapshot_pkey; Type: CONSTRAINT; Schema: public; Owner: postgres
--

ALTER TABLE ONLY public.student_app_cptlsstatesnapshot
    ADD CONSTRAINT student_app_cptlsstatesnapshot_pkey PRIMARY KEY (id);


--
-- Name: student_app_learningsession student_app_learningsession_pkey; Type: CONSTRAINT; Schema: public; Owner: postgres
--

ALTER TABLE ONLY public.student_app_learningsession
    ADD CONSTRAINT student_app_learningsession_pkey PRIMARY KEY (id);


--
-- Name: AI_Agent_TeacherID_f5a86c5f; Type: INDEX; Schema: public; Owner: postgres
--

CREATE INDEX "AI_Agent_TeacherID_f5a86c5f" ON public."AI_Agent" USING btree ("TeacherID");


--
-- Name: AI_Interaction_SessionID_3c8710af; Type: INDEX; Schema: public; Owner: postgres
--

CREATE INDEX "AI_Interaction_SessionID_3c8710af" ON public."AI_Interaction" USING btree ("SessionID");


--
-- Name: ActivityGrade_StudentID_40c459b2; Type: INDEX; Schema: public; Owner: postgres
--

CREATE INDEX "ActivityGrade_StudentID_40c459b2" ON public."ActivityGrade" USING btree ("StudentID");


--
-- Name: ActivityGrade_SubjectID_876a0b96; Type: INDEX; Schema: public; Owner: postgres
--

CREATE INDEX "ActivityGrade_SubjectID_876a0b96" ON public."ActivityGrade" USING btree ("SubjectID");


--
-- Name: ActivityGrade_TeacherID_39de7fac; Type: INDEX; Schema: public; Owner: postgres
--

CREATE INDEX "ActivityGrade_TeacherID_39de7fac" ON public."ActivityGrade" USING btree ("TeacherID");


--
-- Name: AttentionLog_SessionID_c8dfa783; Type: INDEX; Schema: public; Owner: postgres
--

CREATE INDEX "AttentionLog_SessionID_c8dfa783" ON public."AttentionLog" USING btree ("SessionID");


--
-- Name: Checkpoint_LessonID_75102f2d; Type: INDEX; Schema: public; Owner: postgres
--

CREATE INDEX "Checkpoint_LessonID_75102f2d" ON public."Checkpoint" USING btree ("LessonID");


--
-- Name: Class_TeacherID_829f3a79; Type: INDEX; Schema: public; Owner: postgres
--

CREATE INDEX "Class_TeacherID_829f3a79" ON public."Class" USING btree ("TeacherID");


--
-- Name: Conversation_participant_1_id_2c4b780a; Type: INDEX; Schema: public; Owner: postgres
--

CREATE INDEX "Conversation_participant_1_id_2c4b780a" ON public."Conversation" USING btree (participant_1_id);


--
-- Name: Conversation_participant_2_id_eb457136; Type: INDEX; Schema: public; Owner: postgres
--

CREATE INDEX "Conversation_participant_2_id_eb457136" ON public."Conversation" USING btree (participant_2_id);


--
-- Name: GradeOverride_TeacherID_03ed53e2; Type: INDEX; Schema: public; Owner: postgres
--

CREATE INDEX "GradeOverride_TeacherID_03ed53e2" ON public."GradeOverride" USING btree ("TeacherID");


--
-- Name: LearningSession_LessonID_615c78bb; Type: INDEX; Schema: public; Owner: postgres
--

CREATE INDEX "LearningSession_LessonID_615c78bb" ON public."LearningSession" USING btree ("LessonID");


--
-- Name: LearningSession_StudentID_03e570d3; Type: INDEX; Schema: public; Owner: postgres
--

CREATE INDEX "LearningSession_StudentID_03e570d3" ON public."LearningSession" USING btree ("StudentID");


--
-- Name: LearningStateSnapshot_SessionID_fb690b85; Type: INDEX; Schema: public; Owner: postgres
--

CREATE INDEX "LearningStateSnapshot_SessionID_fb690b85" ON public."LearningStateSnapshot" USING btree ("SessionID");


--
-- Name: LearningStateSnapshot_StudentID_cdeddfe6; Type: INDEX; Schema: public; Owner: postgres
--

CREATE INDEX "LearningStateSnapshot_StudentID_cdeddfe6" ON public."LearningStateSnapshot" USING btree ("StudentID");


--
-- Name: LearningState_SessionID_2fd52114; Type: INDEX; Schema: public; Owner: postgres
--

CREATE INDEX "LearningState_SessionID_2fd52114" ON public."LearningState" USING btree ("SessionID");


--
-- Name: LearningState_StudentID_af6a072e; Type: INDEX; Schema: public; Owner: postgres
--

CREATE INDEX "LearningState_StudentID_af6a072e" ON public."LearningState" USING btree ("StudentID");


--
-- Name: LessonCheckpoint_LessonID_e3c87a06; Type: INDEX; Schema: public; Owner: postgres
--

CREATE INDEX "LessonCheckpoint_LessonID_e3c87a06" ON public."LessonCheckpoint" USING btree ("LessonID");


--
-- Name: LessonContent_AgentID_3b2e2c1e; Type: INDEX; Schema: public; Owner: postgres
--

CREATE INDEX "LessonContent_AgentID_3b2e2c1e" ON public."LessonContent" USING btree ("AgentID");


--
-- Name: LessonContent_SubjectID_754a237d; Type: INDEX; Schema: public; Owner: postgres
--

CREATE INDEX "LessonContent_SubjectID_754a237d" ON public."LessonContent" USING btree ("SubjectID");


--
-- Name: LessonContent_TeacherID_afd44cab; Type: INDEX; Schema: public; Owner: postgres
--

CREATE INDEX "LessonContent_TeacherID_afd44cab" ON public."LessonContent" USING btree ("TeacherID");


--
-- Name: Message_conversation_id_622df4da; Type: INDEX; Schema: public; Owner: postgres
--

CREATE INDEX "Message_conversation_id_622df4da" ON public."Message" USING btree (conversation_id);


--
-- Name: Message_sender_id_d4e45c58; Type: INDEX; Schema: public; Owner: postgres
--

CREATE INDEX "Message_sender_id_d4e45c58" ON public."Message" USING btree (sender_id);


--
-- Name: Notification_LessonID_48c454a8; Type: INDEX; Schema: public; Owner: postgres
--

CREATE INDEX "Notification_LessonID_48c454a8" ON public."Notification" USING btree ("LessonID");


--
-- Name: Notification_RecipientID_f61257bc; Type: INDEX; Schema: public; Owner: postgres
--

CREATE INDEX "Notification_RecipientID_f61257bc" ON public."Notification" USING btree ("RecipientID");


--
-- Name: Notification_TestID_044f0c30; Type: INDEX; Schema: public; Owner: postgres
--

CREATE INDEX "Notification_TestID_044f0c30" ON public."Notification" USING btree ("TestID");


--
-- Name: Parent_ChildID_2ee607dc; Type: INDEX; Schema: public; Owner: postgres
--

CREATE INDEX "Parent_ChildID_2ee607dc" ON public."Parent" USING btree ("ChildID");


--
-- Name: PerformanceReport_LessonID_ac8a13f5; Type: INDEX; Schema: public; Owner: postgres
--

CREATE INDEX "PerformanceReport_LessonID_ac8a13f5" ON public."PerformanceReport" USING btree ("LessonID");


--
-- Name: PerformanceReport_StudentID_4c94d1cd; Type: INDEX; Schema: public; Owner: postgres
--

CREATE INDEX "PerformanceReport_StudentID_4c94d1cd" ON public."PerformanceReport" USING btree ("StudentID");


--
-- Name: Question_TestID_c685d7cf; Type: INDEX; Schema: public; Owner: postgres
--

CREATE INDEX "Question_TestID_c685d7cf" ON public."Question" USING btree ("TestID");


--
-- Name: ScheduleEntry_ClassID_245bd164; Type: INDEX; Schema: public; Owner: postgres
--

CREATE INDEX "ScheduleEntry_ClassID_245bd164" ON public."ScheduleEntry" USING btree ("ClassID");


--
-- Name: ScheduleEntry_SubjectID_4ae896ab; Type: INDEX; Schema: public; Owner: postgres
--

CREATE INDEX "ScheduleEntry_SubjectID_4ae896ab" ON public."ScheduleEntry" USING btree ("SubjectID");


--
-- Name: ScheduleEntry_TeacherID_a32227db; Type: INDEX; Schema: public; Owner: postgres
--

CREATE INDEX "ScheduleEntry_TeacherID_a32227db" ON public."ScheduleEntry" USING btree ("TeacherID");


--
-- Name: StudentAnswer_AttemptID_7278d9cd; Type: INDEX; Schema: public; Owner: postgres
--

CREATE INDEX "StudentAnswer_AttemptID_7278d9cd" ON public."StudentAnswer" USING btree ("AttemptID");


--
-- Name: StudentAnswer_QuestionID_36a1da93; Type: INDEX; Schema: public; Owner: postgres
--

CREATE INDEX "StudentAnswer_QuestionID_36a1da93" ON public."StudentAnswer" USING btree ("QuestionID");


--
-- Name: StudentCheckpointAnswer_CheckpointID_7aaf1f65; Type: INDEX; Schema: public; Owner: postgres
--

CREATE INDEX "StudentCheckpointAnswer_CheckpointID_7aaf1f65" ON public."StudentCheckpointAnswer" USING btree ("CheckpointID");


--
-- Name: StudentCheckpointAnswer_SessionID_dfde1f1e; Type: INDEX; Schema: public; Owner: postgres
--

CREATE INDEX "StudentCheckpointAnswer_SessionID_dfde1f1e" ON public."StudentCheckpointAnswer" USING btree ("SessionID");


--
-- Name: StudentCheckpointAnswer_StudentID_1fa8c302; Type: INDEX; Schema: public; Owner: postgres
--

CREATE INDEX "StudentCheckpointAnswer_StudentID_1fa8c302" ON public."StudentCheckpointAnswer" USING btree ("StudentID");


--
-- Name: StudentCheckpointResponse_CheckpointID_055fef48; Type: INDEX; Schema: public; Owner: postgres
--

CREATE INDEX "StudentCheckpointResponse_CheckpointID_055fef48" ON public."StudentCheckpointResponse" USING btree ("CheckpointID");


--
-- Name: StudentCheckpointResponse_LessonID_da6ff938; Type: INDEX; Schema: public; Owner: postgres
--

CREATE INDEX "StudentCheckpointResponse_LessonID_da6ff938" ON public."StudentCheckpointResponse" USING btree ("LessonID");


--
-- Name: StudentCheckpointResponse_SessionID_2a364a2e; Type: INDEX; Schema: public; Owner: postgres
--

CREATE INDEX "StudentCheckpointResponse_SessionID_2a364a2e" ON public."StudentCheckpointResponse" USING btree ("SessionID");


--
-- Name: StudentCheckpointResponse_StudentID_32628635; Type: INDEX; Schema: public; Owner: postgres
--

CREATE INDEX "StudentCheckpointResponse_StudentID_32628635" ON public."StudentCheckpointResponse" USING btree ("StudentID");


--
-- Name: StudentTeacherAssignment_ClassID_ca91dcb5; Type: INDEX; Schema: public; Owner: postgres
--

CREATE INDEX "StudentTeacherAssignment_ClassID_ca91dcb5" ON public."StudentTeacherAssignment" USING btree ("ClassID");


--
-- Name: StudentTeacherAssignment_StudentID_3726daa3; Type: INDEX; Schema: public; Owner: postgres
--

CREATE INDEX "StudentTeacherAssignment_StudentID_3726daa3" ON public."StudentTeacherAssignment" USING btree ("StudentID");


--
-- Name: StudentTeacherAssignment_SubjectID_fd2a7af6; Type: INDEX; Schema: public; Owner: postgres
--

CREATE INDEX "StudentTeacherAssignment_SubjectID_fd2a7af6" ON public."StudentTeacherAssignment" USING btree ("SubjectID");


--
-- Name: StudentTeacherAssignment_TeacherID_5aaacd28; Type: INDEX; Schema: public; Owner: postgres
--

CREATE INDEX "StudentTeacherAssignment_TeacherID_5aaacd28" ON public."StudentTeacherAssignment" USING btree ("TeacherID");


--
-- Name: StudentVRInteraction_StudentID_b83757b4; Type: INDEX; Schema: public; Owner: postgres
--

CREATE INDEX "StudentVRInteraction_StudentID_b83757b4" ON public."StudentVRInteraction" USING btree ("StudentID");


--
-- Name: StudentVRInteraction_VRLessonID_49cb1590; Type: INDEX; Schema: public; Owner: postgres
--

CREATE INDEX "StudentVRInteraction_VRLessonID_49cb1590" ON public."StudentVRInteraction" USING btree ("VRLessonID");


--
-- Name: Student_ClassID_d8f5dcca; Type: INDEX; Schema: public; Owner: postgres
--

CREATE INDEX "Student_ClassID_d8f5dcca" ON public."Student" USING btree ("ClassID");


--
-- Name: Subject_ClassID_2c7b163e; Type: INDEX; Schema: public; Owner: postgres
--

CREATE INDEX "Subject_ClassID_2c7b163e" ON public."Subject" USING btree ("ClassID");


--
-- Name: Subject_TeacherID_8d498c6d; Type: INDEX; Schema: public; Owner: postgres
--

CREATE INDEX "Subject_TeacherID_8d498c6d" ON public."Subject" USING btree ("TeacherID");


--
-- Name: Teacher_assigned_classes_class_id_976edaa1; Type: INDEX; Schema: public; Owner: postgres
--

CREATE INDEX "Teacher_assigned_classes_class_id_976edaa1" ON public."Teacher_assigned_classes" USING btree (class_id);


--
-- Name: Teacher_assigned_classes_teacher_id_1868ae41; Type: INDEX; Schema: public; Owner: postgres
--

CREATE INDEX "Teacher_assigned_classes_teacher_id_1868ae41" ON public."Teacher_assigned_classes" USING btree (teacher_id);


--
-- Name: TestAttempt_StudentID_387f5200; Type: INDEX; Schema: public; Owner: postgres
--

CREATE INDEX "TestAttempt_StudentID_387f5200" ON public."TestAttempt" USING btree ("StudentID");


--
-- Name: TestAttempt_TestID_4b239cc0; Type: INDEX; Schema: public; Owner: postgres
--

CREATE INDEX "TestAttempt_TestID_4b239cc0" ON public."TestAttempt" USING btree ("TestID");


--
-- Name: Test_LessonID_16c440e2; Type: INDEX; Schema: public; Owner: postgres
--

CREATE INDEX "Test_LessonID_16c440e2" ON public."Test" USING btree ("LessonID");


--
-- Name: Test_SubjectID_3458feee; Type: INDEX; Schema: public; Owner: postgres
--

CREATE INDEX "Test_SubjectID_3458feee" ON public."Test" USING btree ("SubjectID");


--
-- Name: Test_TeacherID_a2b2a1a3; Type: INDEX; Schema: public; Owner: postgres
--

CREATE INDEX "Test_TeacherID_a2b2a1a3" ON public."Test" USING btree ("TeacherID");


--
-- Name: User_Username_54ae93d7_like; Type: INDEX; Schema: public; Owner: postgres
--

CREATE INDEX "User_Username_54ae93d7_like" ON public."User" USING btree ("Username" varchar_pattern_ops);


--
-- Name: User_groups_group_id_328392a3; Type: INDEX; Schema: public; Owner: postgres
--

CREATE INDEX "User_groups_group_id_328392a3" ON public."User_groups" USING btree (group_id);


--
-- Name: User_groups_user_id_8f675f72; Type: INDEX; Schema: public; Owner: postgres
--

CREATE INDEX "User_groups_user_id_8f675f72" ON public."User_groups" USING btree (user_id);


--
-- Name: User_user_permissions_permission_id_8e998ba4; Type: INDEX; Schema: public; Owner: postgres
--

CREATE INDEX "User_user_permissions_permission_id_8e998ba4" ON public."User_user_permissions" USING btree (permission_id);


--
-- Name: User_user_permissions_user_id_2c6da4d4; Type: INDEX; Schema: public; Owner: postgres
--

CREATE INDEX "User_user_permissions_user_id_2c6da4d4" ON public."User_user_permissions" USING btree (user_id);


--
-- Name: VRLesson_ClassID_67a0b786; Type: INDEX; Schema: public; Owner: postgres
--

CREATE INDEX "VRLesson_ClassID_67a0b786" ON public."VRLesson" USING btree ("ClassID");


--
-- Name: VRLesson_SubjectID_4e6b7b48; Type: INDEX; Schema: public; Owner: postgres
--

CREATE INDEX "VRLesson_SubjectID_4e6b7b48" ON public."VRLesson" USING btree ("SubjectID");


--
-- Name: VRLesson_TeacherID_36736d94; Type: INDEX; Schema: public; Owner: postgres
--

CREATE INDEX "VRLesson_TeacherID_36736d94" ON public."VRLesson" USING btree ("TeacherID");


--
-- Name: auth_group_name_a6ea08ec_like; Type: INDEX; Schema: public; Owner: postgres
--

CREATE INDEX auth_group_name_a6ea08ec_like ON public.auth_group USING btree (name varchar_pattern_ops);


--
-- Name: auth_group_permissions_group_id_b120cbf9; Type: INDEX; Schema: public; Owner: postgres
--

CREATE INDEX auth_group_permissions_group_id_b120cbf9 ON public.auth_group_permissions USING btree (group_id);


--
-- Name: auth_group_permissions_permission_id_84c5c92e; Type: INDEX; Schema: public; Owner: postgres
--

CREATE INDEX auth_group_permissions_permission_id_84c5c92e ON public.auth_group_permissions USING btree (permission_id);


--
-- Name: auth_permission_content_type_id_2f476e4b; Type: INDEX; Schema: public; Owner: postgres
--

CREATE INDEX auth_permission_content_type_id_2f476e4b ON public.auth_permission USING btree (content_type_id);


--
-- Name: django_admin_log_content_type_id_c4bce8eb; Type: INDEX; Schema: public; Owner: postgres
--

CREATE INDEX django_admin_log_content_type_id_c4bce8eb ON public.django_admin_log USING btree (content_type_id);


--
-- Name: django_admin_log_user_id_c564eba6; Type: INDEX; Schema: public; Owner: postgres
--

CREATE INDEX django_admin_log_user_id_c564eba6 ON public.django_admin_log USING btree (user_id);


--
-- Name: django_cache_table_expires; Type: INDEX; Schema: public; Owner: postgres
--

CREATE INDEX django_cache_table_expires ON public.django_cache_table USING btree (expires);


--
-- Name: django_session_expire_date_a5c62663; Type: INDEX; Schema: public; Owner: postgres
--

CREATE INDEX django_session_expire_date_a5c62663 ON public.django_session USING btree (expire_date);


--
-- Name: django_session_session_key_c0390e0f_like; Type: INDEX; Schema: public; Owner: postgres
--

CREATE INDEX django_session_session_key_c0390e0f_like ON public.django_session USING btree (session_key varchar_pattern_ops);


--
-- Name: idx_adaptive_level; Type: INDEX; Schema: public; Owner: postgres
--

CREATE INDEX idx_adaptive_level ON public.student_app_adaptivedisengagementscore USING btree (adaptive_level);


--
-- Name: idx_ag_subject_date; Type: INDEX; Schema: public; Owner: postgres
--

CREATE INDEX idx_ag_subject_date ON public."ActivityGrade" USING btree ("SubjectID", "CreatedAt" DESC);


--
-- Name: idx_ag_teacher_student; Type: INDEX; Schema: public; Owner: postgres
--

CREATE INDEX idx_ag_teacher_student ON public."ActivityGrade" USING btree ("TeacherID", "StudentID", "CreatedAt" DESC);


--
-- Name: idx_chk_ans_chk; Type: INDEX; Schema: public; Owner: postgres
--

CREATE INDEX idx_chk_ans_chk ON public."StudentCheckpointAnswer" USING btree ("CheckpointID");


--
-- Name: idx_chk_ans_sess; Type: INDEX; Schema: public; Owner: postgres
--

CREATE INDEX idx_chk_ans_sess ON public."StudentCheckpointAnswer" USING btree ("SessionID");


--
-- Name: idx_chk_ans_time; Type: INDEX; Schema: public; Owner: postgres
--

CREATE INDEX idx_chk_ans_time ON public."StudentCheckpointAnswer" USING btree ("AnsweredAt");


--
-- Name: idx_chk_lesson; Type: INDEX; Schema: public; Owner: postgres
--

CREATE INDEX idx_chk_lesson ON public."Checkpoint" USING btree ("LessonID");


--
-- Name: idx_chk_lesson_type; Type: INDEX; Schema: public; Owner: postgres
--

CREATE INDEX idx_chk_lesson_type ON public."Checkpoint" USING btree ("LessonID", "CheckpointType");


--
-- Name: idx_chk_resp_chk_student; Type: INDEX; Schema: public; Owner: postgres
--

CREATE INDEX idx_chk_resp_chk_student ON public."StudentCheckpointResponse" USING btree ("CheckpointID", "StudentID");


--
-- Name: idx_chk_resp_lesson_student; Type: INDEX; Schema: public; Owner: postgres
--

CREATE INDEX idx_chk_resp_lesson_student ON public."StudentCheckpointResponse" USING btree ("LessonID", "StudentID");


--
-- Name: idx_chk_timestamp; Type: INDEX; Schema: public; Owner: postgres
--

CREATE INDEX idx_chk_timestamp ON public."Checkpoint" USING btree ("VideoTimestamp");


--
-- Name: idx_go_teacher_date; Type: INDEX; Schema: public; Owner: postgres
--

CREATE INDEX idx_go_teacher_date ON public."GradeOverride" USING btree ("TeacherID", "CreatedAt" DESC);


--
-- Name: idx_lesson_status; Type: INDEX; Schema: public; Owner: postgres
--

CREATE INDEX idx_lesson_status ON public."LessonContent" USING btree ("Status");


--
-- Name: idx_lesson_subjectid; Type: INDEX; Schema: public; Owner: postgres
--

CREATE INDEX idx_lesson_subjectid ON public."LessonContent" USING btree ("SubjectID");


--
-- Name: idx_lesson_teacher_date; Type: INDEX; Schema: public; Owner: postgres
--

CREATE INDEX idx_lesson_teacher_date ON public."LessonContent" USING btree ("TeacherID", "CreatedAt" DESC);


--
-- Name: idx_ls_session; Type: INDEX; Schema: public; Owner: postgres
--

CREATE INDEX idx_ls_session ON public."LearningState" USING btree ("SessionID");


--
-- Name: idx_ls_session_time; Type: INDEX; Schema: public; Owner: postgres
--

CREATE INDEX idx_ls_session_time ON public."LearningState" USING btree ("SessionID", "CreatedAt" DESC);


--
-- Name: idx_ls_student; Type: INDEX; Schema: public; Owner: postgres
--

CREATE INDEX idx_ls_student ON public."LearningState" USING btree ("StudentID");


--
-- Name: idx_ls_time_start; Type: INDEX; Schema: public; Owner: postgres
--

CREATE INDEX idx_ls_time_start ON public."LearningState" USING btree ("TimeWindowStart");


--
-- Name: idx_lss_session; Type: INDEX; Schema: public; Owner: postgres
--

CREATE INDEX idx_lss_session ON public."LearningStateSnapshot" USING btree ("SessionID");


--
-- Name: idx_lss_session_time; Type: INDEX; Schema: public; Owner: postgres
--

CREATE INDEX idx_lss_session_time ON public."LearningStateSnapshot" USING btree ("SessionID", "SnapshotTime" DESC);


--
-- Name: idx_lss_student; Type: INDEX; Schema: public; Owner: postgres
--

CREATE INDEX idx_lss_student ON public."LearningStateSnapshot" USING btree ("StudentID");


--
-- Name: idx_lss_time; Type: INDEX; Schema: public; Owner: postgres
--

CREATE INDEX idx_lss_time ON public."LearningStateSnapshot" USING btree ("SnapshotTime");


--
-- Name: idx_notif_read; Type: INDEX; Schema: public; Owner: postgres
--

CREATE INDEX idx_notif_read ON public."Notification" USING btree ("RecipientID", "IsRead");


--
-- Name: idx_notif_recipient_date; Type: INDEX; Schema: public; Owner: postgres
--

CREATE INDEX idx_notif_recipient_date ON public."Notification" USING btree ("RecipientID", "CreatedAt" DESC);


--
-- Name: idx_report_student_date; Type: INDEX; Schema: public; Owner: postgres
--

CREATE INDEX idx_report_student_date ON public."PerformanceReport" USING btree ("StudentID", "ReportDate" DESC);


--
-- Name: idx_schedule_class_date; Type: INDEX; Schema: public; Owner: postgres
--

CREATE INDEX idx_schedule_class_date ON public."ScheduleEntry" USING btree ("ClassID", "EntryDate");


--
-- Name: idx_schedule_teacher_date; Type: INDEX; Schema: public; Owner: postgres
--

CREATE INDEX idx_schedule_teacher_date ON public."ScheduleEntry" USING btree ("TeacherID", "EntryDate");


--
-- Name: idx_session_timestamp; Type: INDEX; Schema: public; Owner: postgres
--

CREATE INDEX idx_session_timestamp ON public.student_app_adaptivedisengagementscore USING btree (session_id, "timestamp");


--
-- Name: idx_stud_chk_ans; Type: INDEX; Schema: public; Owner: postgres
--

CREATE INDEX idx_stud_chk_ans ON public."StudentCheckpointAnswer" USING btree ("StudentID");


--
-- Name: idx_student_classid; Type: INDEX; Schema: public; Owner: postgres
--

CREATE INDEX idx_student_classid ON public."Student" USING btree ("ClassID");


--
-- Name: idx_subject_classid; Type: INDEX; Schema: public; Owner: postgres
--

CREATE INDEX idx_subject_classid ON public."Subject" USING btree ("ClassID");


--
-- Name: idx_subject_teacherid; Type: INDEX; Schema: public; Owner: postgres
--

CREATE INDEX idx_subject_teacherid ON public."Subject" USING btree ("TeacherID");


--
-- Name: idx_user_role; Type: INDEX; Schema: public; Owner: postgres
--

CREATE INDEX idx_user_role ON public."User" USING btree ("UserRole");


--
-- Name: idx_vr_classroom; Type: INDEX; Schema: public; Owner: postgres
--

CREATE INDEX idx_vr_classroom ON public."VRLesson" USING btree ("ClassID");


--
-- Name: idx_vr_interaction; Type: INDEX; Schema: public; Owner: postgres
--

CREATE INDEX idx_vr_interaction ON public."StudentVRInteraction" USING btree ("VRLessonID", "StudentID");


--
-- Name: idx_vr_lesson; Type: INDEX; Schema: public; Owner: postgres
--

CREATE INDEX idx_vr_lesson ON public."VRLesson" USING btree ("LessonID");


--
-- Name: idx_vr_published; Type: INDEX; Schema: public; Owner: postgres
--

CREATE INDEX idx_vr_published ON public."VRLesson" USING btree ("IsPublished");


--
-- Name: idx_vr_student; Type: INDEX; Schema: public; Owner: postgres
--

CREATE INDEX idx_vr_student ON public."StudentVRInteraction" USING btree ("StudentID");


--
-- Name: idx_vr_teacher; Type: INDEX; Schema: public; Owner: postgres
--

CREATE INDEX idx_vr_teacher ON public."VRLesson" USING btree ("TeacherID");


--
-- Name: learning_lessonwatchrecord_lesson_id_e2359665; Type: INDEX; Schema: public; Owner: postgres
--

CREATE INDEX learning_lessonwatchrecord_lesson_id_e2359665 ON public.learning_lessonwatchrecord USING btree (lesson_id);


--
-- Name: learning_lessonwatchrecord_student_id_2ad34f73; Type: INDEX; Schema: public; Owner: postgres
--

CREATE INDEX learning_lessonwatchrecord_student_id_2ad34f73 ON public.learning_lessonwatchrecord USING btree (student_id);


--
-- Name: parent_app_baselinesessiondata_baseline_id_a43b21ce; Type: INDEX; Schema: public; Owner: postgres
--

CREATE INDEX parent_app_baselinesessiondata_baseline_id_a43b21ce ON public.parent_app_baselinesessiondata USING btree (baseline_id);


--
-- Name: parent_app_behavioralbaseline_student_id_2b3c3123; Type: INDEX; Schema: public; Owner: postgres
--

CREATE INDEX parent_app_behavioralbaseline_student_id_2b3c3123 ON public.parent_app_behavioralbaseline USING btree (student_id);


--
-- Name: student_app_adaptivedisengagementscore_session_id_9e6ff847; Type: INDEX; Schema: public; Owner: postgres
--

CREATE INDEX student_app_adaptivedisengagementscore_session_id_9e6ff847 ON public.student_app_adaptivedisengagementscore USING btree (session_id);


--
-- Name: student_app_calibrationsession_student_id_437fa624; Type: INDEX; Schema: public; Owner: postgres
--

CREATE INDEX student_app_calibrationsession_student_id_437fa624 ON public.student_app_calibrationsession USING btree (student_id);


--
-- Name: student_app_cptlscalibrati_calibration_session_id_85f0e0b2; Type: INDEX; Schema: public; Owner: postgres
--

CREATE INDEX student_app_cptlscalibrati_calibration_session_id_85f0e0b2 ON public.student_app_cptlscalibrationsample USING btree (calibration_session_id);


--
-- Name: student_app_cptlssession_student_id_41d4daf7; Type: INDEX; Schema: public; Owner: postgres
--

CREATE INDEX student_app_cptlssession_student_id_41d4daf7 ON public.student_app_cptlssession USING btree (student_id);


--
-- Name: student_app_cptlsstatesnapshot_session_id_ec40f8c5; Type: INDEX; Schema: public; Owner: postgres
--

CREATE INDEX student_app_cptlsstatesnapshot_session_id_ec40f8c5 ON public.student_app_cptlsstatesnapshot USING btree (session_id);


--
-- Name: student_app_learningsession_student_id_d3d208c0; Type: INDEX; Schema: public; Owner: postgres
--

CREATE INDEX student_app_learningsession_student_id_d3d208c0 ON public.student_app_learningsession USING btree (student_id);


--
-- Name: student_app_session_4c3489_idx; Type: INDEX; Schema: public; Owner: postgres
--

CREATE INDEX student_app_session_4c3489_idx ON public.student_app_cptlsstatesnapshot USING btree (session_id, "timestamp");


--
-- Name: AI_Agent AI_Agent_TeacherID_f5a86c5f_fk_Teacher_TeacherID; Type: FK CONSTRAINT; Schema: public; Owner: postgres
--

ALTER TABLE ONLY public."AI_Agent"
    ADD CONSTRAINT "AI_Agent_TeacherID_f5a86c5f_fk_Teacher_TeacherID" FOREIGN KEY ("TeacherID") REFERENCES public."Teacher"("TeacherID") DEFERRABLE INITIALLY DEFERRED;


--
-- Name: AI_Interaction AI_Interaction_SessionID_3c8710af_fk_LearningSession_SessionID; Type: FK CONSTRAINT; Schema: public; Owner: postgres
--

ALTER TABLE ONLY public."AI_Interaction"
    ADD CONSTRAINT "AI_Interaction_SessionID_3c8710af_fk_LearningSession_SessionID" FOREIGN KEY ("SessionID") REFERENCES public."LearningSession"("SessionID") DEFERRABLE INITIALLY DEFERRED;


--
-- Name: ActivityGrade ActivityGrade_StudentID_40c459b2_fk_Student_StudentID; Type: FK CONSTRAINT; Schema: public; Owner: postgres
--

ALTER TABLE ONLY public."ActivityGrade"
    ADD CONSTRAINT "ActivityGrade_StudentID_40c459b2_fk_Student_StudentID" FOREIGN KEY ("StudentID") REFERENCES public."Student"("StudentID") DEFERRABLE INITIALLY DEFERRED;


--
-- Name: ActivityGrade ActivityGrade_SubjectID_876a0b96_fk_Subject_SubjectID; Type: FK CONSTRAINT; Schema: public; Owner: postgres
--

ALTER TABLE ONLY public."ActivityGrade"
    ADD CONSTRAINT "ActivityGrade_SubjectID_876a0b96_fk_Subject_SubjectID" FOREIGN KEY ("SubjectID") REFERENCES public."Subject"("SubjectID") DEFERRABLE INITIALLY DEFERRED;


--
-- Name: ActivityGrade ActivityGrade_TeacherID_39de7fac_fk_Teacher_TeacherID; Type: FK CONSTRAINT; Schema: public; Owner: postgres
--

ALTER TABLE ONLY public."ActivityGrade"
    ADD CONSTRAINT "ActivityGrade_TeacherID_39de7fac_fk_Teacher_TeacherID" FOREIGN KEY ("TeacherID") REFERENCES public."Teacher"("TeacherID") DEFERRABLE INITIALLY DEFERRED;


--
-- Name: AttentionLog AttentionLog_SessionID_c8dfa783_fk_LearningSession_SessionID; Type: FK CONSTRAINT; Schema: public; Owner: postgres
--

ALTER TABLE ONLY public."AttentionLog"
    ADD CONSTRAINT "AttentionLog_SessionID_c8dfa783_fk_LearningSession_SessionID" FOREIGN KEY ("SessionID") REFERENCES public."LearningSession"("SessionID") DEFERRABLE INITIALLY DEFERRED;


--
-- Name: Checkpoint Checkpoint_LessonID_75102f2d_fk_LessonContent_LessonID; Type: FK CONSTRAINT; Schema: public; Owner: postgres
--

ALTER TABLE ONLY public."Checkpoint"
    ADD CONSTRAINT "Checkpoint_LessonID_75102f2d_fk_LessonContent_LessonID" FOREIGN KEY ("LessonID") REFERENCES public."LessonContent"("LessonID") DEFERRABLE INITIALLY DEFERRED;


--
-- Name: Class Class_TeacherID_829f3a79_fk_Teacher_TeacherID; Type: FK CONSTRAINT; Schema: public; Owner: postgres
--

ALTER TABLE ONLY public."Class"
    ADD CONSTRAINT "Class_TeacherID_829f3a79_fk_Teacher_TeacherID" FOREIGN KEY ("TeacherID") REFERENCES public."Teacher"("TeacherID") DEFERRABLE INITIALLY DEFERRED;


--
-- Name: Conversation Conversation_participant_1_id_2c4b780a_fk_User_UserID; Type: FK CONSTRAINT; Schema: public; Owner: postgres
--

ALTER TABLE ONLY public."Conversation"
    ADD CONSTRAINT "Conversation_participant_1_id_2c4b780a_fk_User_UserID" FOREIGN KEY (participant_1_id) REFERENCES public."User"("UserID") DEFERRABLE INITIALLY DEFERRED;


--
-- Name: Conversation Conversation_participant_2_id_eb457136_fk_User_UserID; Type: FK CONSTRAINT; Schema: public; Owner: postgres
--

ALTER TABLE ONLY public."Conversation"
    ADD CONSTRAINT "Conversation_participant_2_id_eb457136_fk_User_UserID" FOREIGN KEY (participant_2_id) REFERENCES public."User"("UserID") DEFERRABLE INITIALLY DEFERRED;


--
-- Name: GradeOverride GradeOverride_AttemptID_c77659d3_fk_TestAttempt_AttemptID; Type: FK CONSTRAINT; Schema: public; Owner: postgres
--

ALTER TABLE ONLY public."GradeOverride"
    ADD CONSTRAINT "GradeOverride_AttemptID_c77659d3_fk_TestAttempt_AttemptID" FOREIGN KEY ("AttemptID") REFERENCES public."TestAttempt"("AttemptID") DEFERRABLE INITIALLY DEFERRED;


--
-- Name: GradeOverride GradeOverride_TeacherID_03ed53e2_fk_Teacher_TeacherID; Type: FK CONSTRAINT; Schema: public; Owner: postgres
--

ALTER TABLE ONLY public."GradeOverride"
    ADD CONSTRAINT "GradeOverride_TeacherID_03ed53e2_fk_Teacher_TeacherID" FOREIGN KEY ("TeacherID") REFERENCES public."Teacher"("TeacherID") DEFERRABLE INITIALLY DEFERRED;


--
-- Name: LearningSession LearningSession_LessonID_615c78bb_fk_LessonContent_LessonID; Type: FK CONSTRAINT; Schema: public; Owner: postgres
--

ALTER TABLE ONLY public."LearningSession"
    ADD CONSTRAINT "LearningSession_LessonID_615c78bb_fk_LessonContent_LessonID" FOREIGN KEY ("LessonID") REFERENCES public."LessonContent"("LessonID") DEFERRABLE INITIALLY DEFERRED;


--
-- Name: LearningSession LearningSession_StudentID_03e570d3_fk_Student_StudentID; Type: FK CONSTRAINT; Schema: public; Owner: postgres
--

ALTER TABLE ONLY public."LearningSession"
    ADD CONSTRAINT "LearningSession_StudentID_03e570d3_fk_Student_StudentID" FOREIGN KEY ("StudentID") REFERENCES public."Student"("StudentID") DEFERRABLE INITIALLY DEFERRED;


--
-- Name: LearningStateSnapshot LearningStateSnapsho_SessionID_fb690b85_fk_LearningS; Type: FK CONSTRAINT; Schema: public; Owner: postgres
--

ALTER TABLE ONLY public."LearningStateSnapshot"
    ADD CONSTRAINT "LearningStateSnapsho_SessionID_fb690b85_fk_LearningS" FOREIGN KEY ("SessionID") REFERENCES public."LearningSession"("SessionID") DEFERRABLE INITIALLY DEFERRED;


--
-- Name: LearningStateSnapshot LearningStateSnapshot_StudentID_cdeddfe6_fk_Student_StudentID; Type: FK CONSTRAINT; Schema: public; Owner: postgres
--

ALTER TABLE ONLY public."LearningStateSnapshot"
    ADD CONSTRAINT "LearningStateSnapshot_StudentID_cdeddfe6_fk_Student_StudentID" FOREIGN KEY ("StudentID") REFERENCES public."Student"("StudentID") DEFERRABLE INITIALLY DEFERRED;


--
-- Name: LearningState LearningState_SessionID_2fd52114_fk_LearningSession_SessionID; Type: FK CONSTRAINT; Schema: public; Owner: postgres
--

ALTER TABLE ONLY public."LearningState"
    ADD CONSTRAINT "LearningState_SessionID_2fd52114_fk_LearningSession_SessionID" FOREIGN KEY ("SessionID") REFERENCES public."LearningSession"("SessionID") DEFERRABLE INITIALLY DEFERRED;


--
-- Name: LearningState LearningState_StudentID_af6a072e_fk_Student_StudentID; Type: FK CONSTRAINT; Schema: public; Owner: postgres
--

ALTER TABLE ONLY public."LearningState"
    ADD CONSTRAINT "LearningState_StudentID_af6a072e_fk_Student_StudentID" FOREIGN KEY ("StudentID") REFERENCES public."Student"("StudentID") DEFERRABLE INITIALLY DEFERRED;


--
-- Name: LessonCheckpoint LessonCheckpoint_LessonID_e3c87a06_fk_LessonContent_LessonID; Type: FK CONSTRAINT; Schema: public; Owner: postgres
--

ALTER TABLE ONLY public."LessonCheckpoint"
    ADD CONSTRAINT "LessonCheckpoint_LessonID_e3c87a06_fk_LessonContent_LessonID" FOREIGN KEY ("LessonID") REFERENCES public."LessonContent"("LessonID") DEFERRABLE INITIALLY DEFERRED;


--
-- Name: LessonContent LessonContent_AgentID_3b2e2c1e_fk_AI_Agent_AgentID; Type: FK CONSTRAINT; Schema: public; Owner: postgres
--

ALTER TABLE ONLY public."LessonContent"
    ADD CONSTRAINT "LessonContent_AgentID_3b2e2c1e_fk_AI_Agent_AgentID" FOREIGN KEY ("AgentID") REFERENCES public."AI_Agent"("AgentID") DEFERRABLE INITIALLY DEFERRED;


--
-- Name: LessonContent LessonContent_SubjectID_754a237d_fk_Subject_SubjectID; Type: FK CONSTRAINT; Schema: public; Owner: postgres
--

ALTER TABLE ONLY public."LessonContent"
    ADD CONSTRAINT "LessonContent_SubjectID_754a237d_fk_Subject_SubjectID" FOREIGN KEY ("SubjectID") REFERENCES public."Subject"("SubjectID") DEFERRABLE INITIALLY DEFERRED;


--
-- Name: LessonContent LessonContent_TeacherID_afd44cab_fk_Teacher_TeacherID; Type: FK CONSTRAINT; Schema: public; Owner: postgres
--

ALTER TABLE ONLY public."LessonContent"
    ADD CONSTRAINT "LessonContent_TeacherID_afd44cab_fk_Teacher_TeacherID" FOREIGN KEY ("TeacherID") REFERENCES public."Teacher"("TeacherID") DEFERRABLE INITIALLY DEFERRED;


--
-- Name: Message Message_conversation_id_622df4da_fk_Conversation_id; Type: FK CONSTRAINT; Schema: public; Owner: postgres
--

ALTER TABLE ONLY public."Message"
    ADD CONSTRAINT "Message_conversation_id_622df4da_fk_Conversation_id" FOREIGN KEY (conversation_id) REFERENCES public."Conversation"(id) DEFERRABLE INITIALLY DEFERRED;


--
-- Name: Message Message_sender_id_d4e45c58_fk_User_UserID; Type: FK CONSTRAINT; Schema: public; Owner: postgres
--

ALTER TABLE ONLY public."Message"
    ADD CONSTRAINT "Message_sender_id_d4e45c58_fk_User_UserID" FOREIGN KEY (sender_id) REFERENCES public."User"("UserID") DEFERRABLE INITIALLY DEFERRED;


--
-- Name: Notification Notification_LessonID_48c454a8_fk_LessonContent_LessonID; Type: FK CONSTRAINT; Schema: public; Owner: postgres
--

ALTER TABLE ONLY public."Notification"
    ADD CONSTRAINT "Notification_LessonID_48c454a8_fk_LessonContent_LessonID" FOREIGN KEY ("LessonID") REFERENCES public."LessonContent"("LessonID") DEFERRABLE INITIALLY DEFERRED;


--
-- Name: Notification Notification_RecipientID_f61257bc_fk_User_UserID; Type: FK CONSTRAINT; Schema: public; Owner: postgres
--

ALTER TABLE ONLY public."Notification"
    ADD CONSTRAINT "Notification_RecipientID_f61257bc_fk_User_UserID" FOREIGN KEY ("RecipientID") REFERENCES public."User"("UserID") DEFERRABLE INITIALLY DEFERRED;


--
-- Name: Notification Notification_TestID_044f0c30_fk_Test_TestID; Type: FK CONSTRAINT; Schema: public; Owner: postgres
--

ALTER TABLE ONLY public."Notification"
    ADD CONSTRAINT "Notification_TestID_044f0c30_fk_Test_TestID" FOREIGN KEY ("TestID") REFERENCES public."Test"("TestID") DEFERRABLE INITIALLY DEFERRED;


--
-- Name: Parent Parent_ChildID_2ee607dc_fk_Student_StudentID; Type: FK CONSTRAINT; Schema: public; Owner: postgres
--

ALTER TABLE ONLY public."Parent"
    ADD CONSTRAINT "Parent_ChildID_2ee607dc_fk_Student_StudentID" FOREIGN KEY ("ChildID") REFERENCES public."Student"("StudentID") DEFERRABLE INITIALLY DEFERRED;


--
-- Name: Parent Parent_UserID_8b2eba49_fk_User_UserID; Type: FK CONSTRAINT; Schema: public; Owner: postgres
--

ALTER TABLE ONLY public."Parent"
    ADD CONSTRAINT "Parent_UserID_8b2eba49_fk_User_UserID" FOREIGN KEY ("UserID") REFERENCES public."User"("UserID") DEFERRABLE INITIALLY DEFERRED;


--
-- Name: PerformanceReport PerformanceReport_LessonID_ac8a13f5_fk_LessonContent_LessonID; Type: FK CONSTRAINT; Schema: public; Owner: postgres
--

ALTER TABLE ONLY public."PerformanceReport"
    ADD CONSTRAINT "PerformanceReport_LessonID_ac8a13f5_fk_LessonContent_LessonID" FOREIGN KEY ("LessonID") REFERENCES public."LessonContent"("LessonID") DEFERRABLE INITIALLY DEFERRED;


--
-- Name: PerformanceReport PerformanceReport_StudentID_4c94d1cd_fk_Student_StudentID; Type: FK CONSTRAINT; Schema: public; Owner: postgres
--

ALTER TABLE ONLY public."PerformanceReport"
    ADD CONSTRAINT "PerformanceReport_StudentID_4c94d1cd_fk_Student_StudentID" FOREIGN KEY ("StudentID") REFERENCES public."Student"("StudentID") DEFERRABLE INITIALLY DEFERRED;


--
-- Name: Question Question_TestID_c685d7cf_fk_Test_TestID; Type: FK CONSTRAINT; Schema: public; Owner: postgres
--

ALTER TABLE ONLY public."Question"
    ADD CONSTRAINT "Question_TestID_c685d7cf_fk_Test_TestID" FOREIGN KEY ("TestID") REFERENCES public."Test"("TestID") DEFERRABLE INITIALLY DEFERRED;


--
-- Name: ScheduleEntry ScheduleEntry_ClassID_245bd164_fk_Class_ClassID; Type: FK CONSTRAINT; Schema: public; Owner: postgres
--

ALTER TABLE ONLY public."ScheduleEntry"
    ADD CONSTRAINT "ScheduleEntry_ClassID_245bd164_fk_Class_ClassID" FOREIGN KEY ("ClassID") REFERENCES public."Class"("ClassID") DEFERRABLE INITIALLY DEFERRED;


--
-- Name: ScheduleEntry ScheduleEntry_SubjectID_4ae896ab_fk_Subject_SubjectID; Type: FK CONSTRAINT; Schema: public; Owner: postgres
--

ALTER TABLE ONLY public."ScheduleEntry"
    ADD CONSTRAINT "ScheduleEntry_SubjectID_4ae896ab_fk_Subject_SubjectID" FOREIGN KEY ("SubjectID") REFERENCES public."Subject"("SubjectID") DEFERRABLE INITIALLY DEFERRED;


--
-- Name: ScheduleEntry ScheduleEntry_TeacherID_a32227db_fk_Teacher_TeacherID; Type: FK CONSTRAINT; Schema: public; Owner: postgres
--

ALTER TABLE ONLY public."ScheduleEntry"
    ADD CONSTRAINT "ScheduleEntry_TeacherID_a32227db_fk_Teacher_TeacherID" FOREIGN KEY ("TeacherID") REFERENCES public."Teacher"("TeacherID") DEFERRABLE INITIALLY DEFERRED;


--
-- Name: StudentAnswer StudentAnswer_AttemptID_7278d9cd_fk_TestAttempt_AttemptID; Type: FK CONSTRAINT; Schema: public; Owner: postgres
--

ALTER TABLE ONLY public."StudentAnswer"
    ADD CONSTRAINT "StudentAnswer_AttemptID_7278d9cd_fk_TestAttempt_AttemptID" FOREIGN KEY ("AttemptID") REFERENCES public."TestAttempt"("AttemptID") DEFERRABLE INITIALLY DEFERRED;


--
-- Name: StudentAnswer StudentAnswer_QuestionID_36a1da93_fk_Question_QuestionID; Type: FK CONSTRAINT; Schema: public; Owner: postgres
--

ALTER TABLE ONLY public."StudentAnswer"
    ADD CONSTRAINT "StudentAnswer_QuestionID_36a1da93_fk_Question_QuestionID" FOREIGN KEY ("QuestionID") REFERENCES public."Question"("QuestionID") DEFERRABLE INITIALLY DEFERRED;


--
-- Name: StudentCheckpointAnswer StudentCheckpointAns_CheckpointID_7aaf1f65_fk_Checkpoin; Type: FK CONSTRAINT; Schema: public; Owner: postgres
--

ALTER TABLE ONLY public."StudentCheckpointAnswer"
    ADD CONSTRAINT "StudentCheckpointAns_CheckpointID_7aaf1f65_fk_Checkpoin" FOREIGN KEY ("CheckpointID") REFERENCES public."Checkpoint"("CheckpointID") DEFERRABLE INITIALLY DEFERRED;


--
-- Name: StudentCheckpointAnswer StudentCheckpointAns_SessionID_dfde1f1e_fk_LearningS; Type: FK CONSTRAINT; Schema: public; Owner: postgres
--

ALTER TABLE ONLY public."StudentCheckpointAnswer"
    ADD CONSTRAINT "StudentCheckpointAns_SessionID_dfde1f1e_fk_LearningS" FOREIGN KEY ("SessionID") REFERENCES public."LearningSession"("SessionID") DEFERRABLE INITIALLY DEFERRED;


--
-- Name: StudentCheckpointAnswer StudentCheckpointAnswer_StudentID_1fa8c302_fk_Student_StudentID; Type: FK CONSTRAINT; Schema: public; Owner: postgres
--

ALTER TABLE ONLY public."StudentCheckpointAnswer"
    ADD CONSTRAINT "StudentCheckpointAnswer_StudentID_1fa8c302_fk_Student_StudentID" FOREIGN KEY ("StudentID") REFERENCES public."Student"("StudentID") DEFERRABLE INITIALLY DEFERRED;


--
-- Name: StudentCheckpointResponse StudentCheckpointRes_CheckpointID_055fef48_fk_LessonChe; Type: FK CONSTRAINT; Schema: public; Owner: postgres
--

ALTER TABLE ONLY public."StudentCheckpointResponse"
    ADD CONSTRAINT "StudentCheckpointRes_CheckpointID_055fef48_fk_LessonChe" FOREIGN KEY ("CheckpointID") REFERENCES public."LessonCheckpoint"("CheckpointID") DEFERRABLE INITIALLY DEFERRED;


--
-- Name: StudentCheckpointResponse StudentCheckpointRes_LessonID_da6ff938_fk_LessonCon; Type: FK CONSTRAINT; Schema: public; Owner: postgres
--

ALTER TABLE ONLY public."StudentCheckpointResponse"
    ADD CONSTRAINT "StudentCheckpointRes_LessonID_da6ff938_fk_LessonCon" FOREIGN KEY ("LessonID") REFERENCES public."LessonContent"("LessonID") DEFERRABLE INITIALLY DEFERRED;


--
-- Name: StudentCheckpointResponse StudentCheckpointRes_SessionID_2a364a2e_fk_LearningS; Type: FK CONSTRAINT; Schema: public; Owner: postgres
--

ALTER TABLE ONLY public."StudentCheckpointResponse"
    ADD CONSTRAINT "StudentCheckpointRes_SessionID_2a364a2e_fk_LearningS" FOREIGN KEY ("SessionID") REFERENCES public."LearningSession"("SessionID") DEFERRABLE INITIALLY DEFERRED;


--
-- Name: StudentCheckpointResponse StudentCheckpointRes_StudentID_32628635_fk_Student_S; Type: FK CONSTRAINT; Schema: public; Owner: postgres
--

ALTER TABLE ONLY public."StudentCheckpointResponse"
    ADD CONSTRAINT "StudentCheckpointRes_StudentID_32628635_fk_Student_S" FOREIGN KEY ("StudentID") REFERENCES public."Student"("StudentID") DEFERRABLE INITIALLY DEFERRED;


--
-- Name: StudentTeacherAssignment StudentTeacherAssign_StudentID_3726daa3_fk_Student_S; Type: FK CONSTRAINT; Schema: public; Owner: postgres
--

ALTER TABLE ONLY public."StudentTeacherAssignment"
    ADD CONSTRAINT "StudentTeacherAssign_StudentID_3726daa3_fk_Student_S" FOREIGN KEY ("StudentID") REFERENCES public."Student"("StudentID") DEFERRABLE INITIALLY DEFERRED;


--
-- Name: StudentTeacherAssignment StudentTeacherAssign_SubjectID_fd2a7af6_fk_Subject_S; Type: FK CONSTRAINT; Schema: public; Owner: postgres
--

ALTER TABLE ONLY public."StudentTeacherAssignment"
    ADD CONSTRAINT "StudentTeacherAssign_SubjectID_fd2a7af6_fk_Subject_S" FOREIGN KEY ("SubjectID") REFERENCES public."Subject"("SubjectID") DEFERRABLE INITIALLY DEFERRED;


--
-- Name: StudentTeacherAssignment StudentTeacherAssign_TeacherID_5aaacd28_fk_Teacher_T; Type: FK CONSTRAINT; Schema: public; Owner: postgres
--

ALTER TABLE ONLY public."StudentTeacherAssignment"
    ADD CONSTRAINT "StudentTeacherAssign_TeacherID_5aaacd28_fk_Teacher_T" FOREIGN KEY ("TeacherID") REFERENCES public."Teacher"("TeacherID") DEFERRABLE INITIALLY DEFERRED;


--
-- Name: StudentTeacherAssignment StudentTeacherAssignment_ClassID_ca91dcb5_fk_Class_ClassID; Type: FK CONSTRAINT; Schema: public; Owner: postgres
--

ALTER TABLE ONLY public."StudentTeacherAssignment"
    ADD CONSTRAINT "StudentTeacherAssignment_ClassID_ca91dcb5_fk_Class_ClassID" FOREIGN KEY ("ClassID") REFERENCES public."Class"("ClassID") DEFERRABLE INITIALLY DEFERRED;


--
-- Name: StudentVRInteraction StudentVRInteraction_StudentID_b83757b4_fk_Student_StudentID; Type: FK CONSTRAINT; Schema: public; Owner: postgres
--

ALTER TABLE ONLY public."StudentVRInteraction"
    ADD CONSTRAINT "StudentVRInteraction_StudentID_b83757b4_fk_Student_StudentID" FOREIGN KEY ("StudentID") REFERENCES public."Student"("StudentID") DEFERRABLE INITIALLY DEFERRED;


--
-- Name: StudentVRInteraction StudentVRInteraction_VRLessonID_49cb1590_fk_VRLesson_VR_ID; Type: FK CONSTRAINT; Schema: public; Owner: postgres
--

ALTER TABLE ONLY public."StudentVRInteraction"
    ADD CONSTRAINT "StudentVRInteraction_VRLessonID_49cb1590_fk_VRLesson_VR_ID" FOREIGN KEY ("VRLessonID") REFERENCES public."VRLesson"("VR_ID") DEFERRABLE INITIALLY DEFERRED;


--
-- Name: Student Student_ClassID_d8f5dcca_fk_Class_ClassID; Type: FK CONSTRAINT; Schema: public; Owner: postgres
--

ALTER TABLE ONLY public."Student"
    ADD CONSTRAINT "Student_ClassID_d8f5dcca_fk_Class_ClassID" FOREIGN KEY ("ClassID") REFERENCES public."Class"("ClassID") DEFERRABLE INITIALLY DEFERRED;


--
-- Name: Student Student_UserID_b4306d3f_fk_User_UserID; Type: FK CONSTRAINT; Schema: public; Owner: postgres
--

ALTER TABLE ONLY public."Student"
    ADD CONSTRAINT "Student_UserID_b4306d3f_fk_User_UserID" FOREIGN KEY ("UserID") REFERENCES public."User"("UserID") DEFERRABLE INITIALLY DEFERRED;


--
-- Name: Subject Subject_ClassID_2c7b163e_fk_Class_ClassID; Type: FK CONSTRAINT; Schema: public; Owner: postgres
--

ALTER TABLE ONLY public."Subject"
    ADD CONSTRAINT "Subject_ClassID_2c7b163e_fk_Class_ClassID" FOREIGN KEY ("ClassID") REFERENCES public."Class"("ClassID") DEFERRABLE INITIALLY DEFERRED;


--
-- Name: Subject Subject_TeacherID_8d498c6d_fk_Teacher_TeacherID; Type: FK CONSTRAINT; Schema: public; Owner: postgres
--

ALTER TABLE ONLY public."Subject"
    ADD CONSTRAINT "Subject_TeacherID_8d498c6d_fk_Teacher_TeacherID" FOREIGN KEY ("TeacherID") REFERENCES public."Teacher"("TeacherID") DEFERRABLE INITIALLY DEFERRED;


--
-- Name: Teacher Teacher_UserID_2e50b512_fk_User_UserID; Type: FK CONSTRAINT; Schema: public; Owner: postgres
--

ALTER TABLE ONLY public."Teacher"
    ADD CONSTRAINT "Teacher_UserID_2e50b512_fk_User_UserID" FOREIGN KEY ("UserID") REFERENCES public."User"("UserID") DEFERRABLE INITIALLY DEFERRED;


--
-- Name: Teacher_assigned_classes Teacher_assigned_cla_teacher_id_1868ae41_fk_Teacher_T; Type: FK CONSTRAINT; Schema: public; Owner: postgres
--

ALTER TABLE ONLY public."Teacher_assigned_classes"
    ADD CONSTRAINT "Teacher_assigned_cla_teacher_id_1868ae41_fk_Teacher_T" FOREIGN KEY (teacher_id) REFERENCES public."Teacher"("TeacherID") DEFERRABLE INITIALLY DEFERRED;


--
-- Name: Teacher_assigned_classes Teacher_assigned_classes_class_id_976edaa1_fk_Class_ClassID; Type: FK CONSTRAINT; Schema: public; Owner: postgres
--

ALTER TABLE ONLY public."Teacher_assigned_classes"
    ADD CONSTRAINT "Teacher_assigned_classes_class_id_976edaa1_fk_Class_ClassID" FOREIGN KEY (class_id) REFERENCES public."Class"("ClassID") DEFERRABLE INITIALLY DEFERRED;


--
-- Name: TestAttempt TestAttempt_StudentID_387f5200_fk_Student_StudentID; Type: FK CONSTRAINT; Schema: public; Owner: postgres
--

ALTER TABLE ONLY public."TestAttempt"
    ADD CONSTRAINT "TestAttempt_StudentID_387f5200_fk_Student_StudentID" FOREIGN KEY ("StudentID") REFERENCES public."Student"("StudentID") DEFERRABLE INITIALLY DEFERRED;


--
-- Name: TestAttempt TestAttempt_TestID_4b239cc0_fk_Test_TestID; Type: FK CONSTRAINT; Schema: public; Owner: postgres
--

ALTER TABLE ONLY public."TestAttempt"
    ADD CONSTRAINT "TestAttempt_TestID_4b239cc0_fk_Test_TestID" FOREIGN KEY ("TestID") REFERENCES public."Test"("TestID") DEFERRABLE INITIALLY DEFERRED;


--
-- Name: Test Test_LessonID_16c440e2_fk_LessonContent_LessonID; Type: FK CONSTRAINT; Schema: public; Owner: postgres
--

ALTER TABLE ONLY public."Test"
    ADD CONSTRAINT "Test_LessonID_16c440e2_fk_LessonContent_LessonID" FOREIGN KEY ("LessonID") REFERENCES public."LessonContent"("LessonID") DEFERRABLE INITIALLY DEFERRED;


--
-- Name: Test Test_SubjectID_3458feee_fk_Subject_SubjectID; Type: FK CONSTRAINT; Schema: public; Owner: postgres
--

ALTER TABLE ONLY public."Test"
    ADD CONSTRAINT "Test_SubjectID_3458feee_fk_Subject_SubjectID" FOREIGN KEY ("SubjectID") REFERENCES public."Subject"("SubjectID") DEFERRABLE INITIALLY DEFERRED;


--
-- Name: Test Test_TeacherID_a2b2a1a3_fk_Teacher_TeacherID; Type: FK CONSTRAINT; Schema: public; Owner: postgres
--

ALTER TABLE ONLY public."Test"
    ADD CONSTRAINT "Test_TeacherID_a2b2a1a3_fk_Teacher_TeacherID" FOREIGN KEY ("TeacherID") REFERENCES public."Teacher"("TeacherID") DEFERRABLE INITIALLY DEFERRED;


--
-- Name: User_groups User_groups_group_id_328392a3_fk_auth_group_id; Type: FK CONSTRAINT; Schema: public; Owner: postgres
--

ALTER TABLE ONLY public."User_groups"
    ADD CONSTRAINT "User_groups_group_id_328392a3_fk_auth_group_id" FOREIGN KEY (group_id) REFERENCES public.auth_group(id) DEFERRABLE INITIALLY DEFERRED;


--
-- Name: User_groups User_groups_user_id_8f675f72_fk_User_UserID; Type: FK CONSTRAINT; Schema: public; Owner: postgres
--

ALTER TABLE ONLY public."User_groups"
    ADD CONSTRAINT "User_groups_user_id_8f675f72_fk_User_UserID" FOREIGN KEY (user_id) REFERENCES public."User"("UserID") DEFERRABLE INITIALLY DEFERRED;


--
-- Name: User_user_permissions User_user_permission_permission_id_8e998ba4_fk_auth_perm; Type: FK CONSTRAINT; Schema: public; Owner: postgres
--

ALTER TABLE ONLY public."User_user_permissions"
    ADD CONSTRAINT "User_user_permission_permission_id_8e998ba4_fk_auth_perm" FOREIGN KEY (permission_id) REFERENCES public.auth_permission(id) DEFERRABLE INITIALLY DEFERRED;


--
-- Name: User_user_permissions User_user_permissions_user_id_2c6da4d4_fk_User_UserID; Type: FK CONSTRAINT; Schema: public; Owner: postgres
--

ALTER TABLE ONLY public."User_user_permissions"
    ADD CONSTRAINT "User_user_permissions_user_id_2c6da4d4_fk_User_UserID" FOREIGN KEY (user_id) REFERENCES public."User"("UserID") DEFERRABLE INITIALLY DEFERRED;


--
-- Name: VRLesson VRLesson_ClassID_67a0b786_fk_Class_ClassID; Type: FK CONSTRAINT; Schema: public; Owner: postgres
--

ALTER TABLE ONLY public."VRLesson"
    ADD CONSTRAINT "VRLesson_ClassID_67a0b786_fk_Class_ClassID" FOREIGN KEY ("ClassID") REFERENCES public."Class"("ClassID") DEFERRABLE INITIALLY DEFERRED;


--
-- Name: VRLesson VRLesson_LessonID_87ac8e19_fk_LessonContent_LessonID; Type: FK CONSTRAINT; Schema: public; Owner: postgres
--

ALTER TABLE ONLY public."VRLesson"
    ADD CONSTRAINT "VRLesson_LessonID_87ac8e19_fk_LessonContent_LessonID" FOREIGN KEY ("LessonID") REFERENCES public."LessonContent"("LessonID") DEFERRABLE INITIALLY DEFERRED;


--
-- Name: VRLesson VRLesson_SubjectID_4e6b7b48_fk_Subject_SubjectID; Type: FK CONSTRAINT; Schema: public; Owner: postgres
--

ALTER TABLE ONLY public."VRLesson"
    ADD CONSTRAINT "VRLesson_SubjectID_4e6b7b48_fk_Subject_SubjectID" FOREIGN KEY ("SubjectID") REFERENCES public."Subject"("SubjectID") DEFERRABLE INITIALLY DEFERRED;


--
-- Name: VRLesson VRLesson_TeacherID_36736d94_fk_Teacher_TeacherID; Type: FK CONSTRAINT; Schema: public; Owner: postgres
--

ALTER TABLE ONLY public."VRLesson"
    ADD CONSTRAINT "VRLesson_TeacherID_36736d94_fk_Teacher_TeacherID" FOREIGN KEY ("TeacherID") REFERENCES public."Teacher"("TeacherID") DEFERRABLE INITIALLY DEFERRED;


--
-- Name: auth_group_permissions auth_group_permissio_permission_id_84c5c92e_fk_auth_perm; Type: FK CONSTRAINT; Schema: public; Owner: postgres
--

ALTER TABLE ONLY public.auth_group_permissions
    ADD CONSTRAINT auth_group_permissio_permission_id_84c5c92e_fk_auth_perm FOREIGN KEY (permission_id) REFERENCES public.auth_permission(id) DEFERRABLE INITIALLY DEFERRED;


--
-- Name: auth_group_permissions auth_group_permissions_group_id_b120cbf9_fk_auth_group_id; Type: FK CONSTRAINT; Schema: public; Owner: postgres
--

ALTER TABLE ONLY public.auth_group_permissions
    ADD CONSTRAINT auth_group_permissions_group_id_b120cbf9_fk_auth_group_id FOREIGN KEY (group_id) REFERENCES public.auth_group(id) DEFERRABLE INITIALLY DEFERRED;


--
-- Name: auth_permission auth_permission_content_type_id_2f476e4b_fk_django_co; Type: FK CONSTRAINT; Schema: public; Owner: postgres
--

ALTER TABLE ONLY public.auth_permission
    ADD CONSTRAINT auth_permission_content_type_id_2f476e4b_fk_django_co FOREIGN KEY (content_type_id) REFERENCES public.django_content_type(id) DEFERRABLE INITIALLY DEFERRED;


--
-- Name: django_admin_log django_admin_log_content_type_id_c4bce8eb_fk_django_co; Type: FK CONSTRAINT; Schema: public; Owner: postgres
--

ALTER TABLE ONLY public.django_admin_log
    ADD CONSTRAINT django_admin_log_content_type_id_c4bce8eb_fk_django_co FOREIGN KEY (content_type_id) REFERENCES public.django_content_type(id) DEFERRABLE INITIALLY DEFERRED;


--
-- Name: django_admin_log django_admin_log_user_id_c564eba6_fk_User_UserID; Type: FK CONSTRAINT; Schema: public; Owner: postgres
--

ALTER TABLE ONLY public.django_admin_log
    ADD CONSTRAINT "django_admin_log_user_id_c564eba6_fk_User_UserID" FOREIGN KEY (user_id) REFERENCES public."User"("UserID") DEFERRABLE INITIALLY DEFERRED;


--
-- Name: learning_lessonwatchrecord learning_lessonwatch_lesson_id_e2359665_fk_LessonCon; Type: FK CONSTRAINT; Schema: public; Owner: postgres
--

ALTER TABLE ONLY public.learning_lessonwatchrecord
    ADD CONSTRAINT "learning_lessonwatch_lesson_id_e2359665_fk_LessonCon" FOREIGN KEY (lesson_id) REFERENCES public."LessonContent"("LessonID") DEFERRABLE INITIALLY DEFERRED;


--
-- Name: learning_lessonwatchrecord learning_lessonwatch_student_id_2ad34f73_fk_Student_S; Type: FK CONSTRAINT; Schema: public; Owner: postgres
--

ALTER TABLE ONLY public.learning_lessonwatchrecord
    ADD CONSTRAINT "learning_lessonwatch_student_id_2ad34f73_fk_Student_S" FOREIGN KEY (student_id) REFERENCES public."Student"("StudentID") DEFERRABLE INITIALLY DEFERRED;


--
-- Name: parent_app_baselinesessiondata parent_app_baselines_baseline_id_a43b21ce_fk_parent_ap; Type: FK CONSTRAINT; Schema: public; Owner: postgres
--

ALTER TABLE ONLY public.parent_app_baselinesessiondata
    ADD CONSTRAINT parent_app_baselines_baseline_id_a43b21ce_fk_parent_ap FOREIGN KEY (baseline_id) REFERENCES public.parent_app_behavioralbaseline(id) DEFERRABLE INITIALLY DEFERRED;


--
-- Name: parent_app_behavioralbaseline parent_app_behaviora_student_id_2b3c3123_fk_User_User; Type: FK CONSTRAINT; Schema: public; Owner: postgres
--

ALTER TABLE ONLY public.parent_app_behavioralbaseline
    ADD CONSTRAINT "parent_app_behaviora_student_id_2b3c3123_fk_User_User" FOREIGN KEY (student_id) REFERENCES public."User"("UserID") DEFERRABLE INITIALLY DEFERRED;


--
-- Name: student_app_adaptivedisengagementscore student_app_adaptive_session_id_9e6ff847_fk_student_a; Type: FK CONSTRAINT; Schema: public; Owner: postgres
--

ALTER TABLE ONLY public.student_app_adaptivedisengagementscore
    ADD CONSTRAINT student_app_adaptive_session_id_9e6ff847_fk_student_a FOREIGN KEY (session_id) REFERENCES public.student_app_learningsession(id) DEFERRABLE INITIALLY DEFERRED;


--
-- Name: student_app_behavioralbaseline student_app_behavior_student_id_3d4b34d0_fk_User_User; Type: FK CONSTRAINT; Schema: public; Owner: postgres
--

ALTER TABLE ONLY public.student_app_behavioralbaseline
    ADD CONSTRAINT "student_app_behavior_student_id_3d4b34d0_fk_User_User" FOREIGN KEY (student_id) REFERENCES public."User"("UserID") DEFERRABLE INITIALLY DEFERRED;


--
-- Name: student_app_calibrationsession student_app_calibrat_student_id_437fa624_fk_User_User; Type: FK CONSTRAINT; Schema: public; Owner: postgres
--

ALTER TABLE ONLY public.student_app_calibrationsession
    ADD CONSTRAINT "student_app_calibrat_student_id_437fa624_fk_User_User" FOREIGN KEY (student_id) REFERENCES public."User"("UserID") DEFERRABLE INITIALLY DEFERRED;


--
-- Name: student_app_cptlsbaseline student_app_cptlsbaseline_student_id_2826538b_fk_User_UserID; Type: FK CONSTRAINT; Schema: public; Owner: postgres
--

ALTER TABLE ONLY public.student_app_cptlsbaseline
    ADD CONSTRAINT "student_app_cptlsbaseline_student_id_2826538b_fk_User_UserID" FOREIGN KEY (student_id) REFERENCES public."User"("UserID") DEFERRABLE INITIALLY DEFERRED;


--
-- Name: student_app_cptlscalibrationsample student_app_cptlscal_calibration_session__85f0e0b2_fk_student_a; Type: FK CONSTRAINT; Schema: public; Owner: postgres
--

ALTER TABLE ONLY public.student_app_cptlscalibrationsample
    ADD CONSTRAINT student_app_cptlscal_calibration_session__85f0e0b2_fk_student_a FOREIGN KEY (calibration_session_id) REFERENCES public.student_app_calibrationsession(id) DEFERRABLE INITIALLY DEFERRED;


--
-- Name: student_app_cptlssession student_app_cptlssession_student_id_41d4daf7_fk_User_UserID; Type: FK CONSTRAINT; Schema: public; Owner: postgres
--

ALTER TABLE ONLY public.student_app_cptlssession
    ADD CONSTRAINT "student_app_cptlssession_student_id_41d4daf7_fk_User_UserID" FOREIGN KEY (student_id) REFERENCES public."User"("UserID") DEFERRABLE INITIALLY DEFERRED;


--
-- Name: student_app_cptlsstatesnapshot student_app_cptlssta_session_id_ec40f8c5_fk_student_a; Type: FK CONSTRAINT; Schema: public; Owner: postgres
--

ALTER TABLE ONLY public.student_app_cptlsstatesnapshot
    ADD CONSTRAINT student_app_cptlssta_session_id_ec40f8c5_fk_student_a FOREIGN KEY (session_id) REFERENCES public.student_app_cptlssession(id) DEFERRABLE INITIALLY DEFERRED;


--
-- Name: student_app_learningsession student_app_learningsession_student_id_d3d208c0_fk_User_UserID; Type: FK CONSTRAINT; Schema: public; Owner: postgres
--

ALTER TABLE ONLY public.student_app_learningsession
    ADD CONSTRAINT "student_app_learningsession_student_id_d3d208c0_fk_User_UserID" FOREIGN KEY (student_id) REFERENCES public."User"("UserID") DEFERRABLE INITIALLY DEFERRED;


--
-- Name: SCHEMA public; Type: ACL; Schema: -; Owner: postgres
--

REVOKE USAGE ON SCHEMA public FROM PUBLIC;


--
-- PostgreSQL database dump complete
--

\unrestrict YNRAFZdPhXqtLHVjdE0k9XqJs2jn83G3EpRZdrfSyhDepjffVjzSxBdb24Q4nVW

